date_log,user_id,query,location,clicked_hotel_id
2025-04-10T07:33:39,199,Lille,Lille,HOT-161
2024-12-28T18:27:23,495,Nantes,Nantes,HOT-028
2024-12-12T00:10:28,7,Bordeaux,Bordeaux,HOT-104
2025-04-30T03:29:30,318,Strasbourg,Strasbourg,HOT-116
2025-01-29T13:20:44,467,Toulouse,Toulouse,HOT-280
2025-01-23T16:53:41,379,Chamonix,Chamonix,HOT-101
2025-01-19T11:51:12,398,Nice,Nice,HOT-151
2025-01-03T05:54:35,230,Marseille,Marseille,HOT-039
2025-04-29T03:49:14,96,Marseille,Marseille,HOT-264
2024-12-27T01:16:41,62,Lille,Lille,HOT-021
2025-04-17T13:15:51,220,Bordeaux,Bordeaux,HOT-285
2025-04-29T23:22:40,136,Marseille,Marseille,HOT-083
2025-05-29T09:28:27,300,Bordeaux,Bordeaux,HOT-003
2025-03-23T01:12:30,170,Strasbourg,Strasbourg,HOT-080
2024-12-24T00:46:49,21,Marseille,Marseille,HOT-166
2025-03-31T19:30:38,306,Paris,Paris,HOT-155
2025-02-27T01:54:51,252,Chamonix,Chamonix,HOT-282
2024-12-13T07:44:02,184,Lyon,Lyon,HOT-163
2024-12-12T22:28:52,270,Nice,Nice,HOT-095
2024-12-25T08:16:03,267,Lyon,Lyon,HOT-259
2025-01-18T14:32:34,82,Lille,Lille,HOT-279
2025-01-21T07:53:40,275,Lille,Lille,HOT-048
2025-03-15T06:44:32,179,Nice,Nice,HOT-110
2025-04-03T01:13:36,340,Toulouse,Toulouse,HOT-170
2024-12-12T07:16:57,185,Bordeaux,Bordeaux,HOT-112
2025-03-26T03:12:27,487,Chamonix,Chamonix,HOT-272
2025-01-14T18:16:00,244,Nantes,Nantes,HOT-005
2025-04-25T04:30:33,59,Toulouse,Toulouse,HOT-229
2025-04-12T08:17:49,124,Chamonix,Chamonix,HOT-125
2025-04-22T08:01:38,491,Paris,Paris,HOT-165
2025-03-22T23:13:38,196,Lyon,Lyon,HOT-198
2025-02-26T14:43:12,132,Nantes,Nantes,HOT-145
2025-01-18T22:56:37,13,Nantes,Nantes,HOT-192
2025-03-04T09:04:55,264,Nantes,Nantes,HOT-229
2025-03-31T13:47:35,250,Paris,Paris,HOT-152
2025-01-30T04:04:43,460,Nice,Nice,HOT-165
2025-05-13T07:50:07,264,Lyon,Lyon,HOT-050
2025-05-24T22:50:57,86,Nantes,Nantes,HOT-274
2024-12-08T09:54:09,4,Lyon,Lyon,HOT-108
2025-05-03T11:54:53,344,Nice,Nice,HOT-218
2025-05-12T15:00:21,428,Lyon,Lyon,HOT-106
2025-01-07T03:40:56,276,Lille,Lille,HOT-037
2025-04-21T17:10:53,383,Marseille,Marseille,HOT-013
2025-02-27T05:08:31,236,Toulouse,Toulouse,HOT-020
2025-02-11T05:17:54,45,Lyon,Lyon,HOT-028
2025-01-30T02:35:25,92,Bordeaux,Bordeaux,HOT-286
2025-01-06T08:12:11,37,Chamonix,Chamonix,HOT-117
2025-01-17T23:03:03,467,Bordeaux,Bordeaux,HOT-209
2025-05-04T09:45:23,199,Strasbourg,Strasbourg,HOT-208
2025-02-10T12:15:37,222,Toulouse,Toulouse,HOT-009
2024-12-26T23:57:01,200,Lyon,Lyon,HOT-274
2024-12-25T03:50:35,4,Chamonix,Chamonix,HOT-033
2025-02-18T22:12:20,388,Chamonix,Chamonix,HOT-024
2024-12-25T22:20:49,359,Lyon,Lyon,HOT-184
2025-02-14T20:34:52,476,Nantes,Nantes,HOT-055
2025-05-20T17:13:34,149,Bordeaux,Bordeaux,HOT-045
2025-02-11T22:33:57,145,Strasbourg,Strasbourg,HOT-196
2025-04-03T09:11:00,203,Paris,Paris,HOT-243
2025-01-27T12:22:21,81,Nantes,Nantes,HOT-113
2025-05-12T21:06:23,70,Lille,Lille,HOT-280
2024-12-15T14:06:35,152,Marseille,Marseille,HOT-153
2025-04-27T20:24:45,347,Toulouse,Toulouse,HOT-006
2025-03-06T08:41:28,284,Nantes,Nantes,HOT-073
2025-03-21T06:37:12,64,Paris,Paris,HOT-003
2024-12-31T09:20:53,294,Chamonix,Chamonix,HOT-202
2025-06-04T05:49:26,276,Nantes,Nantes,HOT-044
2025-02-18T15:42:51,157,Nice,Nice,HOT-177
2024-12-22T10:51:05,109,Lille,Lille,HOT-263
2025-03-24T08:18:42,73,Marseille,Marseille,HOT-095
2025-02-02T01:55:33,114,Chamonix,Chamonix,HOT-130
2025-05-17T04:55:19,100,Lyon,Lyon,HOT-093
2025-04-08T05:17:23,344,Chamonix,Chamonix,HOT-028
2025-04-06T06:07:37,436,Nantes,Nantes,HOT-237
2025-05-28T02:07:13,331,Nantes,Nantes,HOT-038
2025-05-23T11:27:40,149,Lyon,Lyon,HOT-129
2025-02-15T08:57:26,51,Nice,Nice,HOT-298
2025-03-29T06:16:19,250,Toulouse,Toulouse,HOT-183
2025-01-13T11:44:45,66,Nice,Nice,HOT-052
2025-04-22T23:09:31,146,Chamonix,Chamonix,HOT-036
2024-12-20T15:45:59,461,Nice,Nice,HOT-163
2024-12-16T01:10:23,249,Strasbourg,Strasbourg,HOT-169
2025-04-14T13:19:35,316,Bordeaux,Bordeaux,HOT-079
2025-01-20T09:41:56,290,Chamonix,Chamonix,HOT-187
2025-05-06T06:22:32,414,Toulouse,Toulouse,HOT-220
2025-02-01T08:15:42,87,Paris,Paris,HOT-161
2024-12-22T15:28:25,127,Nice,Nice,HOT-224
2025-05-22T05:41:08,142,Toulouse,Toulouse,HOT-069
2025-01-21T08:30:00,348,Toulouse,Toulouse,HOT-246
2025-05-24T09:43:21,237,Strasbourg,Strasbourg,HOT-184
2024-12-26T18:19:00,397,Bordeaux,Bordeaux,HOT-250
2025-02-18T23:07:57,283,Lyon,Lyon,HOT-090
2025-01-30T03:04:01,331,Chamonix,Chamonix,HOT-042
2025-03-05T04:39:40,431,Bordeaux,Bordeaux,HOT-072
2025-04-09T14:07:13,457,Nantes,Nantes,HOT-101
2025-05-18T02:51:08,135,Lyon,Lyon,HOT-039
2025-02-15T23:51:26,457,Paris,Paris,HOT-260
2025-01-07T17:38:20,324,Paris,Paris,HOT-298
2025-02-17T00:47:04,297,Lille,Lille,HOT-109
2025-02-14T03:17:51,465,Paris,Paris,HOT-283
2025-01-16T19:59:22,134,Nantes,Nantes,HOT-277
2025-04-16T06:51:31,242,Marseille,Marseille,HOT-188
2025-01-27T23:49:22,201,Nice,Nice,HOT-149
2025-04-22T10:20:08,69,Strasbourg,Strasbourg,HOT-257
2025-06-07T00:44:34,262,Lyon,Lyon,HOT-204
2025-04-18T21:10:44,187,Nantes,Nantes,HOT-006
2025-04-11T23:40:47,340,Nice,Nice,HOT-085
2024-12-21T00:22:33,388,Nantes,Nantes,HOT-072
2025-04-04T10:22:20,229,Marseille,Marseille,HOT-092
2025-04-09T10:49:45,290,Chamonix,Chamonix,HOT-075
2025-01-09T09:10:48,377,Strasbourg,Strasbourg,HOT-184
2025-03-20T20:53:18,21,Nice,Nice,HOT-250
2025-04-27T17:35:35,119,Lyon,Lyon,HOT-136
2025-01-23T16:31:03,190,Nice,Nice,HOT-022
2025-01-07T21:07:36,343,Nice,Nice,HOT-266
2025-03-06T21:54:17,465,Toulouse,Toulouse,HOT-199
2025-02-18T20:00:23,241,Strasbourg,Strasbourg,HOT-024
2025-01-28T13:39:50,21,Toulouse,Toulouse,HOT-053
2025-06-04T20:15:05,361,Nantes,Nantes,HOT-141
2025-04-10T10:13:52,428,Bordeaux,Bordeaux,HOT-297
2025-04-19T18:40:59,279,Chamonix,Chamonix,HOT-090
2025-03-25T07:11:24,193,Lille,Lille,HOT-188
2025-01-18T19:05:49,301,Lyon,Lyon,HOT-265
2025-04-19T02:08:59,129,Lille,Lille,HOT-115
2025-02-08T02:52:59,265,Lille,Lille,HOT-181
2025-05-19T19:35:26,419,Toulouse,Toulouse,HOT-250
2025-05-05T08:13:00,406,Strasbourg,Strasbourg,HOT-004
2025-05-06T20:02:16,257,Marseille,Marseille,HOT-226
2024-12-18T00:18:21,85,Nice,Nice,HOT-040
2025-01-20T15:03:26,264,Bordeaux,Bordeaux,HOT-109
2025-05-15T17:29:37,77,Marseille,Marseille,HOT-081
2024-12-13T09:12:50,186,Chamonix,Chamonix,HOT-061
2025-05-12T11:24:05,339,Nice,Nice,HOT-213
2025-02-06T09:44:01,416,Toulouse,Toulouse,HOT-059
2025-02-23T01:10:46,247,Strasbourg,Strasbourg,HOT-246
2025-01-28T03:22:44,108,Chamonix,Chamonix,HOT-083
2024-12-20T00:04:38,332,Lille,Lille,HOT-012
2025-01-17T02:52:02,125,Paris,Paris,HOT-066
2025-06-02T11:08:19,294,Chamonix,Chamonix,HOT-083
2025-03-27T06:52:00,69,Nantes,Nantes,HOT-021
2025-05-26T07:47:06,457,Chamonix,Chamonix,HOT-076
2025-04-25T13:20:20,29,Marseille,Marseille,HOT-133
2025-02-06T06:07:16,473,Marseille,Marseille,HOT-265
2025-01-17T10:31:39,491,Lille,Lille,HOT-289
2025-04-13T10:10:54,327,Paris,Paris,HOT-146
2025-03-14T02:12:08,485,Lyon,Lyon,HOT-111
2025-02-21T23:23:39,230,Chamonix,Chamonix,HOT-242
2025-05-27T22:32:18,445,Strasbourg,Strasbourg,HOT-088
2025-06-02T17:43:00,113,Lille,Lille,HOT-074
2025-04-10T23:31:22,407,Chamonix,Chamonix,HOT-094
2025-03-06T06:01:14,320,Nantes,Nantes,HOT-136
2025-01-03T21:26:45,86,Toulouse,Toulouse,HOT-233
2025-01-27T14:02:49,306,Chamonix,Chamonix,HOT-036
2025-01-03T06:20:26,118,Lille,Lille,HOT-198
2025-01-24T00:59:00,68,Lyon,Lyon,HOT-009
2025-04-30T19:30:59,104,Nantes,Nantes,HOT-259
2025-03-26T03:46:52,351,Lille,Lille,HOT-077
2025-03-21T19:25:56,311,Lyon,Lyon,HOT-091
2025-01-27T04:04:50,244,Chamonix,Chamonix,HOT-020
2025-05-01T04:57:10,450,Nantes,Nantes,HOT-258
2025-03-30T15:59:03,386,Lyon,Lyon,HOT-048
2025-02-28T08:15:44,247,Marseille,Marseille,HOT-277
2025-05-30T11:46:26,424,Paris,Paris,HOT-221
2025-03-30T11:04:35,268,Lille,Lille,HOT-190
2025-02-22T16:57:26,448,Paris,Paris,HOT-272
2025-02-15T10:38:30,220,Nice,Nice,HOT-247
2025-01-18T17:43:29,405,Lille,Lille,HOT-180
2025-01-03T00:17:19,302,Chamonix,Chamonix,HOT-051
2025-03-16T02:10:50,218,Marseille,Marseille,HOT-131
2025-03-12T23:33:59,245,Nice,Nice,HOT-043
2024-12-24T19:17:04,146,Chamonix,Chamonix,HOT-279
2025-05-02T21:48:58,210,Bordeaux,Bordeaux,HOT-097
2024-12-16T07:11:39,3,Paris,Paris,HOT-296
2025-05-23T08:38:47,268,Lyon,Lyon,HOT-267
2024-12-28T10:37:05,4,Lille,Lille,HOT-106
2025-01-05T19:54:29,353,Toulouse,Toulouse,HOT-210
2025-04-07T23:43:35,186,Lyon,Lyon,HOT-080
2025-01-07T05:11:10,219,Chamonix,Chamonix,HOT-130
2025-05-09T22:58:24,134,Nantes,Nantes,HOT-217
2025-04-18T06:53:18,290,Toulouse,Toulouse,HOT-142
2025-02-27T03:01:26,349,Lille,Lille,HOT-105
2025-04-01T23:05:01,212,Nantes,Nantes,HOT-286
2024-12-19T11:40:36,248,Marseille,Marseille,HOT-190
2025-02-19T20:45:42,287,Nantes,Nantes,HOT-248
2025-02-19T06:05:27,130,Bordeaux,Bordeaux,HOT-296
2025-04-01T20:39:26,177,Lille,Lille,HOT-071
2025-03-08T00:53:12,438,Lyon,Lyon,HOT-118
2025-03-19T21:28:03,229,Marseille,Marseille,HOT-052
2025-01-24T23:17:26,110,Nantes,Nantes,HOT-206
2025-03-24T13:50:08,403,Toulouse,Toulouse,HOT-282
2025-05-23T07:08:24,315,Paris,Paris,HOT-083
2024-12-09T09:07:17,200,Paris,Paris,HOT-047
2025-04-18T05:57:59,422,Marseille,Marseille,HOT-242
2025-04-26T02:25:23,475,Chamonix,Chamonix,HOT-223
2024-12-29T09:27:57,46,Lyon,Lyon,HOT-135
2025-04-18T12:37:00,114,Toulouse,Toulouse,HOT-041
2025-05-27T23:01:44,312,Paris,Paris,HOT-197
2025-03-21T10:04:45,477,Lille,Lille,HOT-267
2025-05-01T22:57:37,147,Chamonix,Chamonix,HOT-030
2025-01-27T23:06:41,485,Marseille,Marseille,HOT-254
2025-05-05T09:32:44,225,Paris,Paris,HOT-104
2025-04-10T14:42:52,436,Nantes,Nantes,HOT-147
2025-02-11T04:56:55,100,Paris,Paris,HOT-262
2024-12-28T19:29:12,265,Nice,Nice,HOT-087
2025-02-02T03:25:33,346,Paris,Paris,HOT-185
2025-03-01T13:46:08,123,Paris,Paris,HOT-081
2025-01-06T20:41:04,45,Bordeaux,Bordeaux,HOT-205
2025-03-05T06:07:18,181,Lille,Lille,HOT-208
2024-12-07T18:44:25,301,Nice,Nice,HOT-266
2025-04-26T08:48:32,8,Lyon,Lyon,HOT-047
2025-05-26T05:23:11,282,Bordeaux,Bordeaux,HOT-287
2025-04-25T21:34:16,469,Chamonix,Chamonix,HOT-179
2025-01-27T07:05:52,178,Bordeaux,Bordeaux,HOT-116
2025-03-14T08:30:59,311,Nice,Nice,HOT-233
2025-05-04T02:37:02,477,Lille,Lille,HOT-295
2025-01-10T20:11:39,3,Bordeaux,Bordeaux,HOT-090
2025-03-15T17:35:03,209,Nantes,Nantes,HOT-055
2025-06-02T08:46:12,287,Lyon,Lyon,HOT-258
2024-12-27T19:31:35,151,Toulouse,Toulouse,HOT-060
2025-05-25T04:31:36,412,Nantes,Nantes,HOT-132
2025-04-07T13:43:34,449,Nantes,Nantes,HOT-295
2025-02-03T02:28:10,129,Strasbourg,Strasbourg,HOT-194
2025-05-19T14:04:46,289,Strasbourg,Strasbourg,HOT-125
2025-04-10T05:20:11,388,Toulouse,Toulouse,HOT-235
2025-03-15T17:29:47,349,Strasbourg,Strasbourg,HOT-015
2025-04-04T09:37:22,247,Lyon,Lyon,HOT-133
2025-01-14T18:36:32,35,Lille,Lille,HOT-113
2025-01-05T19:53:55,347,Nice,Nice,HOT-162
2025-02-17T18:10:51,212,Toulouse,Toulouse,HOT-265
2025-05-04T05:10:26,275,Paris,Paris,HOT-135
2025-01-07T12:29:21,128,Bordeaux,Bordeaux,HOT-048
2025-03-21T21:18:16,205,Toulouse,Toulouse,HOT-039
2025-05-07T08:16:42,284,Marseille,Marseille,HOT-244
2025-06-04T06:28:13,161,Toulouse,Toulouse,HOT-112
2025-03-20T03:14:36,458,Chamonix,Chamonix,HOT-138
2025-06-03T12:06:21,94,Nice,Nice,HOT-256
2024-12-07T06:16:52,378,Nice,Nice,HOT-121
2025-04-02T10:54:00,377,Nice,Nice,HOT-136
2025-02-08T02:17:34,106,Nice,Nice,HOT-104
2025-03-12T00:41:01,428,Nice,Nice,HOT-183
2024-12-10T22:23:03,80,Lyon,Lyon,HOT-062
2024-12-28T20:57:26,472,Lyon,Lyon,HOT-253
2025-06-05T13:31:46,315,Paris,Paris,HOT-278
2025-02-15T15:13:44,491,Paris,Paris,HOT-247
2025-05-26T18:45:24,191,Chamonix,Chamonix,HOT-162
2025-05-17T15:27:30,253,Chamonix,Chamonix,HOT-141
2025-05-12T19:27:33,252,Marseille,Marseille,HOT-262
2025-02-04T20:44:08,144,Lille,Lille,HOT-114
2025-01-22T15:32:41,385,Chamonix,Chamonix,HOT-066
2024-12-18T09:34:01,28,Nantes,Nantes,HOT-217
2025-01-22T22:09:32,245,Nantes,Nantes,HOT-017
2025-05-26T15:26:14,258,Toulouse,Toulouse,HOT-202
2025-03-27T07:41:27,441,Marseille,Marseille,HOT-235
2024-12-22T10:39:02,62,Nantes,Nantes,HOT-236
2024-12-23T18:47:24,162,Paris,Paris,HOT-007
2025-04-28T06:33:09,346,Nice,Nice,HOT-195
2025-03-11T12:29:44,298,Lyon,Lyon,HOT-167
2025-05-14T14:33:36,186,Chamonix,Chamonix,HOT-133
2024-12-20T14:10:11,96,Nantes,Nantes,HOT-135
2025-05-03T20:16:44,122,Bordeaux,Bordeaux,HOT-242
2025-03-20T14:12:24,491,Chamonix,Chamonix,HOT-176
2025-05-04T20:39:47,188,Marseille,Marseille,HOT-256
2024-12-31T13:42:09,218,Nice,Nice,HOT-215
2025-01-01T01:57:49,359,Toulouse,Toulouse,HOT-187
2025-04-14T06:16:40,438,Lille,Lille,HOT-144
2025-03-09T10:35:33,231,Marseille,Marseille,HOT-293
2025-03-23T21:53:11,68,Chamonix,Chamonix,HOT-118
2025-01-08T05:09:48,417,Lyon,Lyon,HOT-139
2025-01-27T14:52:10,412,Nice,Nice,HOT-285
2025-03-19T14:45:15,222,Lille,Lille,HOT-101
2025-05-25T13:26:55,75,Marseille,Marseille,HOT-243
2025-04-03T22:32:55,413,Paris,Paris,HOT-091
2025-02-27T07:34:54,216,Strasbourg,Strasbourg,HOT-069
2025-01-17T06:40:02,458,Nantes,Nantes,HOT-274
2025-06-05T12:40:00,369,Toulouse,Toulouse,HOT-250
2025-03-21T20:55:04,154,Bordeaux,Bordeaux,HOT-288
2025-05-02T19:24:25,440,Chamonix,Chamonix,HOT-025
2025-04-27T21:20:29,204,Lyon,Lyon,HOT-084
2025-04-20T02:37:56,31,Nice,Nice,HOT-131
2025-01-15T05:02:52,244,Lyon,Lyon,HOT-231
2025-04-24T14:11:56,382,Toulouse,Toulouse,HOT-134
2025-02-05T16:19:09,185,Toulouse,Toulouse,HOT-287
2025-02-22T15:03:17,286,Bordeaux,Bordeaux,HOT-177
2025-04-16T13:54:15,11,Lille,Lille,HOT-063
2025-04-12T08:16:02,180,Chamonix,Chamonix,HOT-102
2025-02-17T15:52:54,296,Chamonix,Chamonix,HOT-276
2025-03-02T05:18:37,90,Bordeaux,Bordeaux,HOT-182
2025-05-30T20:07:17,167,Nantes,Nantes,HOT-250
2025-03-17T15:41:39,397,Strasbourg,Strasbourg,HOT-041
2025-03-04T19:41:38,196,Chamonix,Chamonix,HOT-147
2024-12-30T15:32:11,238,Marseille,Marseille,HOT-086
2025-01-24T06:56:24,328,Toulouse,Toulouse,HOT-216
2025-01-19T18:46:53,324,Chamonix,Chamonix,HOT-293
2024-12-19T13:59:54,208,Lyon,Lyon,HOT-041
2025-02-10T19:12:32,83,Toulouse,Toulouse,HOT-117
2024-12-11T05:38:34,161,Toulouse,Toulouse,HOT-150
2025-03-31T09:20:00,364,Bordeaux,Bordeaux,HOT-203
2025-03-24T17:04:39,139,Strasbourg,Strasbourg,HOT-186
2025-01-20T20:01:42,383,Chamonix,Chamonix,HOT-267
2025-03-31T09:56:44,495,Strasbourg,Strasbourg,HOT-212
2025-01-18T21:54:12,86,Marseille,Marseille,HOT-012
2024-12-08T13:07:40,65,Nice,Nice,HOT-129
2024-12-20T22:28:04,482,Lyon,Lyon,HOT-108
2025-04-23T14:23:38,86,Lille,Lille,HOT-053
2025-04-08T16:46:08,49,Lyon,Lyon,HOT-243
2024-12-18T13:59:15,281,Paris,Paris,HOT-014
2025-01-20T14:33:43,395,Lille,Lille,HOT-269
2024-12-20T05:43:27,392,Lyon,Lyon,HOT-054
2025-05-31T23:10:45,135,Chamonix,Chamonix,HOT-080
2024-12-13T06:00:39,44,Lille,Lille,HOT-159
2025-05-23T01:48:26,118,Nice,Nice,HOT-146
2025-02-09T07:31:28,227,Marseille,Marseille,HOT-068
2024-12-20T21:50:07,270,Marseille,Marseille,HOT-015
2025-03-16T23:45:26,18,Toulouse,Toulouse,HOT-167
2025-01-22T08:47:53,443,Strasbourg,Strasbourg,HOT-240
2025-01-30T05:24:51,446,Nantes,Nantes,HOT-140
2025-04-16T01:16:42,281,Strasbourg,Strasbourg,HOT-070
2025-03-11T09:48:41,497,Nantes,Nantes,HOT-091
2025-01-17T18:01:55,303,Chamonix,Chamonix,HOT-234
2025-03-21T20:37:42,324,Chamonix,Chamonix,HOT-223
2025-01-01T20:14:02,269,Nantes,Nantes,HOT-159
2025-04-26T14:41:00,466,Toulouse,Toulouse,HOT-247
2025-06-06T19:25:42,277,Nice,Nice,HOT-046
2025-05-27T11:49:09,227,Bordeaux,Bordeaux,HOT-188
2025-03-28T00:52:11,212,Bordeaux,Bordeaux,HOT-080
2025-03-29T00:57:25,156,Paris,Paris,HOT-001
2025-03-08T22:25:21,268,Marseille,Marseille,HOT-177
2025-01-23T08:03:55,147,Strasbourg,Strasbourg,HOT-274
2025-05-08T12:12:27,5,Strasbourg,Strasbourg,HOT-245
2025-03-08T23:49:47,154,Paris,Paris,HOT-221
2025-05-12T22:49:29,409,Bordeaux,Bordeaux,HOT-119
2025-02-24T04:39:10,408,Paris,Paris,HOT-281
2025-01-13T02:59:26,192,Nice,Nice,HOT-211
2024-12-25T11:12:22,452,Nantes,Nantes,HOT-224
2024-12-25T23:20:47,203,Nice,Nice,HOT-084
2025-04-14T02:41:53,367,Lille,Lille,HOT-194
2025-02-28T20:27:36,113,Bordeaux,Bordeaux,HOT-041
2025-02-13T22:45:44,217,Nice,Nice,HOT-265
2025-02-27T09:38:08,392,Chamonix,Chamonix,HOT-140
2025-02-24T23:29:29,146,Nantes,Nantes,HOT-138
2025-03-07T20:06:31,212,Nice,Nice,HOT-036
2025-05-23T21:23:13,94,Marseille,Marseille,HOT-149
2025-04-27T17:21:21,57,Strasbourg,Strasbourg,HOT-232
2024-12-17T16:04:19,140,Chamonix,Chamonix,HOT-252
2025-04-16T21:43:20,97,Toulouse,Toulouse,HOT-010
2025-04-13T00:56:21,78,Paris,Paris,HOT-274
2025-04-11T15:01:55,12,Marseille,Marseille,HOT-053
2024-12-26T06:16:35,145,Bordeaux,Bordeaux,HOT-065
2024-12-18T22:05:29,367,Strasbourg,Strasbourg,HOT-005
2025-02-23T07:58:02,120,Lyon,Lyon,HOT-078
2025-04-27T13:20:14,8,Strasbourg,Strasbourg,HOT-112
2025-02-11T00:52:51,176,Lille,Lille,HOT-160
2025-05-11T14:38:51,403,Strasbourg,Strasbourg,HOT-191
2025-05-23T11:18:04,238,Paris,Paris,HOT-170
2024-12-28T08:50:48,42,Marseille,Marseille,HOT-029
2025-01-24T10:26:19,137,Lille,Lille,HOT-037
2025-01-13T08:29:26,279,Strasbourg,Strasbourg,HOT-093
2025-01-13T02:03:13,99,Bordeaux,Bordeaux,HOT-196
2025-03-21T06:53:19,425,Paris,Paris,HOT-063
2025-03-04T06:18:24,499,Nice,Nice,HOT-198
2025-01-03T08:54:46,395,Strasbourg,Strasbourg,HOT-127
2025-02-27T01:43:37,378,Paris,Paris,HOT-102
2025-01-11T18:43:56,236,Lyon,Lyon,HOT-267
2025-01-30T05:43:50,341,Nice,Nice,HOT-243
2025-03-06T23:37:09,200,Bordeaux,Bordeaux,HOT-166
2025-01-24T15:47:54,82,Paris,Paris,HOT-282
2025-05-25T23:00:57,267,Lyon,Lyon,HOT-130
2025-06-04T10:20:44,247,Bordeaux,Bordeaux,HOT-102
2024-12-21T18:56:06,185,Paris,Paris,HOT-112
2025-03-03T04:45:18,499,Lyon,Lyon,HOT-121
2025-05-13T01:16:21,325,Lille,Lille,HOT-167
2025-05-23T09:47:37,8,Marseille,Marseille,HOT-142
2025-05-22T08:42:39,300,Lyon,Lyon,HOT-203
2025-03-24T00:19:04,405,Nice,Nice,HOT-005
2024-12-26T03:54:13,497,Paris,Paris,HOT-298
2024-12-16T23:22:29,402,Strasbourg,Strasbourg,HOT-080
2025-04-12T18:49:53,191,Lyon,Lyon,HOT-128
2025-03-22T02:56:18,81,Strasbourg,Strasbourg,HOT-047
2025-05-18T11:47:13,352,Chamonix,Chamonix,HOT-174
2024-12-10T00:23:33,477,Paris,Paris,HOT-031
2024-12-25T06:15:07,183,Marseille,Marseille,HOT-275
2025-06-05T00:47:56,406,Lyon,Lyon,HOT-065
2025-05-02T11:29:09,250,Nice,Nice,HOT-163
2025-05-20T22:49:29,286,Toulouse,Toulouse,HOT-225
2025-01-22T01:13:27,376,Nice,Nice,HOT-011
2025-01-08T10:40:55,353,Lille,Lille,HOT-184
2025-02-24T01:38:34,371,Marseille,Marseille,HOT-129
2025-03-11T10:52:04,461,Paris,Paris,HOT-249
2025-03-10T14:54:32,362,Strasbourg,Strasbourg,HOT-287
2025-01-17T15:45:02,151,Nantes,Nantes,HOT-251
2025-05-24T01:10:44,98,Chamonix,Chamonix,HOT-096
2025-02-23T00:35:57,279,Toulouse,Toulouse,HOT-166
2025-05-31T09:18:16,375,Strasbourg,Strasbourg,HOT-141
2024-12-18T12:52:36,445,Chamonix,Chamonix,HOT-284
2025-01-08T02:52:50,83,Lyon,Lyon,HOT-272
2025-02-18T17:45:31,80,Strasbourg,Strasbourg,HOT-152
2024-12-07T13:39:39,420,Bordeaux,Bordeaux,HOT-278
2025-02-20T23:06:48,188,Strasbourg,Strasbourg,HOT-001
2025-01-27T15:33:06,398,Nantes,Nantes,HOT-195
2025-06-05T01:30:11,376,Marseille,Marseille,HOT-010
2025-05-08T09:38:59,318,Toulouse,Toulouse,HOT-123
2025-05-08T14:35:02,165,Lyon,Lyon,HOT-276
2025-03-05T12:06:31,420,Lille,Lille,HOT-098
2025-01-31T12:58:25,269,Strasbourg,Strasbourg,HOT-283
2025-02-27T06:58:25,79,Chamonix,Chamonix,HOT-145
2025-04-21T09:58:04,166,Lille,Lille,HOT-165
2025-04-28T00:01:03,57,Lyon,Lyon,HOT-268
2025-05-08T06:20:43,338,Lyon,Lyon,HOT-023
2025-03-25T01:41:03,428,Marseille,Marseille,HOT-092
2025-04-14T16:09:35,448,Paris,Paris,HOT-104
2025-04-25T15:38:28,55,Strasbourg,Strasbourg,HOT-099
2025-03-11T15:40:09,51,Paris,Paris,HOT-293
2025-01-06T05:01:17,329,Lille,Lille,HOT-251
2025-01-13T00:36:15,270,Chamonix,Chamonix,HOT-132
2025-02-02T18:22:29,26,Toulouse,Toulouse,HOT-114
2025-01-18T10:10:32,311,Lyon,Lyon,HOT-007
2024-12-18T12:10:04,477,Nice,Nice,HOT-252
2025-03-29T14:47:30,476,Lyon,Lyon,HOT-240
2025-04-29T00:23:59,411,Paris,Paris,HOT-185
2025-03-22T10:25:44,286,Lille,Lille,HOT-189
2024-12-18T23:41:56,407,Paris,Paris,HOT-137
2025-05-01T09:26:05,271,Paris,Paris,HOT-037
2025-02-06T01:07:13,428,Bordeaux,Bordeaux,HOT-040
2024-12-18T06:01:32,484,Nice,Nice,HOT-266
2024-12-16T21:17:46,50,Lyon,Lyon,HOT-119
2025-03-30T14:04:51,273,Lille,Lille,HOT-098
2025-03-09T17:36:41,99,Nantes,Nantes,HOT-128
2025-03-14T19:04:07,292,Marseille,Marseille,HOT-286
2025-06-03T16:16:14,384,Nantes,Nantes,HOT-213
2025-05-21T17:34:43,383,Lyon,Lyon,HOT-296
2025-03-20T06:50:35,184,Strasbourg,Strasbourg,HOT-219
2025-01-06T17:18:20,453,Lyon,Lyon,HOT-086
2024-12-18T04:41:38,406,Marseille,Marseille,HOT-282
2025-03-15T18:16:06,206,Nantes,Nantes,HOT-173
2024-12-22T16:57:45,337,Marseille,Marseille,HOT-274
2025-05-21T11:09:35,308,Strasbourg,Strasbourg,HOT-181
2025-01-12T05:37:23,463,Toulouse,Toulouse,HOT-282
2024-12-20T10:56:55,167,Toulouse,Toulouse,HOT-212
2025-04-01T16:40:50,392,Lille,Lille,HOT-166
2024-12-20T08:20:12,312,Nice,Nice,HOT-289
2025-04-17T06:20:04,280,Nice,Nice,HOT-193
2025-05-23T11:59:04,393,Nantes,Nantes,HOT-131
2025-01-21T19:44:44,185,Strasbourg,Strasbourg,HOT-230
2025-02-23T13:20:47,492,Lille,Lille,HOT-001
2024-12-30T10:19:41,372,Paris,Paris,HOT-146
2025-05-29T00:39:20,306,Paris,Paris,HOT-266
2025-03-27T18:29:45,70,Bordeaux,Bordeaux,HOT-004
2025-01-23T23:03:46,154,Nice,Nice,HOT-110
2025-03-29T13:34:28,439,Toulouse,Toulouse,HOT-012
2025-04-01T14:16:34,396,Bordeaux,Bordeaux,HOT-284
2024-12-14T20:49:32,262,Nantes,Nantes,HOT-293
2025-04-06T10:08:35,475,Chamonix,Chamonix,HOT-080
2024-12-23T01:41:11,49,Paris,Paris,HOT-236
2025-02-26T13:20:44,183,Marseille,Marseille,HOT-071
2025-04-13T19:11:49,136,Toulouse,Toulouse,HOT-299
2025-03-30T11:43:34,128,Nice,Nice,HOT-132
2025-03-26T21:45:52,416,Bordeaux,Bordeaux,HOT-048
2025-03-18T15:57:36,293,Lille,Lille,HOT-292
2025-02-06T14:00:23,470,Nice,Nice,HOT-040
2025-06-06T15:39:46,371,Toulouse,Toulouse,HOT-248
2025-01-26T18:52:20,89,Strasbourg,Strasbourg,HOT-296
2025-01-15T19:31:58,420,Lyon,Lyon,HOT-154
2025-04-16T04:45:55,20,Chamonix,Chamonix,HOT-196
2025-04-25T05:18:42,41,Paris,Paris,HOT-172
2025-02-06T03:49:08,179,Lille,Lille,HOT-214
2025-01-22T11:58:23,477,Lyon,Lyon,HOT-117
2025-01-27T17:28:10,383,Chamonix,Chamonix,HOT-006
2025-02-22T00:06:42,325,Lille,Lille,HOT-028
2025-01-01T13:33:11,157,Nantes,Nantes,HOT-022
2025-04-16T13:55:09,164,Nantes,Nantes,HOT-290
2025-04-11T11:52:04,77,Toulouse,Toulouse,HOT-258
2025-02-03T09:42:13,358,Nice,Nice,HOT-079
2025-03-05T22:26:13,26,Lille,Lille,HOT-229
2025-02-06T13:06:31,386,Chamonix,Chamonix,HOT-295
2025-06-05T13:09:19,259,Lyon,Lyon,HOT-114
2025-05-02T03:33:30,222,Bordeaux,Bordeaux,HOT-202
2025-06-06T20:27:14,76,Marseille,Marseille,HOT-173
2024-12-21T05:41:29,43,Strasbourg,Strasbourg,HOT-293
2024-12-08T23:01:45,382,Paris,Paris,HOT-281
2025-03-06T03:22:53,205,Bordeaux,Bordeaux,HOT-044
2025-04-06T18:25:40,205,Nantes,Nantes,HOT-223
2025-03-26T11:21:23,397,Marseille,Marseille,HOT-070
2024-12-26T13:33:45,247,Nantes,Nantes,HOT-102
2024-12-21T09:02:08,250,Lille,Lille,HOT-293
2025-03-21T13:10:26,101,Nantes,Nantes,HOT-269
2025-01-17T12:59:13,127,Nice,Nice,HOT-037
2025-03-15T09:12:34,137,Lille,Lille,HOT-166
2025-01-27T15:32:22,351,Chamonix,Chamonix,HOT-046
2025-01-01T20:54:30,58,Lille,Lille,HOT-217
2025-06-06T08:55:12,188,Toulouse,Toulouse,HOT-098
2025-02-12T22:06:54,165,Toulouse,Toulouse,HOT-013
2025-05-27T04:44:26,395,Bordeaux,Bordeaux,HOT-087
2024-12-20T12:12:24,180,Chamonix,Chamonix,HOT-227
2025-05-26T21:18:44,320,Marseille,Marseille,HOT-226
2025-01-23T14:03:50,23,Nice,Nice,HOT-103
2025-02-16T21:44:13,351,Toulouse,Toulouse,HOT-080
2025-01-31T11:45:13,388,Lyon,Lyon,HOT-058
2025-01-06T18:46:10,379,Paris,Paris,HOT-125
2025-03-02T05:42:15,486,Chamonix,Chamonix,HOT-076
2025-05-18T01:08:57,445,Bordeaux,Bordeaux,HOT-008
2025-03-22T15:11:43,176,Lyon,Lyon,HOT-157
2025-04-22T18:20:59,231,Strasbourg,Strasbourg,HOT-012
2025-02-03T21:26:53,170,Nice,Nice,HOT-276
2025-04-04T22:14:27,109,Nice,Nice,HOT-280
2025-05-12T20:58:28,268,Bordeaux,Bordeaux,HOT-281
2025-04-13T03:21:59,248,Chamonix,Chamonix,HOT-073
2025-03-19T20:39:30,356,Paris,Paris,HOT-193
2024-12-08T16:04:27,299,Nantes,Nantes,HOT-023
2025-04-15T20:05:03,131,Marseille,Marseille,HOT-031
2025-05-14T19:35:50,146,Nice,Nice,HOT-139
2025-03-24T20:15:00,28,Strasbourg,Strasbourg,HOT-005
2025-02-03T06:49:19,35,Lille,Lille,HOT-139
2025-06-06T01:54:50,340,Toulouse,Toulouse,HOT-056
2025-04-14T23:13:53,10,Bordeaux,Bordeaux,HOT-198
2024-12-27T06:21:51,119,Lille,Lille,HOT-261
2025-06-07T11:20:49,364,Lyon,Lyon,HOT-162
2025-05-26T15:59:03,249,Chamonix,Chamonix,HOT-273
2025-01-02T05:27:29,46,Marseille,Marseille,HOT-102
2025-01-27T12:06:59,257,Strasbourg,Strasbourg,HOT-288
2024-12-29T13:33:09,475,Paris,Paris,HOT-021
2025-05-28T21:58:40,127,Nantes,Nantes,HOT-157
2024-12-27T22:26:23,171,Strasbourg,Strasbourg,HOT-202
2025-04-30T07:31:43,382,Marseille,Marseille,HOT-010
2025-03-24T13:49:30,178,Toulouse,Toulouse,HOT-182
2025-01-06T08:03:21,321,Bordeaux,Bordeaux,HOT-121
2025-01-29T00:51:02,257,Bordeaux,Bordeaux,HOT-032
2025-01-30T20:41:43,321,Bordeaux,Bordeaux,HOT-199
2025-04-03T14:19:38,456,Paris,Paris,HOT-285
2025-01-17T01:13:17,486,Bordeaux,Bordeaux,HOT-116
2025-04-25T11:55:52,78,Toulouse,Toulouse,HOT-202
2025-02-11T17:33:14,337,Marseille,Marseille,HOT-045
2025-01-15T16:26:54,374,Lille,Lille,HOT-267
2025-04-19T15:35:05,492,Chamonix,Chamonix,HOT-117
2025-04-09T07:22:45,214,Nice,Nice,HOT-294
2025-05-21T18:28:40,79,Lille,Lille,HOT-160
2025-01-27T09:52:12,466,Chamonix,Chamonix,HOT-169
2025-03-15T06:59:34,230,Nantes,Nantes,HOT-068
2025-03-12T00:20:22,106,Marseille,Marseille,HOT-298
2025-01-24T21:55:33,278,Nice,Nice,HOT-071
2025-05-31T22:47:23,159,Nantes,Nantes,HOT-070
2025-06-01T11:56:38,221,Marseille,Marseille,HOT-290
2025-05-20T10:44:42,470,Marseille,Marseille,HOT-163
2024-12-17T00:21:22,35,Nantes,Nantes,HOT-273
2024-12-25T01:45:29,486,Lyon,Lyon,HOT-095
2025-04-09T07:35:45,163,Marseille,Marseille,HOT-016
2025-02-27T09:37:20,392,Toulouse,Toulouse,HOT-212
2025-05-17T04:39:30,493,Lille,Lille,HOT-156
2025-01-29T21:02:21,227,Bordeaux,Bordeaux,HOT-078
2024-12-15T17:04:31,399,Nice,Nice,HOT-055
2024-12-07T20:08:24,68,Marseille,Marseille,HOT-014
2025-02-09T22:06:08,391,Chamonix,Chamonix,HOT-137
2025-05-05T21:17:31,311,Chamonix,Chamonix,HOT-119
2025-01-01T13:16:47,306,Nice,Nice,HOT-119
2025-04-09T20:46:46,352,Paris,Paris,HOT-184
2025-01-27T00:24:58,41,Strasbourg,Strasbourg,HOT-069
2025-01-07T12:38:33,258,Chamonix,Chamonix,HOT-241
2025-04-30T02:00:09,365,Toulouse,Toulouse,HOT-095
2025-03-02T22:43:07,437,Lille,Lille,HOT-252
2025-03-24T06:37:59,243,Marseille,Marseille,HOT-084
2025-04-23T04:15:53,99,Nice,Nice,HOT-017
2025-02-28T04:46:53,210,Paris,Paris,HOT-139
2025-03-26T01:37:53,487,Lille,Lille,HOT-114
2024-12-09T00:40:48,381,Nice,Nice,HOT-105
2024-12-28T20:59:10,34,Marseille,Marseille,HOT-225
2024-12-21T18:16:40,444,Chamonix,Chamonix,HOT-251
2025-05-27T15:11:24,353,Toulouse,Toulouse,HOT-235
2025-04-20T08:00:03,455,Nice,Nice,HOT-219
2025-05-31T16:13:42,208,Paris,Paris,HOT-195
2025-01-05T02:15:33,369,Toulouse,Toulouse,HOT-202
2025-03-23T02:15:04,314,Chamonix,Chamonix,HOT-275
2024-12-14T03:31:09,269,Paris,Paris,HOT-267
2025-05-18T05:06:38,56,Strasbourg,Strasbourg,HOT-234
2025-02-16T20:17:14,424,Paris,Paris,HOT-126
2025-03-30T06:18:26,266,Nantes,Nantes,HOT-203
2025-03-24T10:34:10,377,Paris,Paris,HOT-286
2025-01-04T21:46:59,199,Nantes,Nantes,HOT-026
2025-02-28T14:34:02,98,Bordeaux,Bordeaux,HOT-226
2024-12-31T21:33:19,204,Bordeaux,Bordeaux,HOT-147
2024-12-15T06:33:09,237,Marseille,Marseille,HOT-217
2025-02-05T00:12:14,151,Chamonix,Chamonix,HOT-028
2025-02-15T23:00:55,354,Nantes,Nantes,HOT-073
2025-05-30T17:10:24,238,Strasbourg,Strasbourg,HOT-047
2025-06-06T08:07:17,370,Nantes,Nantes,HOT-058
2025-05-10T17:48:53,93,Chamonix,Chamonix,HOT-280
2025-05-23T06:46:51,70,Lille,Lille,HOT-212
2024-12-14T21:32:22,166,Strasbourg,Strasbourg,HOT-013
2025-05-30T16:54:30,92,Strasbourg,Strasbourg,HOT-104
2025-02-14T15:07:40,452,Strasbourg,Strasbourg,HOT-047
2025-01-16T22:38:37,129,Toulouse,Toulouse,HOT-084
2025-04-18T14:16:38,368,Lyon,Lyon,HOT-047
2025-01-24T14:30:32,59,Strasbourg,Strasbourg,HOT-186
2025-04-15T15:45:03,44,Nantes,Nantes,HOT-197
2024-12-27T02:40:08,373,Nantes,Nantes,HOT-082
2025-02-13T19:52:40,194,Nantes,Nantes,HOT-195
2025-05-07T15:13:16,23,Marseille,Marseille,HOT-172
2025-03-25T20:51:44,290,Marseille,Marseille,HOT-084
2025-05-27T19:58:56,445,Marseille,Marseille,HOT-092
2025-05-26T00:04:22,394,Paris,Paris,HOT-215
2025-02-24T01:28:19,158,Bordeaux,Bordeaux,HOT-229
2025-04-06T16:06:30,148,Marseille,Marseille,HOT-061
2025-05-01T16:26:05,461,Marseille,Marseille,HOT-104
2025-01-06T03:53:12,2,Chamonix,Chamonix,HOT-130
2025-06-04T21:59:17,7,Strasbourg,Strasbourg,HOT-255
2025-06-05T17:10:32,438,Strasbourg,Strasbourg,HOT-279
2025-01-22T02:53:31,414,Paris,Paris,HOT-253
2025-05-24T00:58:14,122,Nice,Nice,HOT-244
2025-01-07T16:55:45,233,Lille,Lille,HOT-227
2025-05-11T11:21:35,41,Chamonix,Chamonix,HOT-004
2025-05-13T14:05:10,126,Nantes,Nantes,HOT-143
2025-01-10T12:44:23,318,Nantes,Nantes,HOT-107
2025-05-27T07:18:48,26,Marseille,Marseille,HOT-076
2025-02-25T05:02:50,29,Toulouse,Toulouse,HOT-019
2024-12-11T23:07:44,75,Paris,Paris,HOT-296
2025-01-10T23:29:50,430,Chamonix,Chamonix,HOT-153
2025-04-29T04:15:19,170,Lyon,Lyon,HOT-026
2025-06-04T16:02:21,56,Lille,Lille,HOT-092
2025-02-09T15:42:45,83,Bordeaux,Bordeaux,HOT-294
2025-05-08T01:48:05,404,Nantes,Nantes,HOT-091
2025-06-05T21:31:57,495,Strasbourg,Strasbourg,HOT-297
2025-02-25T02:20:18,185,Paris,Paris,HOT-048
2025-05-11T22:18:10,394,Bordeaux,Bordeaux,HOT-166
2025-04-16T05:36:34,189,Lille,Lille,HOT-035
2025-05-23T22:26:46,389,Lille,Lille,HOT-282
2025-04-28T21:13:57,34,Bordeaux,Bordeaux,HOT-242
2025-05-13T13:58:54,69,Lyon,Lyon,HOT-141
2025-01-24T08:09:33,169,Nantes,Nantes,HOT-212
2025-01-27T23:01:15,269,Nice,Nice,HOT-108
2025-01-07T01:31:54,314,Paris,Paris,HOT-056
2025-05-09T01:02:50,293,Nantes,Nantes,HOT-045
2025-04-22T07:48:33,248,Chamonix,Chamonix,HOT-148
2024-12-28T03:22:41,219,Chamonix,Chamonix,HOT-163
2025-02-19T10:23:23,133,Nantes,Nantes,HOT-295
2025-05-25T12:12:28,320,Toulouse,Toulouse,HOT-067
2024-12-14T16:05:09,315,Chamonix,Chamonix,HOT-255
2025-05-22T20:57:02,267,Strasbourg,Strasbourg,HOT-253
2025-03-08T13:11:26,414,Marseille,Marseille,HOT-120
2025-01-19T08:13:56,363,Bordeaux,Bordeaux,HOT-100
2025-01-14T21:41:34,1,Lyon,Lyon,HOT-013
2025-05-14T17:11:07,239,Lyon,Lyon,HOT-107
2025-06-03T11:54:43,410,Chamonix,Chamonix,HOT-213
2025-03-06T12:47:04,212,Paris,Paris,HOT-171
2025-02-13T01:08:32,180,Nantes,Nantes,HOT-109
2025-02-04T09:54:31,6,Nice,Nice,HOT-145
2025-05-15T11:35:34,131,Lyon,Lyon,HOT-158
2025-05-10T14:11:41,154,Nantes,Nantes,HOT-282
2025-05-25T08:16:32,166,Paris,Paris,HOT-059
2025-01-20T08:17:16,352,Toulouse,Toulouse,HOT-175
2025-01-19T10:30:54,203,Chamonix,Chamonix,HOT-015
2024-12-11T17:54:01,427,Marseille,Marseille,HOT-100
2025-04-14T07:35:37,170,Toulouse,Toulouse,HOT-246
2025-01-13T15:39:58,470,Strasbourg,Strasbourg,HOT-019
2025-02-22T12:36:07,331,Marseille,Marseille,HOT-247
2025-02-08T21:25:39,80,Strasbourg,Strasbourg,HOT-275
2025-01-30T06:00:01,459,Toulouse,Toulouse,HOT-237
2025-05-23T23:47:34,402,Lille,Lille,HOT-029
2024-12-20T15:08:24,428,Nantes,Nantes,HOT-154
2025-05-06T07:34:46,290,Toulouse,Toulouse,HOT-285
2025-01-30T08:25:58,275,Paris,Paris,HOT-107
2025-02-13T08:04:32,296,Toulouse,Toulouse,HOT-182
2025-04-10T17:08:15,34,Marseille,Marseille,HOT-144
2025-03-16T01:37:07,431,Paris,Paris,HOT-174
2025-02-22T18:15:08,193,Nantes,Nantes,HOT-085
2025-04-18T02:24:00,293,Chamonix,Chamonix,HOT-200
2025-05-19T23:21:43,96,Chamonix,Chamonix,HOT-060
2025-03-21T06:33:45,443,Bordeaux,Bordeaux,HOT-162
2025-02-09T10:53:10,364,Paris,Paris,HOT-140
2025-06-07T12:46:42,212,Lyon,Lyon,HOT-255
2024-12-12T12:14:38,450,Nice,Nice,HOT-191
2024-12-29T13:08:51,232,Bordeaux,Bordeaux,HOT-111
2025-05-26T10:54:40,269,Bordeaux,Bordeaux,HOT-090
2025-01-26T20:58:01,58,Toulouse,Toulouse,HOT-020
2025-01-10T19:48:08,399,Nice,Nice,HOT-048
2025-03-29T21:21:37,228,Nantes,Nantes,HOT-013
2025-01-27T16:46:44,410,Strasbourg,Strasbourg,HOT-257
2024-12-14T13:54:27,79,Nice,Nice,HOT-175
2024-12-28T04:48:30,473,Strasbourg,Strasbourg,HOT-269
2025-04-01T23:50:22,159,Toulouse,Toulouse,HOT-074
2025-03-01T12:49:48,394,Lyon,Lyon,HOT-265
2025-02-12T06:38:05,347,Marseille,Marseille,HOT-106
2025-04-27T14:52:55,371,Paris,Paris,HOT-236
2025-05-08T20:38:13,199,Nantes,Nantes,HOT-060
2025-02-06T01:27:30,3,Bordeaux,Bordeaux,HOT-023
2025-03-01T21:21:32,352,Chamonix,Chamonix,HOT-045
2025-04-03T20:45:14,171,Strasbourg,Strasbourg,HOT-024
2025-03-16T11:01:13,53,Nantes,Nantes,HOT-160
2024-12-29T14:33:52,12,Chamonix,Chamonix,HOT-160
2025-02-19T22:45:24,328,Nice,Nice,HOT-165
2025-05-30T19:36:43,103,Nice,Nice,HOT-147
2025-03-29T02:42:40,142,Nantes,Nantes,HOT-164
2025-01-13T01:26:50,396,Strasbourg,Strasbourg,HOT-061
2025-01-25T14:42:32,140,Marseille,Marseille,HOT-081
2024-12-15T18:28:20,141,Lyon,Lyon,HOT-008
2025-04-23T18:47:41,491,Chamonix,Chamonix,HOT-287
2025-03-01T19:47:29,264,Lyon,Lyon,HOT-106
2024-12-07T11:29:52,278,Toulouse,Toulouse,HOT-282
2025-03-18T02:37:13,164,Bordeaux,Bordeaux,HOT-073
2025-06-04T21:06:32,483,Bordeaux,Bordeaux,HOT-294
2025-05-12T18:13:45,126,Marseille,Marseille,HOT-037
2025-03-21T16:59:03,160,Chamonix,Chamonix,HOT-174
2025-04-19T12:36:08,277,Strasbourg,Strasbourg,HOT-026
2025-04-25T20:24:10,67,Paris,Paris,HOT-242
2025-04-30T05:21:14,463,Paris,Paris,HOT-055
2025-04-29T06:27:38,197,Paris,Paris,HOT-045
2025-04-16T08:58:17,219,Lille,Lille,HOT-092
2025-01-14T09:51:58,361,Chamonix,Chamonix,HOT-229
2025-02-15T21:00:40,316,Toulouse,Toulouse,HOT-160
2025-02-28T21:36:27,171,Nice,Nice,HOT-274
2024-12-20T17:43:03,41,Strasbourg,Strasbourg,HOT-291
2025-04-15T03:11:17,68,Lyon,Lyon,HOT-240
2025-06-03T22:43:09,50,Strasbourg,Strasbourg,HOT-159
2025-02-09T06:27:35,351,Strasbourg,Strasbourg,HOT-241
2025-04-07T03:43:50,119,Nice,Nice,HOT-074
2025-02-06T02:34:08,441,Chamonix,Chamonix,HOT-133
2025-04-14T23:13:32,468,Toulouse,Toulouse,HOT-201
2025-05-20T19:39:13,94,Toulouse,Toulouse,HOT-167
2024-12-31T08:24:43,233,Strasbourg,Strasbourg,HOT-016
2025-04-25T21:54:50,34,Strasbourg,Strasbourg,HOT-058
2025-05-30T22:08:18,180,Strasbourg,Strasbourg,HOT-237
2025-02-03T11:13:09,434,Marseille,Marseille,HOT-145
2025-03-15T14:58:41,394,Toulouse,Toulouse,HOT-295
2025-02-05T04:59:13,66,Nantes,Nantes,HOT-053
2025-04-15T15:33:44,208,Lyon,Lyon,HOT-167
2025-02-24T10:51:54,285,Lyon,Lyon,HOT-155
2025-02-08T11:44:19,273,Strasbourg,Strasbourg,HOT-206
2025-02-23T06:56:16,303,Lille,Lille,HOT-123
2025-04-21T12:50:34,318,Nice,Nice,HOT-281
2025-02-02T13:28:09,82,Strasbourg,Strasbourg,HOT-197
2025-03-24T19:21:55,34,Toulouse,Toulouse,HOT-107
2024-12-31T20:49:12,417,Chamonix,Chamonix,HOT-221
2025-01-13T09:39:20,402,Lille,Lille,HOT-291
2025-02-26T19:02:16,404,Toulouse,Toulouse,HOT-279
2025-04-15T06:24:42,356,Nice,Nice,HOT-089
2025-02-18T18:33:40,340,Lyon,Lyon,HOT-294
2025-04-17T16:08:47,429,Strasbourg,Strasbourg,HOT-059
2025-05-01T10:10:33,304,Chamonix,Chamonix,HOT-238
2025-05-31T10:59:41,167,Nantes,Nantes,HOT-050
2025-01-09T22:38:32,421,Strasbourg,Strasbourg,HOT-091
2025-04-05T16:07:24,158,Lille,Lille,HOT-036
2025-03-27T15:50:19,307,Lyon,Lyon,HOT-195
2025-02-03T14:08:39,168,Strasbourg,Strasbourg,HOT-032
2025-02-24T00:03:48,47,Nice,Nice,HOT-072
2025-03-23T13:11:18,455,Chamonix,Chamonix,HOT-001
2025-05-18T01:03:25,388,Marseille,Marseille,HOT-077
2024-12-07T05:30:28,232,Nantes,Nantes,HOT-150
2025-02-04T03:46:33,200,Chamonix,Chamonix,HOT-296
2025-01-31T20:43:51,229,Nice,Nice,HOT-106
2025-01-16T23:08:18,349,Toulouse,Toulouse,HOT-154
2025-02-28T15:02:24,292,Bordeaux,Bordeaux,HOT-223
2025-05-08T17:31:03,368,Toulouse,Toulouse,HOT-046
2025-03-29T18:32:27,299,Paris,Paris,HOT-262
2025-04-03T22:51:50,207,Marseille,Marseille,HOT-151
2025-04-13T06:45:55,32,Toulouse,Toulouse,HOT-282
2025-02-07T17:24:22,496,Paris,Paris,HOT-001
2025-03-07T10:37:05,361,Nantes,Nantes,HOT-184
2025-03-02T22:29:17,57,Bordeaux,Bordeaux,HOT-016
2025-03-03T00:13:48,121,Lille,Lille,HOT-202
2025-04-17T08:16:02,321,Toulouse,Toulouse,HOT-196
2025-01-17T15:32:12,208,Lille,Lille,HOT-223
2025-03-16T09:51:34,280,Nice,Nice,HOT-089
2025-03-09T00:49:24,244,Marseille,Marseille,HOT-097
2025-05-10T06:41:28,285,Lille,Lille,HOT-185
2025-05-31T03:25:23,431,Lille,Lille,HOT-079
2025-05-10T17:21:37,148,Marseille,Marseille,HOT-069
2025-04-29T01:26:42,6,Lyon,Lyon,HOT-009
2025-01-09T02:26:07,74,Strasbourg,Strasbourg,HOT-224
2025-04-14T02:04:59,70,Lyon,Lyon,HOT-071
2024-12-23T14:47:31,329,Lille,Lille,HOT-234
2025-01-31T06:09:23,458,Chamonix,Chamonix,HOT-218
2025-03-17T05:47:47,320,Marseille,Marseille,HOT-233
2025-04-15T01:23:57,261,Lille,Lille,HOT-283
2025-04-09T01:20:03,420,Strasbourg,Strasbourg,HOT-197
2025-04-06T09:34:50,182,Nice,Nice,HOT-096
2025-02-10T05:42:23,218,Chamonix,Chamonix,HOT-004
2024-12-25T06:49:55,296,Strasbourg,Strasbourg,HOT-122
2025-05-15T01:44:45,365,Nantes,Nantes,HOT-138
2025-05-02T00:10:24,211,Nantes,Nantes,HOT-296
2025-01-21T18:10:59,188,Paris,Paris,HOT-020
2025-04-16T19:04:16,291,Strasbourg,Strasbourg,HOT-189
2025-02-05T10:16:32,58,Chamonix,Chamonix,HOT-247
2025-01-19T18:31:02,493,Lyon,Lyon,HOT-073
2025-05-12T18:28:17,374,Nantes,Nantes,HOT-144
2025-01-14T19:37:43,239,Nantes,Nantes,HOT-041
2025-01-04T18:20:07,268,Chamonix,Chamonix,HOT-046
2024-12-11T21:26:48,126,Strasbourg,Strasbourg,HOT-040
2024-12-16T02:59:15,351,Nantes,Nantes,HOT-297
2025-01-23T16:39:54,160,Chamonix,Chamonix,HOT-028
2025-03-09T09:54:43,463,Toulouse,Toulouse,HOT-274
2025-04-04T20:21:33,399,Paris,Paris,HOT-241
2025-05-21T03:40:50,233,Nantes,Nantes,HOT-241
2025-05-05T09:02:09,294,Toulouse,Toulouse,HOT-216
2024-12-21T07:01:12,181,Bordeaux,Bordeaux,HOT-149
2025-03-05T14:00:33,86,Paris,Paris,HOT-156
2025-02-25T15:03:04,373,Chamonix,Chamonix,HOT-134
2025-05-28T05:18:48,32,Strasbourg,Strasbourg,HOT-297
2025-04-08T10:32:07,87,Chamonix,Chamonix,HOT-027
2025-03-28T22:26:13,337,Bordeaux,Bordeaux,HOT-014
2025-01-13T21:44:59,147,Strasbourg,Strasbourg,HOT-043
2025-04-25T15:21:02,65,Nantes,Nantes,HOT-040
2025-04-21T08:51:43,436,Bordeaux,Bordeaux,HOT-130
2025-02-19T17:05:07,68,Chamonix,Chamonix,HOT-144
2025-03-13T03:34:50,141,Bordeaux,Bordeaux,HOT-008
2025-02-22T18:08:00,380,Lyon,Lyon,HOT-090
2025-01-23T12:39:57,466,Chamonix,Chamonix,HOT-078
2025-01-04T19:20:54,338,Strasbourg,Strasbourg,HOT-190
2025-04-13T13:04:04,414,Marseille,Marseille,HOT-134
2025-04-19T16:10:07,401,Nice,Nice,HOT-249
2024-12-08T05:27:24,93,Nantes,Nantes,HOT-017
2025-05-29T11:42:44,176,Lyon,Lyon,HOT-075
2025-05-01T23:21:51,305,Marseille,Marseille,HOT-254
2025-05-23T05:33:35,386,Lille,Lille,HOT-197
2025-05-05T16:17:29,122,Strasbourg,Strasbourg,HOT-086
2025-05-28T02:10:59,108,Chamonix,Chamonix,HOT-177
2024-12-27T20:20:56,28,Bordeaux,Bordeaux,HOT-060
2025-05-07T07:19:05,27,Marseille,Marseille,HOT-238
2025-02-27T16:56:27,205,Strasbourg,Strasbourg,HOT-155
2025-01-18T15:29:23,244,Nantes,Nantes,HOT-120
2025-01-10T07:18:26,195,Lille,Lille,HOT-243
2025-05-12T07:02:22,135,Marseille,Marseille,HOT-272
2025-04-21T06:48:00,446,Lille,Lille,HOT-007
2025-03-17T17:28:27,148,Strasbourg,Strasbourg,HOT-196
2025-03-07T08:34:31,348,Toulouse,Toulouse,HOT-272
2024-12-16T21:39:02,350,Paris,Paris,HOT-050
2025-03-25T09:18:55,470,Nantes,Nantes,HOT-182
2025-01-24T12:57:51,490,Lille,Lille,HOT-140
2025-06-03T07:20:10,172,Bordeaux,Bordeaux,HOT-137
2025-05-20T21:09:00,411,Lyon,Lyon,HOT-131
2024-12-30T17:11:17,336,Chamonix,Chamonix,HOT-201
2025-03-05T18:52:56,237,Nice,Nice,HOT-100
2025-01-02T01:01:16,267,Toulouse,Toulouse,HOT-093
2025-05-11T18:29:17,161,Nantes,Nantes,HOT-006
2025-03-07T09:00:37,345,Paris,Paris,HOT-035
2025-04-15T18:45:13,7,Lille,Lille,HOT-051
2025-03-20T06:52:12,269,Lyon,Lyon,HOT-229
2025-03-25T16:23:48,180,Nice,Nice,HOT-146
2025-04-01T18:37:30,129,Nice,Nice,HOT-018
2025-02-06T18:19:54,13,Chamonix,Chamonix,HOT-048
2025-05-02T19:20:10,30,Chamonix,Chamonix,HOT-112
2025-05-29T05:57:43,487,Chamonix,Chamonix,HOT-063
2025-03-03T02:09:27,363,Lyon,Lyon,HOT-045
2025-04-05T02:46:58,439,Chamonix,Chamonix,HOT-067
2025-05-14T09:49:18,193,Chamonix,Chamonix,HOT-095
2025-04-25T19:40:32,459,Lyon,Lyon,HOT-095
2025-05-29T08:43:55,130,Bordeaux,Bordeaux,HOT-240
2025-03-15T04:03:10,339,Lyon,Lyon,HOT-233
2025-02-28T00:22:19,473,Bordeaux,Bordeaux,HOT-219
2025-05-17T10:20:56,355,Toulouse,Toulouse,HOT-132
2025-06-01T05:51:55,83,Lyon,Lyon,HOT-142
2025-03-23T12:53:04,398,Paris,Paris,HOT-196
2025-03-03T17:43:26,199,Toulouse,Toulouse,HOT-031
2025-05-30T08:54:32,133,Bordeaux,Bordeaux,HOT-092
2025-01-07T01:20:44,226,Lyon,Lyon,HOT-252
2025-04-30T13:18:05,476,Nice,Nice,HOT-202
2025-05-23T10:28:24,92,Strasbourg,Strasbourg,HOT-056
2025-03-09T07:45:33,74,Nantes,Nantes,HOT-221
2025-03-04T13:05:35,112,Chamonix,Chamonix,HOT-055
2025-01-26T11:32:10,468,Strasbourg,Strasbourg,HOT-133
2025-05-02T03:08:59,53,Paris,Paris,HOT-038
2025-01-24T03:50:12,37,Chamonix,Chamonix,HOT-129
2025-05-19T05:39:39,398,Strasbourg,Strasbourg,HOT-010
2025-04-09T23:20:01,460,Strasbourg,Strasbourg,HOT-077
2025-01-29T23:58:50,335,Paris,Paris,HOT-020
2025-05-04T20:33:59,341,Lille,Lille,HOT-137
2025-05-07T03:50:36,78,Toulouse,Toulouse,HOT-201
2025-03-18T09:02:57,295,Paris,Paris,HOT-264
2025-03-11T06:00:06,363,Strasbourg,Strasbourg,HOT-245
2025-04-07T20:28:31,224,Lille,Lille,HOT-036
2025-01-22T14:34:57,277,Nice,Nice,HOT-002
2025-01-29T11:19:58,197,Strasbourg,Strasbourg,HOT-063
2025-03-02T13:34:15,291,Nantes,Nantes,HOT-184
2024-12-22T04:42:52,171,Bordeaux,Bordeaux,HOT-206
2025-04-24T16:58:34,29,Lyon,Lyon,HOT-188
2025-01-31T15:12:20,274,Toulouse,Toulouse,HOT-042
2025-01-21T16:26:07,431,Strasbourg,Strasbourg,HOT-149
2025-01-28T21:54:01,332,Nice,Nice,HOT-091
2025-02-10T08:46:44,284,Paris,Paris,HOT-197
2025-02-07T05:34:14,339,Nice,Nice,HOT-154
2025-05-29T13:25:22,357,Lille,Lille,HOT-055
2025-03-22T00:54:28,323,Toulouse,Toulouse,HOT-250
2024-12-22T19:08:06,44,Strasbourg,Strasbourg,HOT-098
2025-01-03T00:29:09,72,Paris,Paris,HOT-099
2025-01-05T10:32:16,13,Chamonix,Chamonix,HOT-123
2025-01-21T01:22:21,251,Lille,Lille,HOT-033
2025-02-19T12:41:23,406,Nantes,Nantes,HOT-158
2025-04-20T21:39:23,256,Nantes,Nantes,HOT-231
2025-01-05T19:44:24,495,Paris,Paris,HOT-019
2025-04-23T07:46:04,174,Paris,Paris,HOT-173
2025-01-17T16:42:31,404,Paris,Paris,HOT-208
2024-12-19T14:56:39,61,Nice,Nice,HOT-268
2025-02-25T17:02:26,235,Nantes,Nantes,HOT-077
2025-02-24T07:10:00,380,Chamonix,Chamonix,HOT-120
2025-02-09T09:38:06,474,Lyon,Lyon,HOT-019
2025-03-22T12:22:02,377,Marseille,Marseille,HOT-251
2025-03-07T14:58:50,335,Paris,Paris,HOT-242
2025-02-25T21:15:52,465,Chamonix,Chamonix,HOT-024
2024-12-19T05:47:43,125,Marseille,Marseille,HOT-008
2025-01-16T07:32:03,89,Paris,Paris,HOT-158
2025-05-17T21:10:13,421,Lyon,Lyon,HOT-234
2025-02-26T17:37:36,313,Marseille,Marseille,HOT-033
2025-02-20T18:42:34,419,Lyon,Lyon,HOT-059
2025-05-31T20:28:08,255,Chamonix,Chamonix,HOT-113
2025-05-05T15:07:27,33,Nice,Nice,HOT-219
2025-03-30T13:37:24,173,Lille,Lille,HOT-167
2025-04-21T04:59:17,62,Chamonix,Chamonix,HOT-280
2024-12-10T22:38:29,71,Toulouse,Toulouse,HOT-110
2025-05-22T12:16:36,392,Paris,Paris,HOT-089
2025-05-27T03:46:25,172,Lyon,Lyon,HOT-062
2025-05-04T19:32:43,141,Marseille,Marseille,HOT-213
2025-03-28T22:31:39,87,Toulouse,Toulouse,HOT-284
2025-02-19T00:19:12,85,Strasbourg,Strasbourg,HOT-125
2025-03-09T18:30:10,474,Chamonix,Chamonix,HOT-021
2024-12-08T07:05:37,69,Lyon,Lyon,HOT-193
2025-02-13T10:55:51,399,Marseille,Marseille,HOT-009
2025-02-03T03:15:06,451,Strasbourg,Strasbourg,HOT-042
2025-05-02T11:03:52,4,Paris,Paris,HOT-092
2025-02-20T21:05:08,475,Lyon,Lyon,HOT-146
2025-05-21T20:58:18,214,Strasbourg,Strasbourg,HOT-065
2025-05-29T06:58:00,106,Marseille,Marseille,HOT-139
2025-05-18T10:23:38,268,Strasbourg,Strasbourg,HOT-211
2025-02-26T12:23:48,123,Marseille,Marseille,HOT-020
2025-03-21T15:54:20,306,Marseille,Marseille,HOT-256
2025-05-01T07:17:29,314,Lyon,Lyon,HOT-155
2025-04-28T19:15:32,179,Lille,Lille,HOT-003
2025-03-23T04:46:37,286,Nice,Nice,HOT-099
2025-05-11T11:16:19,61,Nantes,Nantes,HOT-049
2025-04-03T06:58:36,317,Toulouse,Toulouse,HOT-277
2025-05-30T11:43:12,260,Nice,Nice,HOT-238
2025-01-18T23:24:03,395,Nice,Nice,HOT-142
2025-03-11T22:55:49,28,Nice,Nice,HOT-058
2025-01-18T18:11:42,408,Marseille,Marseille,HOT-243
2025-01-29T03:35:12,255,Marseille,Marseille,HOT-082
2025-03-01T18:45:32,344,Paris,Paris,HOT-028
2025-03-11T10:52:18,331,Toulouse,Toulouse,HOT-146
2024-12-12T18:52:53,108,Lille,Lille,HOT-129
2025-02-20T15:49:19,172,Chamonix,Chamonix,HOT-233
2025-02-10T10:05:35,23,Lyon,Lyon,HOT-027
2025-04-16T00:47:35,474,Nantes,Nantes,HOT-091
2025-04-18T00:38:48,81,Paris,Paris,HOT-249
2025-05-11T03:13:44,264,Lyon,Lyon,HOT-037
2025-02-23T15:52:06,459,Nice,Nice,HOT-228
2025-04-26T18:32:45,304,Chamonix,Chamonix,HOT-167
2025-01-08T04:46:49,215,Nice,Nice,HOT-167
2025-05-19T08:39:23,118,Lyon,Lyon,HOT-167
2025-03-07T21:48:43,117,Lyon,Lyon,HOT-122
2025-06-03T16:59:26,378,Lille,Lille,HOT-103
2024-12-31T22:24:17,193,Nice,Nice,HOT-038
2025-04-06T23:32:37,242,Chamonix,Chamonix,HOT-249
2025-03-20T20:48:45,28,Lille,Lille,HOT-075
2024-12-12T09:17:19,111,Chamonix,Chamonix,HOT-233
2025-06-01T06:12:39,92,Lille,Lille,HOT-192
2025-02-21T15:53:00,70,Strasbourg,Strasbourg,HOT-100
2025-04-01T02:02:10,324,Toulouse,Toulouse,HOT-139
2025-03-26T17:52:24,104,Toulouse,Toulouse,HOT-066
2025-04-14T21:25:08,17,Chamonix,Chamonix,HOT-031
2024-12-12T09:55:14,144,Marseille,Marseille,HOT-057
2024-12-23T10:50:22,437,Strasbourg,Strasbourg,HOT-235
2025-04-10T23:02:47,215,Marseille,Marseille,HOT-176
2025-02-28T09:05:47,113,Bordeaux,Bordeaux,HOT-081
2025-01-02T12:01:17,405,Chamonix,Chamonix,HOT-088
2025-05-24T11:26:10,296,Nantes,Nantes,HOT-118
2025-03-06T19:17:12,45,Lille,Lille,HOT-268
2025-01-11T10:32:05,251,Nice,Nice,HOT-243
2024-12-16T21:57:34,429,Strasbourg,Strasbourg,HOT-143
2025-01-26T16:01:56,8,Lille,Lille,HOT-127
2025-02-18T18:22:05,127,Toulouse,Toulouse,HOT-223
2025-02-08T17:11:24,297,Nice,Nice,HOT-077
2025-01-17T06:01:28,468,Chamonix,Chamonix,HOT-003
2025-03-05T10:40:06,214,Paris,Paris,HOT-021
2025-02-08T14:49:40,241,Nantes,Nantes,HOT-018
2025-02-10T16:28:57,218,Nantes,Nantes,HOT-202
2025-05-03T23:12:13,246,Lyon,Lyon,HOT-232
2025-05-26T23:02:08,254,Nice,Nice,HOT-043
2025-02-18T18:28:20,286,Paris,Paris,HOT-209
2025-01-30T04:23:09,487,Nice,Nice,HOT-068
2025-05-02T04:14:09,184,Bordeaux,Bordeaux,HOT-123
2025-05-17T16:39:51,332,Lyon,Lyon,HOT-009
2025-02-27T00:15:02,246,Bordeaux,Bordeaux,HOT-083
2025-01-25T03:17:11,361,Strasbourg,Strasbourg,HOT-293
2025-05-18T06:34:58,383,Chamonix,Chamonix,HOT-013
2024-12-23T01:19:36,233,Strasbourg,Strasbourg,HOT-071
2025-03-08T11:24:17,448,Lille,Lille,HOT-095
2024-12-10T21:56:55,405,Toulouse,Toulouse,HOT-238
2025-05-01T14:19:19,361,Paris,Paris,HOT-037
2025-03-21T21:29:27,198,Toulouse,Toulouse,HOT-272
2024-12-17T06:21:09,17,Bordeaux,Bordeaux,HOT-219
2025-02-13T02:32:58,386,Bordeaux,Bordeaux,HOT-278
2025-01-19T16:34:01,295,Nice,Nice,HOT-042
2025-04-12T09:30:25,318,Toulouse,Toulouse,HOT-029
2024-12-20T11:24:03,264,Toulouse,Toulouse,HOT-027
2025-05-07T20:25:33,57,Lille,Lille,HOT-188
2025-04-12T17:00:46,239,Chamonix,Chamonix,HOT-021
2024-12-14T23:13:57,188,Toulouse,Toulouse,HOT-090
2025-05-02T14:35:51,332,Nantes,Nantes,HOT-035
2024-12-13T04:13:34,288,Nice,Nice,HOT-071
2025-01-24T04:02:23,172,Nice,Nice,HOT-277
2025-01-14T20:42:15,59,Strasbourg,Strasbourg,HOT-298
2025-05-19T02:42:21,447,Nice,Nice,HOT-116
2024-12-11T02:35:37,165,Toulouse,Toulouse,HOT-137
2025-04-06T19:15:00,258,Lille,Lille,HOT-142
2025-01-05T17:46:09,28,Lyon,Lyon,HOT-191
2025-01-22T11:18:58,177,Strasbourg,Strasbourg,HOT-249
2024-12-31T15:50:54,257,Nantes,Nantes,HOT-063
2025-03-09T02:34:14,241,Nantes,Nantes,HOT-273
2025-04-16T03:31:13,461,Bordeaux,Bordeaux,HOT-232
2024-12-29T08:42:34,318,Toulouse,Toulouse,HOT-034
2025-03-26T15:54:17,97,Strasbourg,Strasbourg,HOT-045
2025-01-18T11:24:16,42,Lille,Lille,HOT-092
2025-03-07T10:49:53,148,Lyon,Lyon,HOT-056
2025-04-21T23:21:32,85,Bordeaux,Bordeaux,HOT-058
2025-01-25T21:47:53,357,Marseille,Marseille,HOT-255
2025-05-05T01:37:13,78,Nice,Nice,HOT-267
2025-02-16T18:47:32,488,Paris,Paris,HOT-151
2025-01-08T17:34:12,214,Nantes,Nantes,HOT-068
2025-04-03T19:16:50,243,Toulouse,Toulouse,HOT-216
2025-04-04T01:35:40,228,Paris,Paris,HOT-150
2025-05-01T09:12:08,97,Lyon,Lyon,HOT-012
2025-04-25T15:24:12,447,Nice,Nice,HOT-267
2024-12-29T09:22:40,331,Toulouse,Toulouse,HOT-211
2025-05-07T04:23:20,297,Toulouse,Toulouse,HOT-168
2025-05-15T05:50:10,249,Chamonix,Chamonix,HOT-272
2025-01-07T22:49:12,432,Nantes,Nantes,HOT-228
2025-02-05T13:09:45,235,Bordeaux,Bordeaux,HOT-291
2024-12-28T03:23:34,68,Bordeaux,Bordeaux,HOT-088
2025-03-29T12:28:56,405,Bordeaux,Bordeaux,HOT-117
2024-12-12T03:17:10,248,Toulouse,Toulouse,HOT-148
2025-06-05T12:32:38,395,Paris,Paris,HOT-076
2025-02-05T17:26:32,181,Bordeaux,Bordeaux,HOT-234
2025-03-28T23:01:24,490,Marseille,Marseille,HOT-083
2025-04-17T16:16:59,365,Nantes,Nantes,HOT-147
2025-06-01T11:19:28,94,Marseille,Marseille,HOT-079
2025-02-18T00:40:23,83,Nice,Nice,HOT-060
2025-02-22T04:09:35,22,Toulouse,Toulouse,HOT-295
2025-04-24T23:49:34,65,Strasbourg,Strasbourg,HOT-134
2025-01-14T15:53:59,190,Marseille,Marseille,HOT-106
2024-12-21T21:47:07,288,Paris,Paris,HOT-163
2025-04-01T02:59:31,177,Marseille,Marseille,HOT-191
2025-04-20T06:06:45,230,Nantes,Nantes,HOT-084
2025-05-17T10:21:37,274,Bordeaux,Bordeaux,HOT-063
2025-04-07T22:46:39,472,Paris,Paris,HOT-208
2025-01-23T07:22:34,477,Strasbourg,Strasbourg,HOT-075
2024-12-26T22:30:38,486,Strasbourg,Strasbourg,HOT-164
2025-04-21T12:46:15,80,Paris,Paris,HOT-280
2025-05-06T03:38:16,260,Toulouse,Toulouse,HOT-152
2025-02-03T17:05:35,243,Bordeaux,Bordeaux,HOT-294
2025-05-21T06:16:11,342,Marseille,Marseille,HOT-290
2025-04-19T00:29:39,374,Strasbourg,Strasbourg,HOT-174
2025-04-02T17:44:13,353,Lyon,Lyon,HOT-246
2025-05-12T13:38:54,461,Paris,Paris,HOT-072
2024-12-30T15:46:24,348,Nantes,Nantes,HOT-060
2025-05-10T18:18:13,158,Paris,Paris,HOT-206
2025-03-27T01:03:10,317,Nice,Nice,HOT-229
2025-05-08T02:57:40,183,Lyon,Lyon,HOT-168
2024-12-15T03:00:43,29,Chamonix,Chamonix,HOT-100
2025-02-12T13:42:10,299,Nantes,Nantes,HOT-114
2025-03-20T14:23:20,401,Bordeaux,Bordeaux,HOT-101
2025-02-28T08:00:08,12,Lyon,Lyon,HOT-276
2025-04-14T14:31:44,435,Strasbourg,Strasbourg,HOT-045
2025-02-17T02:36:05,263,Lille,Lille,HOT-100
2024-12-20T12:58:40,252,Toulouse,Toulouse,HOT-262
2025-03-15T09:33:51,484,Paris,Paris,HOT-185
2025-04-11T21:23:11,204,Marseille,Marseille,HOT-219
2025-02-11T09:52:07,190,Lille,Lille,HOT-191
2024-12-09T14:34:45,7,Bordeaux,Bordeaux,HOT-177
2025-05-21T02:55:31,180,Bordeaux,Bordeaux,HOT-229
2025-02-26T17:13:54,448,Nantes,Nantes,HOT-045
2025-05-15T19:57:21,111,Strasbourg,Strasbourg,HOT-213
2025-03-12T08:07:17,412,Strasbourg,Strasbourg,HOT-148
2024-12-27T15:27:46,84,Lille,Lille,HOT-213
2025-03-01T07:58:53,72,Chamonix,Chamonix,HOT-045
2025-02-15T11:32:04,74,Nice,Nice,HOT-156
2025-04-09T13:39:26,244,Nantes,Nantes,HOT-172
2025-05-29T06:39:24,34,Chamonix,Chamonix,HOT-193
2025-05-17T01:40:19,46,Paris,Paris,HOT-210
2025-03-06T10:09:24,328,Bordeaux,Bordeaux,HOT-213
2025-04-23T11:54:47,90,Nantes,Nantes,HOT-237
2025-01-05T20:36:23,364,Chamonix,Chamonix,HOT-071
2025-03-01T17:07:59,103,Marseille,Marseille,HOT-196
2025-01-10T08:28:25,149,Nantes,Nantes,HOT-252
2025-04-28T15:21:00,22,Bordeaux,Bordeaux,HOT-156
2025-03-18T11:07:55,253,Nantes,Nantes,HOT-238
2025-04-12T10:58:02,115,Paris,Paris,HOT-002
2025-01-28T14:17:28,79,Bordeaux,Bordeaux,HOT-154
2025-04-05T17:58:32,490,Strasbourg,Strasbourg,HOT-064
2025-05-13T02:05:50,335,Bordeaux,Bordeaux,HOT-214
2025-06-03T17:20:42,92,Strasbourg,Strasbourg,HOT-126
2025-03-21T15:41:01,15,Lyon,Lyon,HOT-142
2025-05-06T13:42:24,253,Lyon,Lyon,HOT-186
2025-03-11T00:52:40,298,Strasbourg,Strasbourg,HOT-290
2025-03-07T10:05:05,224,Bordeaux,Bordeaux,HOT-244
2025-03-01T17:32:25,499,Lyon,Lyon,HOT-192
2025-05-16T11:49:05,263,Chamonix,Chamonix,HOT-009
2025-04-28T02:26:42,433,Bordeaux,Bordeaux,HOT-084
2025-04-01T04:44:52,298,Paris,Paris,HOT-075
2025-01-28T06:25:47,164,Strasbourg,Strasbourg,HOT-070
2025-02-07T17:39:51,183,Marseille,Marseille,HOT-028
2025-05-21T12:53:13,140,Toulouse,Toulouse,HOT-215
2025-01-23T19:42:23,326,Toulouse,Toulouse,HOT-025
2025-05-17T11:06:11,149,Bordeaux,Bordeaux,HOT-272
2025-06-06T15:16:11,328,Lyon,Lyon,HOT-264
2024-12-23T23:29:40,100,Marseille,Marseille,HOT-049
2025-01-30T07:30:57,307,Marseille,Marseille,HOT-279
2025-05-27T08:18:54,166,Toulouse,Toulouse,HOT-155
2025-03-04T16:30:20,139,Toulouse,Toulouse,HOT-050
2025-01-23T12:06:07,274,Chamonix,Chamonix,HOT-181
2025-05-01T21:05:20,422,Marseille,Marseille,HOT-007
2025-03-07T09:18:52,71,Nantes,Nantes,HOT-145
2025-03-27T19:18:28,191,Strasbourg,Strasbourg,HOT-211
2025-04-04T15:58:04,175,Marseille,Marseille,HOT-053
2025-04-15T21:36:00,112,Marseille,Marseille,HOT-258
2025-02-18T17:50:03,114,Nice,Nice,HOT-287
2025-02-10T11:20:16,315,Nantes,Nantes,HOT-273
2024-12-12T17:22:04,365,Nantes,Nantes,HOT-059
2025-03-13T03:15:04,214,Strasbourg,Strasbourg,HOT-040
2025-05-21T09:20:37,60,Marseille,Marseille,HOT-009
2025-02-08T06:17:30,246,Toulouse,Toulouse,HOT-160
2025-01-11T11:03:04,354,Toulouse,Toulouse,HOT-072
2025-03-11T19:45:48,419,Strasbourg,Strasbourg,HOT-268
2025-01-17T08:09:58,391,Toulouse,Toulouse,HOT-089
2025-02-14T01:13:13,364,Bordeaux,Bordeaux,HOT-015
2025-05-11T01:47:03,382,Lyon,Lyon,HOT-114
2025-01-26T07:37:32,66,Marseille,Marseille,HOT-117
2025-02-11T05:42:36,158,Marseille,Marseille,HOT-108
2025-01-30T10:55:08,67,Lyon,Lyon,HOT-218
2025-05-27T02:12:16,354,Lyon,Lyon,HOT-040
2025-04-01T21:53:59,10,Strasbourg,Strasbourg,HOT-221
2025-04-22T07:22:09,22,Nice,Nice,HOT-056
2025-05-27T01:12:49,17,Nantes,Nantes,HOT-031
2025-01-29T19:07:15,241,Lyon,Lyon,HOT-130
2025-03-25T01:47:24,23,Lyon,Lyon,HOT-155
2024-12-09T02:55:25,342,Paris,Paris,HOT-050
2025-03-17T11:16:24,401,Lyon,Lyon,HOT-106
2025-01-13T06:00:12,301,Nice,Nice,HOT-095
2024-12-23T18:36:05,344,Toulouse,Toulouse,HOT-015
2025-01-23T00:25:00,47,Marseille,Marseille,HOT-143
2025-04-25T23:24:26,486,Chamonix,Chamonix,HOT-179
2025-02-24T01:42:30,181,Marseille,Marseille,HOT-257
2025-03-12T00:33:14,400,Chamonix,Chamonix,HOT-124
2025-03-24T22:55:29,259,Chamonix,Chamonix,HOT-035
2025-05-03T08:55:10,51,Chamonix,Chamonix,HOT-008
2025-01-22T19:36:24,271,Nice,Nice,HOT-099
2025-04-20T06:05:20,494,Bordeaux,Bordeaux,HOT-088
2025-03-09T14:22:14,462,Nantes,Nantes,HOT-003
2025-04-11T13:44:30,499,Lyon,Lyon,HOT-110
2025-04-24T09:02:31,472,Nantes,Nantes,HOT-244
2025-03-12T11:00:33,188,Chamonix,Chamonix,HOT-095
2025-03-04T04:15:39,226,Lyon,Lyon,HOT-093
2025-05-10T02:57:04,428,Toulouse,Toulouse,HOT-195
2024-12-10T11:58:31,218,Nice,Nice,HOT-264
2024-12-25T05:16:34,117,Lille,Lille,HOT-058
2025-02-02T06:51:11,390,Toulouse,Toulouse,HOT-064
2025-01-19T04:19:48,239,Lyon,Lyon,HOT-267
2025-02-23T16:15:43,70,Strasbourg,Strasbourg,HOT-185
2025-04-20T11:34:40,361,Bordeaux,Bordeaux,HOT-286
2025-01-23T09:30:01,370,Paris,Paris,HOT-043
2025-02-04T14:38:22,168,Strasbourg,Strasbourg,HOT-060
2025-04-15T01:53:38,198,Bordeaux,Bordeaux,HOT-234
2025-03-30T01:51:41,308,Bordeaux,Bordeaux,HOT-228
2025-02-16T19:22:33,116,Nantes,Nantes,HOT-209
2025-03-09T01:10:11,149,Lille,Lille,HOT-097
2025-03-24T14:59:13,439,Lyon,Lyon,HOT-244
2025-03-20T05:53:29,481,Toulouse,Toulouse,HOT-092
2025-02-11T21:38:30,7,Strasbourg,Strasbourg,HOT-054
2025-02-27T18:36:27,203,Strasbourg,Strasbourg,HOT-268
2025-04-30T23:55:37,338,Lyon,Lyon,HOT-062
2025-03-24T00:36:44,74,Lille,Lille,HOT-206
2025-02-09T09:12:55,356,Chamonix,Chamonix,HOT-053
2025-02-13T11:10:19,380,Marseille,Marseille,HOT-034
2025-04-22T15:09:27,187,Nice,Nice,HOT-174
2025-03-05T06:13:20,103,Chamonix,Chamonix,HOT-207
2025-01-28T18:10:41,63,Nice,Nice,HOT-218
2025-02-04T16:34:58,372,Strasbourg,Strasbourg,HOT-143
2025-01-24T23:14:31,392,Chamonix,Chamonix,HOT-140
2025-01-20T22:00:04,388,Lille,Lille,HOT-183
2024-12-30T13:54:47,244,Chamonix,Chamonix,HOT-208
2025-04-26T05:02:41,249,Nantes,Nantes,HOT-143
2025-01-13T13:07:26,76,Strasbourg,Strasbourg,HOT-056
2025-02-06T10:10:34,63,Bordeaux,Bordeaux,HOT-251
2024-12-30T08:46:53,255,Nice,Nice,HOT-069
2025-04-30T09:41:34,16,Lyon,Lyon,HOT-028
2025-03-21T04:55:23,426,Lyon,Lyon,HOT-256
2025-05-04T03:40:37,348,Paris,Paris,HOT-092
2025-04-20T04:00:41,196,Chamonix,Chamonix,HOT-168
2025-01-12T02:28:36,79,Bordeaux,Bordeaux,HOT-050
2025-01-13T08:15:42,390,Lyon,Lyon,HOT-267
2025-01-18T04:02:29,393,Strasbourg,Strasbourg,HOT-239
2025-04-29T13:45:47,104,Bordeaux,Bordeaux,HOT-255
2025-03-11T04:08:42,252,Nantes,Nantes,HOT-134
2025-01-29T20:11:51,278,Toulouse,Toulouse,HOT-277
2025-04-26T20:25:37,280,Paris,Paris,HOT-017
2025-03-31T15:17:24,221,Lyon,Lyon,HOT-197
2025-05-03T18:26:30,231,Toulouse,Toulouse,HOT-193
2025-03-19T00:36:04,227,Strasbourg,Strasbourg,HOT-019
2025-04-02T00:51:45,17,Marseille,Marseille,HOT-286
2025-01-31T02:29:08,338,Bordeaux,Bordeaux,HOT-085
2024-12-26T16:06:06,252,Lille,Lille,HOT-069
2025-05-17T19:56:43,160,Lille,Lille,HOT-250
2025-01-13T20:16:10,392,Lyon,Lyon,HOT-292
2025-02-02T16:13:28,346,Strasbourg,Strasbourg,HOT-284
2025-01-20T07:45:52,351,Nantes,Nantes,HOT-293
2025-02-15T05:26:37,241,Strasbourg,Strasbourg,HOT-288
2025-01-10T23:52:27,438,Marseille,Marseille,HOT-260
2025-02-03T20:17:06,29,Lille,Lille,HOT-135
2024-12-09T21:33:08,254,Chamonix,Chamonix,HOT-194
2025-04-23T15:13:17,316,Toulouse,Toulouse,HOT-146
2025-03-20T20:51:57,165,Paris,Paris,HOT-015
2024-12-31T17:32:07,303,Paris,Paris,HOT-066
2025-01-29T09:59:58,429,Toulouse,Toulouse,HOT-179
2024-12-15T23:44:04,415,Chamonix,Chamonix,HOT-014
2024-12-17T17:43:32,392,Toulouse,Toulouse,HOT-195
2025-03-24T14:27:20,50,Lille,Lille,HOT-177
2025-02-01T21:04:17,183,Lille,Lille,HOT-180
2025-04-21T13:49:00,29,Nice,Nice,HOT-127
2024-12-31T16:07:16,121,Bordeaux,Bordeaux,HOT-044
2025-04-10T00:18:14,467,Lyon,Lyon,HOT-157
2025-05-24T18:56:19,59,Toulouse,Toulouse,HOT-087
2025-05-02T07:52:54,11,Nantes,Nantes,HOT-167
2025-03-12T11:16:35,20,Strasbourg,Strasbourg,HOT-217
2024-12-27T01:42:33,291,Nantes,Nantes,HOT-216
2025-05-25T14:47:05,137,Paris,Paris,HOT-241
2024-12-09T12:46:37,302,Paris,Paris,HOT-163
2025-03-28T14:56:57,194,Chamonix,Chamonix,HOT-200
2025-01-31T08:44:00,166,Chamonix,Chamonix,HOT-051
2025-03-08T07:09:51,414,Strasbourg,Strasbourg,HOT-052
2025-03-10T02:35:09,354,Nice,Nice,HOT-173
2025-03-02T16:20:58,255,Nantes,Nantes,HOT-174
2025-02-11T07:25:15,86,Chamonix,Chamonix,HOT-154
2025-01-11T22:48:47,187,Lille,Lille,HOT-104
2024-12-17T03:02:56,255,Lyon,Lyon,HOT-275
2025-01-25T04:15:02,110,Bordeaux,Bordeaux,HOT-136
2025-05-23T11:32:10,25,Bordeaux,Bordeaux,HOT-294
2025-03-09T21:59:43,206,Nice,Nice,HOT-048
2024-12-29T07:18:02,368,Chamonix,Chamonix,HOT-049
2025-05-15T18:57:09,304,Toulouse,Toulouse,HOT-140
2024-12-19T20:08:18,35,Chamonix,Chamonix,HOT-272
2025-02-22T23:02:53,244,Lille,Lille,HOT-108
2025-03-12T15:19:16,178,Lyon,Lyon,HOT-155
2024-12-21T12:51:50,259,Bordeaux,Bordeaux,HOT-222
2025-03-29T04:43:46,340,Nantes,Nantes,HOT-161
2025-04-08T09:02:44,103,Lille,Lille,HOT-206
2025-04-19T10:42:35,129,Chamonix,Chamonix,HOT-264
2024-12-17T13:27:09,233,Nantes,Nantes,HOT-093
2025-01-05T14:42:54,452,Paris,Paris,HOT-265
2025-01-05T02:55:38,442,Marseille,Marseille,HOT-296
2025-05-13T15:48:43,256,Nice,Nice,HOT-240
2025-03-26T10:38:19,138,Nantes,Nantes,HOT-223
2025-02-04T03:35:32,479,Chamonix,Chamonix,HOT-031
2024-12-23T16:35:16,268,Nice,Nice,HOT-187
2025-01-24T08:16:11,237,Marseille,Marseille,HOT-124
2024-12-30T03:38:25,78,Bordeaux,Bordeaux,HOT-223
2025-03-25T12:25:29,211,Toulouse,Toulouse,HOT-033
2025-05-04T14:10:50,325,Nice,Nice,HOT-212
2025-02-25T23:07:39,137,Bordeaux,Bordeaux,HOT-083
2025-04-03T21:15:40,132,Chamonix,Chamonix,HOT-121
2025-04-01T21:46:06,208,Nice,Nice,HOT-059
2025-05-09T16:44:07,77,Nice,Nice,HOT-015
2025-04-06T05:39:16,126,Bordeaux,Bordeaux,HOT-238
2025-01-19T23:23:39,249,Nantes,Nantes,HOT-224
2025-05-06T18:36:36,217,Paris,Paris,HOT-104
2025-03-18T14:58:50,82,Bordeaux,Bordeaux,HOT-070
2025-02-19T00:18:22,15,Bordeaux,Bordeaux,HOT-143
2025-03-04T15:09:56,338,Nantes,Nantes,HOT-091
2025-06-01T13:33:12,330,Paris,Paris,HOT-249
2025-03-03T02:50:43,401,Paris,Paris,HOT-029
2025-02-02T21:22:55,441,Lyon,Lyon,HOT-161
2025-05-23T04:16:59,309,Bordeaux,Bordeaux,HOT-033
2025-03-31T10:20:31,462,Lille,Lille,HOT-187
2025-02-28T10:06:28,344,Lyon,Lyon,HOT-204
2025-02-04T10:47:28,483,Marseille,Marseille,HOT-121
2025-03-27T13:37:17,58,Chamonix,Chamonix,HOT-257
2025-04-06T17:48:47,478,Lyon,Lyon,HOT-268
2024-12-18T20:18:34,341,Chamonix,Chamonix,HOT-269
2025-04-04T12:42:07,129,Strasbourg,Strasbourg,HOT-047
2025-04-29T20:40:56,122,Chamonix,Chamonix,HOT-063
2024-12-26T10:04:41,396,Toulouse,Toulouse,HOT-169
2025-05-04T06:13:43,427,Chamonix,Chamonix,HOT-200
2025-01-16T11:58:40,413,Nice,Nice,HOT-217
2025-04-07T14:43:38,112,Marseille,Marseille,HOT-055
2025-01-17T03:03:53,90,Nice,Nice,HOT-141
2025-01-27T12:57:23,226,Lille,Lille,HOT-131
2025-04-14T09:26:03,442,Chamonix,Chamonix,HOT-029
2024-12-22T21:58:37,252,Nantes,Nantes,HOT-192
2025-01-06T15:33:18,359,Lyon,Lyon,HOT-163
2025-01-22T17:28:07,280,Lille,Lille,HOT-244
2025-01-09T21:38:45,350,Nice,Nice,HOT-143
2025-03-24T08:05:11,451,Marseille,Marseille,HOT-186
2024-12-21T17:26:37,244,Toulouse,Toulouse,HOT-158
2025-01-06T13:06:39,11,Chamonix,Chamonix,HOT-018
2024-12-07T16:05:09,431,Paris,Paris,HOT-123
2025-02-24T11:26:45,130,Nantes,Nantes,HOT-197
2025-03-04T15:06:55,159,Toulouse,Toulouse,HOT-063
2025-04-20T00:19:06,274,Nice,Nice,HOT-227
2025-04-01T10:58:36,199,Paris,Paris,HOT-202
2025-03-08T09:34:01,475,Bordeaux,Bordeaux,HOT-155
2025-02-01T16:58:58,47,Nice,Nice,HOT-153
2024-12-13T11:43:43,108,Marseille,Marseille,HOT-225
2025-01-21T02:22:24,324,Toulouse,Toulouse,HOT-209
2025-02-01T02:16:55,405,Paris,Paris,HOT-141
2025-04-23T10:16:08,444,Lyon,Lyon,HOT-252
2025-01-31T01:10:45,242,Lille,Lille,HOT-171
2025-04-22T15:46:32,368,Lille,Lille,HOT-052
2025-05-23T01:40:25,423,Marseille,Marseille,HOT-134
2025-03-05T07:33:19,260,Lyon,Lyon,HOT-181
2024-12-20T23:20:16,216,Chamonix,Chamonix,HOT-281
2025-04-19T15:03:43,378,Toulouse,Toulouse,HOT-233
2025-01-21T11:26:59,356,Paris,Paris,HOT-027
2025-06-04T13:21:13,329,Marseille,Marseille,HOT-228
2025-01-27T12:31:48,406,Marseille,Marseille,HOT-002
2025-05-09T03:09:38,206,Nice,Nice,HOT-157
2025-05-09T19:05:52,161,Chamonix,Chamonix,HOT-043
2025-04-07T12:35:51,57,Marseille,Marseille,HOT-128
2025-03-31T16:14:05,265,Marseille,Marseille,HOT-211
2025-04-14T12:57:08,406,Toulouse,Toulouse,HOT-232
2025-05-12T06:05:17,245,Marseille,Marseille,HOT-134
2025-06-06T10:49:35,89,Chamonix,Chamonix,HOT-168
2025-01-14T13:31:13,410,Bordeaux,Bordeaux,HOT-102
2025-02-27T16:54:26,44,Lille,Lille,HOT-189
2024-12-29T10:30:44,94,Lille,Lille,HOT-194
2025-03-22T21:27:38,484,Chamonix,Chamonix,HOT-115
2025-01-19T19:18:14,11,Paris,Paris,HOT-286
2025-04-11T21:48:45,332,Chamonix,Chamonix,HOT-118
2025-01-05T01:57:25,465,Lyon,Lyon,HOT-237
2025-06-01T13:07:13,102,Bordeaux,Bordeaux,HOT-087
2025-01-27T17:33:11,26,Lille,Lille,HOT-220
2025-05-16T15:59:47,308,Bordeaux,Bordeaux,HOT-077
2025-01-03T18:29:06,46,Toulouse,Toulouse,HOT-088
2024-12-21T00:24:36,485,Chamonix,Chamonix,HOT-061
2024-12-18T17:32:58,8,Nantes,Nantes,HOT-223
2025-01-08T08:52:20,396,Strasbourg,Strasbourg,HOT-254
2025-05-10T01:31:58,61,Nice,Nice,HOT-105
2025-02-04T21:11:27,98,Bordeaux,Bordeaux,HOT-148
2025-04-01T16:43:20,383,Strasbourg,Strasbourg,HOT-196
2025-05-01T14:00:43,67,Lille,Lille,HOT-106
2025-05-16T04:51:15,308,Nice,Nice,HOT-145
2025-03-27T16:18:47,373,Nice,Nice,HOT-215
2025-06-04T00:41:04,93,Lille,Lille,HOT-075
2025-02-01T04:38:20,15,Bordeaux,Bordeaux,HOT-135
2025-03-02T10:13:10,121,Chamonix,Chamonix,HOT-231
2024-12-31T07:08:46,465,Nice,Nice,HOT-190
2025-03-08T03:54:25,299,Strasbourg,Strasbourg,HOT-044
2025-04-19T21:05:17,6,Strasbourg,Strasbourg,HOT-069
2025-02-04T04:47:01,447,Toulouse,Toulouse,HOT-204
2025-04-22T00:36:41,352,Nice,Nice,HOT-197
2025-02-23T07:26:30,363,Lille,Lille,HOT-132
2025-01-29T00:22:31,38,Lyon,Lyon,HOT-286
2025-03-14T07:59:07,31,Paris,Paris,HOT-171
2025-03-22T00:06:45,477,Nice,Nice,HOT-242
2025-03-13T00:52:07,466,Toulouse,Toulouse,HOT-024
2025-03-02T03:43:13,3,Bordeaux,Bordeaux,HOT-259
2024-12-22T18:30:08,318,Lille,Lille,HOT-155
2025-04-02T06:40:08,203,Toulouse,Toulouse,HOT-068
2024-12-14T21:22:50,496,Nantes,Nantes,HOT-022
2025-05-28T20:37:37,298,Marseille,Marseille,HOT-134
2025-03-01T01:00:56,87,Nantes,Nantes,HOT-253
2025-04-28T18:47:32,477,Toulouse,Toulouse,HOT-240
2025-02-07T17:44:36,68,Lyon,Lyon,HOT-163
2025-04-03T09:07:32,364,Nantes,Nantes,HOT-222
2025-01-24T18:24:54,73,Bordeaux,Bordeaux,HOT-060
2024-12-12T04:09:18,161,Paris,Paris,HOT-066
2024-12-24T21:13:48,256,Bordeaux,Bordeaux,HOT-185
2025-01-20T14:28:52,475,Lille,Lille,HOT-145
2025-04-17T02:04:27,463,Bordeaux,Bordeaux,HOT-136
2025-05-18T11:27:56,265,Toulouse,Toulouse,HOT-224
2025-05-23T05:54:55,458,Marseille,Marseille,HOT-162
2025-03-28T20:14:17,378,Strasbourg,Strasbourg,HOT-078
2025-03-31T03:48:26,285,Strasbourg,Strasbourg,HOT-028
2024-12-11T04:17:48,97,Marseille,Marseille,HOT-028
2025-05-04T15:39:28,118,Marseille,Marseille,HOT-019
2025-04-16T16:40:31,241,Bordeaux,Bordeaux,HOT-084
2025-05-15T15:42:59,362,Strasbourg,Strasbourg,HOT-224
2025-01-28T11:37:42,60,Strasbourg,Strasbourg,HOT-021
2025-03-29T01:07:18,227,Toulouse,Toulouse,HOT-288
2024-12-14T23:06:33,249,Strasbourg,Strasbourg,HOT-253
2025-05-04T07:57:42,58,Marseille,Marseille,HOT-064
2025-05-03T00:05:03,179,Lyon,Lyon,HOT-105
2025-01-10T04:03:50,445,Bordeaux,Bordeaux,HOT-093
2025-03-08T12:18:31,428,Marseille,Marseille,HOT-261
2025-03-17T22:09:46,422,Bordeaux,Bordeaux,HOT-289
2025-04-12T15:52:13,457,Chamonix,Chamonix,HOT-109
2025-03-03T00:33:16,299,Paris,Paris,HOT-270
2025-06-03T00:49:29,393,Chamonix,Chamonix,HOT-093
2025-01-30T03:55:10,214,Lyon,Lyon,HOT-127
2025-01-11T09:25:00,394,Strasbourg,Strasbourg,HOT-049
2025-03-30T19:26:59,455,Toulouse,Toulouse,HOT-014
2025-03-01T18:59:14,146,Lyon,Lyon,HOT-202
2025-04-09T09:55:38,192,Chamonix,Chamonix,HOT-055
2025-05-14T06:16:21,429,Toulouse,Toulouse,HOT-079
2025-03-12T15:13:27,15,Lyon,Lyon,HOT-236
2024-12-24T20:50:11,426,Strasbourg,Strasbourg,HOT-233
2025-03-08T10:01:23,322,Bordeaux,Bordeaux,HOT-003
2025-02-12T17:13:55,169,Paris,Paris,HOT-232
2025-02-24T10:39:22,167,Chamonix,Chamonix,HOT-067
2025-02-09T20:56:44,109,Paris,Paris,HOT-145
2025-02-07T11:51:21,166,Paris,Paris,HOT-037
2025-04-16T06:39:52,281,Chamonix,Chamonix,HOT-196
2024-12-27T11:05:12,48,Lille,Lille,HOT-131
2025-05-22T16:56:31,92,Nice,Nice,HOT-205
2025-01-07T09:06:51,46,Paris,Paris,HOT-107
2025-02-09T04:36:45,84,Lille,Lille,HOT-207
2025-02-25T02:01:16,146,Marseille,Marseille,HOT-062
2025-04-20T20:22:11,153,Strasbourg,Strasbourg,HOT-222
2025-03-13T08:40:08,377,Bordeaux,Bordeaux,HOT-068
2025-02-01T02:48:30,184,Lyon,Lyon,HOT-189
2025-04-14T19:28:45,263,Nice,Nice,HOT-251
2025-02-22T21:51:31,229,Lille,Lille,HOT-244
2025-05-14T03:06:31,138,Chamonix,Chamonix,HOT-217
2025-05-03T19:48:06,47,Lille,Lille,HOT-189
2025-03-23T23:15:07,315,Marseille,Marseille,HOT-223
2024-12-14T06:38:13,323,Lille,Lille,HOT-048
2025-03-05T11:15:30,21,Nantes,Nantes,HOT-175
2024-12-24T06:00:16,499,Strasbourg,Strasbourg,HOT-115
2025-02-06T05:22:20,332,Marseille,Marseille,HOT-254
2025-01-25T03:52:48,270,Nantes,Nantes,HOT-043
2025-02-07T22:10:52,149,Strasbourg,Strasbourg,HOT-224
2024-12-29T15:50:59,41,Strasbourg,Strasbourg,HOT-154
2025-05-06T03:57:01,77,Marseille,Marseille,HOT-154
2025-02-23T15:12:30,431,Nice,Nice,HOT-268
2025-05-24T02:23:29,219,Bordeaux,Bordeaux,HOT-292
2025-03-17T01:48:30,25,Nantes,Nantes,HOT-040
2025-05-16T08:03:19,470,Paris,Paris,HOT-263
2024-12-07T08:58:49,56,Nantes,Nantes,HOT-218
2025-04-13T20:32:08,212,Lyon,Lyon,HOT-238
2025-05-24T23:09:44,339,Chamonix,Chamonix,HOT-130
2025-03-22T12:17:07,182,Bordeaux,Bordeaux,HOT-042
2025-03-06T20:34:54,394,Nantes,Nantes,HOT-009
2025-02-25T09:29:21,59,Strasbourg,Strasbourg,HOT-092
2024-12-17T16:13:31,403,Marseille,Marseille,HOT-202
2025-01-12T13:48:50,24,Lyon,Lyon,HOT-214
2025-03-17T19:43:07,449,Bordeaux,Bordeaux,HOT-161
2025-02-15T09:37:48,301,Strasbourg,Strasbourg,HOT-231
2025-04-07T01:18:00,320,Bordeaux,Bordeaux,HOT-175
2025-05-03T00:53:48,495,Marseille,Marseille,HOT-109
2025-03-13T22:45:44,95,Lyon,Lyon,HOT-133
2025-04-07T14:13:55,447,Lyon,Lyon,HOT-223
2025-03-02T23:40:34,274,Paris,Paris,HOT-003
2025-05-03T17:25:43,203,Lyon,Lyon,HOT-007
2024-12-17T04:08:39,88,Strasbourg,Strasbourg,HOT-236
2025-01-15T16:15:58,355,Lille,Lille,HOT-250
2025-01-28T00:11:18,156,Chamonix,Chamonix,HOT-185
2025-03-23T19:09:54,354,Lille,Lille,HOT-155
2025-01-01T14:10:55,45,Marseille,Marseille,HOT-070
2025-06-05T06:53:04,8,Nice,Nice,HOT-058
2025-02-01T01:55:45,418,Paris,Paris,HOT-097
2025-03-02T05:23:06,440,Paris,Paris,HOT-108
2025-05-27T04:39:31,247,Marseille,Marseille,HOT-124
2025-04-21T17:41:49,224,Nantes,Nantes,HOT-098
2025-03-11T06:32:12,45,Bordeaux,Bordeaux,HOT-238
2024-12-30T17:30:09,76,Strasbourg,Strasbourg,HOT-217
2024-12-12T18:09:26,12,Lyon,Lyon,HOT-086
2025-04-08T11:43:57,463,Marseille,Marseille,HOT-228
2025-04-04T09:09:49,494,Strasbourg,Strasbourg,HOT-242
2025-05-11T08:41:17,11,Strasbourg,Strasbourg,HOT-125
2025-01-22T14:49:23,104,Bordeaux,Bordeaux,HOT-292
2025-04-23T23:26:37,425,Lille,Lille,HOT-027
2025-01-06T21:42:42,171,Paris,Paris,HOT-053
2025-02-05T11:49:00,323,Lille,Lille,HOT-213
2025-03-24T02:42:43,435,Strasbourg,Strasbourg,HOT-297
2024-12-09T19:20:37,306,Nantes,Nantes,HOT-149
2025-03-24T09:17:39,19,Strasbourg,Strasbourg,HOT-205
2025-02-24T08:59:25,249,Nantes,Nantes,HOT-250
2024-12-25T06:00:08,119,Paris,Paris,HOT-271
2025-01-19T18:47:49,10,Lille,Lille,HOT-296
2025-05-19T12:51:02,162,Nantes,Nantes,HOT-033
2025-06-02T10:10:39,138,Lille,Lille,HOT-243
2024-12-29T04:22:59,60,Strasbourg,Strasbourg,HOT-178
2025-03-06T18:07:08,230,Lille,Lille,HOT-011
2024-12-29T23:02:52,83,Bordeaux,Bordeaux,HOT-099
2025-04-11T22:09:43,241,Toulouse,Toulouse,HOT-225
2025-05-17T17:41:03,119,Nantes,Nantes,HOT-113
2025-01-06T01:10:24,301,Toulouse,Toulouse,HOT-240
2025-03-13T22:12:51,68,Bordeaux,Bordeaux,HOT-200
2025-06-06T06:05:39,492,Lille,Lille,HOT-185
2025-04-25T07:13:46,408,Strasbourg,Strasbourg,HOT-083
2025-02-01T19:47:22,319,Nice,Nice,HOT-145
2025-03-15T23:07:53,354,Lyon,Lyon,HOT-248
2025-04-23T03:04:21,67,Marseille,Marseille,HOT-103
2025-01-29T05:52:06,81,Chamonix,Chamonix,HOT-252
2025-02-25T19:56:29,52,Lille,Lille,HOT-253
2025-05-18T05:42:41,156,Nice,Nice,HOT-108
2025-03-10T20:13:37,286,Paris,Paris,HOT-010
2025-03-08T20:19:11,184,Bordeaux,Bordeaux,HOT-183
2025-01-23T11:29:04,347,Marseille,Marseille,HOT-090
2025-03-05T20:23:43,424,Nantes,Nantes,HOT-017
2025-03-24T04:41:51,414,Lyon,Lyon,HOT-173
2025-01-04T05:41:47,221,Lyon,Lyon,HOT-117
2025-02-19T15:15:23,62,Nantes,Nantes,HOT-115
2025-01-13T03:55:29,250,Bordeaux,Bordeaux,HOT-175
2025-06-04T03:49:59,402,Toulouse,Toulouse,HOT-024
2025-04-02T12:55:05,395,Nantes,Nantes,HOT-137
2025-03-15T20:11:25,459,Marseille,Marseille,HOT-264
2025-05-01T01:35:29,310,Lyon,Lyon,HOT-026
2025-05-26T21:34:24,475,Strasbourg,Strasbourg,HOT-235
2025-01-02T15:47:27,493,Lyon,Lyon,HOT-055
2025-05-23T22:16:24,401,Chamonix,Chamonix,HOT-053
2024-12-20T16:57:16,422,Nantes,Nantes,HOT-022
2025-01-29T19:01:20,260,Lyon,Lyon,HOT-086
2025-05-06T04:32:35,323,Lyon,Lyon,HOT-106
2025-05-09T13:18:42,467,Toulouse,Toulouse,HOT-081
2025-05-22T01:27:59,373,Bordeaux,Bordeaux,HOT-227
2025-02-25T17:23:16,391,Nantes,Nantes,HOT-256
2025-02-11T03:32:58,376,Lyon,Lyon,HOT-079
2025-06-06T13:31:45,332,Toulouse,Toulouse,HOT-172
2025-05-09T02:38:43,420,Marseille,Marseille,HOT-063
2025-03-15T17:50:42,435,Nice,Nice,HOT-225
2025-01-28T00:43:51,497,Lille,Lille,HOT-004
2025-05-15T11:39:13,126,Strasbourg,Strasbourg,HOT-175
2024-12-07T15:34:15,147,Nantes,Nantes,HOT-088
2025-01-31T01:44:28,44,Bordeaux,Bordeaux,HOT-191
2025-04-27T03:15:32,367,Lille,Lille,HOT-185
2025-02-03T02:59:13,323,Nice,Nice,HOT-078
2025-05-18T18:32:12,386,Nantes,Nantes,HOT-216
2025-03-31T02:56:38,404,Nice,Nice,HOT-071
2025-03-29T18:15:17,411,Lille,Lille,HOT-212
2025-04-14T07:09:46,471,Lille,Lille,HOT-235
2025-03-12T05:30:19,488,Nantes,Nantes,HOT-186
2025-05-24T04:01:21,484,Paris,Paris,HOT-227
2025-01-05T00:07:15,75,Paris,Paris,HOT-265
2025-03-03T20:40:40,484,Lyon,Lyon,HOT-044
2025-03-21T17:35:00,174,Toulouse,Toulouse,HOT-206
2025-03-11T04:48:38,396,Marseille,Marseille,HOT-223
2025-02-12T04:00:36,32,Lille,Lille,HOT-019
2025-02-09T16:53:54,339,Marseille,Marseille,HOT-295
2025-03-24T07:44:15,30,Nantes,Nantes,HOT-152
2025-05-04T06:51:37,215,Lille,Lille,HOT-284
2025-03-22T16:11:01,448,Bordeaux,Bordeaux,HOT-161
2025-02-18T09:32:32,466,Toulouse,Toulouse,HOT-005
2025-03-05T13:40:32,424,Bordeaux,Bordeaux,HOT-271
2025-06-06T07:01:21,313,Marseille,Marseille,HOT-207
2025-02-07T15:12:26,229,Nice,Nice,HOT-279
2025-05-25T00:15:13,320,Chamonix,Chamonix,HOT-227
2025-01-12T18:47:59,358,Toulouse,Toulouse,HOT-208
2025-04-21T14:11:39,398,Nice,Nice,HOT-155
2025-01-22T12:31:50,44,Paris,Paris,HOT-276
2025-03-28T04:23:10,172,Lille,Lille,HOT-065
2025-02-19T12:23:22,267,Nantes,Nantes,HOT-146
2025-01-21T12:05:45,110,Lyon,Lyon,HOT-262
2025-05-22T08:55:32,283,Bordeaux,Bordeaux,HOT-267
2025-05-06T17:54:55,175,Marseille,Marseille,HOT-012
2025-02-24T21:58:00,15,Nantes,Nantes,HOT-133
2024-12-15T15:01:38,124,Bordeaux,Bordeaux,HOT-217
2025-02-06T22:25:30,259,Lyon,Lyon,HOT-031
2025-04-30T18:11:37,431,Toulouse,Toulouse,HOT-133
2025-03-08T23:50:42,322,Nantes,Nantes,HOT-182
2025-04-23T02:12:58,64,Paris,Paris,HOT-064
2025-06-02T12:30:33,230,Bordeaux,Bordeaux,HOT-294
2025-05-13T17:03:20,378,Paris,Paris,HOT-233
2025-02-19T04:16:55,174,Nice,Nice,HOT-298
2025-02-20T02:52:24,290,Nantes,Nantes,HOT-120
2025-04-15T00:37:48,180,Bordeaux,Bordeaux,HOT-146
2025-05-10T00:26:17,342,Chamonix,Chamonix,HOT-072
2025-05-15T12:34:36,366,Lille,Lille,HOT-267
2025-04-12T18:14:41,378,Nice,Nice,HOT-054
2025-01-05T16:28:41,168,Nantes,Nantes,HOT-299
2025-03-13T08:00:53,99,Toulouse,Toulouse,HOT-233
2024-12-14T08:08:24,51,Marseille,Marseille,HOT-218
2024-12-31T15:57:58,425,Lille,Lille,HOT-042
2025-03-14T16:27:45,48,Paris,Paris,HOT-218
2025-03-31T18:03:22,455,Marseille,Marseille,HOT-244
2025-02-09T14:49:24,110,Strasbourg,Strasbourg,HOT-040
2025-05-25T00:42:48,190,Nantes,Nantes,HOT-207
2024-12-26T15:20:56,302,Nantes,Nantes,HOT-266
2025-05-25T21:38:18,399,Lille,Lille,HOT-136
2025-05-20T05:47:06,300,Strasbourg,Strasbourg,HOT-217
2025-03-02T15:35:30,226,Strasbourg,Strasbourg,HOT-214
2024-12-26T12:18:22,422,Marseille,Marseille,HOT-074
2025-03-19T06:43:32,259,Marseille,Marseille,HOT-249
2025-06-01T22:34:54,365,Strasbourg,Strasbourg,HOT-067
2025-03-05T21:03:19,496,Nantes,Nantes,HOT-271
2024-12-10T03:08:27,61,Nice,Nice,HOT-234
2025-04-26T10:26:54,243,Paris,Paris,HOT-081
2025-01-04T03:25:44,484,Nantes,Nantes,HOT-190
2025-02-24T18:15:17,472,Lyon,Lyon,HOT-210
2025-05-25T06:27:28,57,Lyon,Lyon,HOT-190
2025-04-13T07:07:05,293,Bordeaux,Bordeaux,HOT-021
2025-01-06T02:59:29,268,Marseille,Marseille,HOT-061
2024-12-21T16:20:27,191,Bordeaux,Bordeaux,HOT-192
2025-03-08T07:36:03,156,Bordeaux,Bordeaux,HOT-249
2025-05-07T21:47:16,15,Marseille,Marseille,HOT-073
2025-01-27T14:42:42,402,Chamonix,Chamonix,HOT-216
2025-02-10T21:25:32,25,Bordeaux,Bordeaux,HOT-146
2025-04-07T04:12:55,111,Marseille,Marseille,HOT-251
2025-04-20T15:51:12,2,Lyon,Lyon,HOT-281
2025-02-22T08:01:21,179,Lyon,Lyon,HOT-023
2025-04-12T08:04:27,214,Strasbourg,Strasbourg,HOT-294
2024-12-22T17:54:45,159,Chamonix,Chamonix,HOT-232
2025-05-21T13:07:48,461,Toulouse,Toulouse,HOT-194
2025-02-08T22:50:33,244,Chamonix,Chamonix,HOT-068
2025-05-21T15:48:52,391,Marseille,Marseille,HOT-259
2025-04-17T02:20:59,326,Strasbourg,Strasbourg,HOT-231
2025-05-23T00:26:27,342,Strasbourg,Strasbourg,HOT-077
2025-03-20T18:28:34,444,Toulouse,Toulouse,HOT-046
2025-02-18T22:35:17,410,Chamonix,Chamonix,HOT-210
2025-02-06T15:21:50,199,Nice,Nice,HOT-203
2025-04-07T20:42:43,174,Nantes,Nantes,HOT-024
2025-04-25T17:04:55,491,Strasbourg,Strasbourg,HOT-143
2025-05-28T11:22:48,331,Lyon,Lyon,HOT-085
2025-05-03T14:41:06,363,Paris,Paris,HOT-293
2025-03-11T21:36:58,323,Bordeaux,Bordeaux,HOT-288
2025-05-25T13:12:56,331,Lyon,Lyon,HOT-287
2025-03-22T04:56:00,44,Nice,Nice,HOT-278
2024-12-14T02:55:04,296,Paris,Paris,HOT-292
2025-04-06T01:11:08,268,Nice,Nice,HOT-244
2024-12-20T10:28:47,258,Paris,Paris,HOT-062
2025-01-21T17:43:29,338,Nantes,Nantes,HOT-093
2025-04-08T17:02:22,493,Paris,Paris,HOT-141
2025-04-19T01:08:57,403,Nice,Nice,HOT-126
2025-06-03T23:27:24,425,Chamonix,Chamonix,HOT-228
2025-01-31T22:53:57,44,Nantes,Nantes,HOT-165
2025-01-20T07:46:44,206,Chamonix,Chamonix,HOT-024
2025-05-01T03:47:58,252,Paris,Paris,HOT-175
2024-12-24T16:48:51,224,Marseille,Marseille,HOT-213
2025-03-01T10:04:11,13,Nantes,Nantes,HOT-163
2024-12-26T06:23:39,196,Bordeaux,Bordeaux,HOT-047
2025-05-03T19:11:44,59,Lyon,Lyon,HOT-278
2025-04-09T05:05:42,87,Bordeaux,Bordeaux,HOT-074
2025-04-22T19:59:06,94,Bordeaux,Bordeaux,HOT-046
2025-05-25T14:07:48,79,Bordeaux,Bordeaux,HOT-209
2024-12-26T16:00:49,348,Marseille,Marseille,HOT-031
2025-03-03T07:18:28,315,Toulouse,Toulouse,HOT-093
2025-01-08T10:55:55,14,Paris,Paris,HOT-153
2025-04-20T21:53:45,200,Lyon,Lyon,HOT-164
2025-02-03T07:13:45,73,Lille,Lille,HOT-166
2025-05-31T13:52:38,133,Lille,Lille,HOT-062
2024-12-12T18:31:12,27,Nice,Nice,HOT-123
2024-12-16T01:56:58,386,Chamonix,Chamonix,HOT-122
2025-02-08T03:18:41,253,Nantes,Nantes,HOT-259
2025-05-10T17:54:48,198,Lyon,Lyon,HOT-138
2024-12-18T01:09:02,32,Toulouse,Toulouse,HOT-238
2025-02-02T02:48:32,284,Lille,Lille,HOT-034
2025-02-14T18:10:34,248,Paris,Paris,HOT-209
2025-02-17T22:30:07,325,Nice,Nice,HOT-010
2025-02-28T18:45:43,138,Nantes,Nantes,HOT-052
2025-01-04T10:01:13,127,Nantes,Nantes,HOT-065
2025-01-23T13:39:31,156,Chamonix,Chamonix,HOT-209
2025-03-20T07:01:50,229,Lyon,Lyon,HOT-257
2025-02-25T03:54:59,105,Marseille,Marseille,HOT-192
2025-03-27T01:01:55,277,Marseille,Marseille,HOT-126
2025-04-18T13:02:10,276,Lille,Lille,HOT-285
2025-05-10T01:01:28,232,Paris,Paris,HOT-001
2025-01-11T02:44:31,417,Strasbourg,Strasbourg,HOT-149
2025-01-09T03:47:50,335,Marseille,Marseille,HOT-001
2025-01-10T03:29:54,31,Strasbourg,Strasbourg,HOT-140
2024-12-22T11:38:07,307,Bordeaux,Bordeaux,HOT-195
2025-04-04T12:03:13,180,Nice,Nice,HOT-262
2025-05-25T06:01:22,145,Paris,Paris,HOT-083
2025-02-19T10:24:06,379,Nantes,Nantes,HOT-289
2025-04-06T11:40:32,36,Bordeaux,Bordeaux,HOT-046
2025-04-18T19:15:14,203,Lyon,Lyon,HOT-072
2025-01-22T21:57:51,372,Nantes,Nantes,HOT-144
2025-03-13T18:54:48,450,Lille,Lille,HOT-108
2025-06-02T09:42:27,313,Nantes,Nantes,HOT-163
2025-03-30T09:19:31,453,Toulouse,Toulouse,HOT-134
2025-01-03T22:35:34,386,Strasbourg,Strasbourg,HOT-140
2025-01-21T05:41:33,126,Toulouse,Toulouse,HOT-175
2025-03-06T16:43:49,108,Strasbourg,Strasbourg,HOT-169
2025-04-10T00:28:01,9,Marseille,Marseille,HOT-002
2025-01-25T11:14:10,312,Strasbourg,Strasbourg,HOT-003
2025-03-06T09:22:11,462,Paris,Paris,HOT-089
2025-01-25T17:31:29,212,Nantes,Nantes,HOT-251
2025-04-15T15:19:08,391,Lille,Lille,HOT-276
2024-12-08T23:24:40,42,Lyon,Lyon,HOT-276
2025-05-30T16:50:00,16,Strasbourg,Strasbourg,HOT-064
2025-05-12T09:28:40,181,Lille,Lille,HOT-184
2025-03-07T11:51:12,199,Marseille,Marseille,HOT-005
2025-05-31T03:33:23,64,Strasbourg,Strasbourg,HOT-190
2025-02-01T00:04:36,480,Nice,Nice,HOT-228
2025-04-17T17:30:42,5,Nice,Nice,HOT-011
2025-03-23T06:56:53,389,Bordeaux,Bordeaux,HOT-184
2025-01-06T19:50:09,99,Lyon,Lyon,HOT-156
2024-12-21T11:50:15,414,Nice,Nice,HOT-120
2025-03-02T22:13:33,253,Toulouse,Toulouse,HOT-019
2025-02-12T06:04:07,144,Strasbourg,Strasbourg,HOT-108
2025-03-31T05:53:55,4,Nice,Nice,HOT-203
2025-02-03T05:46:33,57,Bordeaux,Bordeaux,HOT-292
2025-04-10T05:17:10,257,Strasbourg,Strasbourg,HOT-088
2025-02-27T13:02:20,283,Nice,Nice,HOT-290
2025-04-20T04:42:36,345,Chamonix,Chamonix,HOT-290
2025-01-24T17:09:29,90,Lyon,Lyon,HOT-066
2025-03-05T20:37:31,382,Lyon,Lyon,HOT-066
2025-05-20T07:01:04,133,Chamonix,Chamonix,HOT-117
2025-02-03T19:36:18,452,Nantes,Nantes,HOT-141
2025-01-14T20:02:04,99,Paris,Paris,HOT-273
2025-02-19T20:24:59,315,Bordeaux,Bordeaux,HOT-287
2025-05-21T20:26:51,453,Strasbourg,Strasbourg,HOT-002
2025-03-10T23:31:44,481,Lille,Lille,HOT-027
2024-12-27T20:39:22,438,Toulouse,Toulouse,HOT-222
2025-01-22T05:04:29,433,Lille,Lille,HOT-141
2025-02-19T04:54:09,63,Nantes,Nantes,HOT-239
2025-03-28T04:58:08,254,Toulouse,Toulouse,HOT-265
2025-02-14T20:29:13,389,Paris,Paris,HOT-115
2025-03-28T18:26:01,25,Bordeaux,Bordeaux,HOT-216
2025-02-02T14:28:52,273,Strasbourg,Strasbourg,HOT-162
2025-04-21T22:29:34,3,Lille,Lille,HOT-100
2025-02-02T11:29:28,172,Lyon,Lyon,HOT-293
2024-12-11T09:51:43,414,Paris,Paris,HOT-116
2025-05-17T07:52:17,354,Lille,Lille,HOT-039
2025-04-13T23:11:21,470,Nice,Nice,HOT-101
2025-02-22T00:12:16,85,Toulouse,Toulouse,HOT-160
2025-01-29T10:47:14,33,Lyon,Lyon,HOT-015
2024-12-08T17:21:19,246,Lille,Lille,HOT-013
2025-03-27T01:02:11,304,Toulouse,Toulouse,HOT-129
2025-05-24T03:07:20,127,Lyon,Lyon,HOT-243
2025-04-19T07:40:24,123,Toulouse,Toulouse,HOT-028
2025-05-07T06:48:40,421,Toulouse,Toulouse,HOT-267
2025-04-30T18:01:27,407,Nice,Nice,HOT-038
2024-12-16T16:10:43,398,Chamonix,Chamonix,HOT-225
2025-06-01T23:23:55,392,Lyon,Lyon,HOT-229
2025-04-03T21:40:30,297,Lyon,Lyon,HOT-044
2025-04-30T20:22:12,499,Paris,Paris,HOT-018
2025-03-13T14:31:58,194,Toulouse,Toulouse,HOT-034
2025-05-17T20:55:36,401,Marseille,Marseille,HOT-032
2025-05-31T17:17:06,471,Strasbourg,Strasbourg,HOT-029
2025-05-31T11:35:52,155,Chamonix,Chamonix,HOT-222
2025-01-31T17:22:39,34,Lyon,Lyon,HOT-029
2025-05-06T18:49:51,287,Paris,Paris,HOT-151
2025-05-11T06:34:26,436,Lille,Lille,HOT-206
2025-01-20T20:02:43,50,Chamonix,Chamonix,HOT-211
2025-04-04T00:44:38,120,Chamonix,Chamonix,HOT-006
2025-05-11T20:53:23,233,Lille,Lille,HOT-238
2025-02-13T13:33:02,408,Lille,Lille,HOT-052
2025-01-18T16:15:04,174,Paris,Paris,HOT-233
2025-04-09T18:28:13,265,Toulouse,Toulouse,HOT-099
2025-01-13T01:41:43,56,Lyon,Lyon,HOT-007
2025-04-06T17:10:43,305,Lyon,Lyon,HOT-100
2025-01-24T19:37:17,464,Chamonix,Chamonix,HOT-065
2025-04-17T18:13:38,327,Nantes,Nantes,HOT-132
2025-05-02T20:51:41,182,Lille,Lille,HOT-247
2025-04-26T03:23:09,372,Chamonix,Chamonix,HOT-228
2025-05-05T04:17:20,96,Nice,Nice,HOT-071
2025-04-14T03:37:29,409,Paris,Paris,HOT-031
2025-04-18T08:37:50,66,Bordeaux,Bordeaux,HOT-224
2025-05-18T22:33:00,263,Toulouse,Toulouse,HOT-160
2025-01-02T17:03:12,299,Nantes,Nantes,HOT-075
2025-04-08T03:27:52,76,Strasbourg,Strasbourg,HOT-159
2024-12-26T00:25:58,309,Toulouse,Toulouse,HOT-150
2025-05-31T13:46:57,189,Paris,Paris,HOT-266
2025-04-07T23:46:58,301,Marseille,Marseille,HOT-030
2025-04-11T15:46:54,122,Nantes,Nantes,HOT-287
2024-12-14T19:20:19,440,Paris,Paris,HOT-217
2025-02-05T03:20:51,177,Nice,Nice,HOT-103
2025-05-09T06:48:26,328,Nice,Nice,HOT-036
2025-03-02T18:00:03,175,Nice,Nice,HOT-244
2024-12-13T15:06:21,356,Strasbourg,Strasbourg,HOT-170
2025-03-29T16:37:32,437,Chamonix,Chamonix,HOT-290
2025-02-15T23:59:33,494,Toulouse,Toulouse,HOT-154
2025-04-28T08:39:36,215,Toulouse,Toulouse,HOT-084
2025-01-01T16:02:22,54,Strasbourg,Strasbourg,HOT-022
2024-12-24T15:40:05,254,Nice,Nice,HOT-002
2025-06-01T18:47:20,328,Nice,Nice,HOT-118
2025-02-02T10:55:49,239,Chamonix,Chamonix,HOT-110
2025-02-08T14:14:15,123,Strasbourg,Strasbourg,HOT-170
2025-05-01T07:07:45,414,Lille,Lille,HOT-106
2025-02-25T20:00:03,205,Marseille,Marseille,HOT-004
2025-01-10T06:09:29,186,Paris,Paris,HOT-038
2025-01-15T03:23:15,184,Paris,Paris,HOT-285
2025-01-01T19:31:31,59,Marseille,Marseille,HOT-149
2025-05-08T21:01:53,226,Nice,Nice,HOT-185
2025-03-21T21:26:18,23,Paris,Paris,HOT-102
2025-05-26T08:13:06,102,Bordeaux,Bordeaux,HOT-090
2025-02-16T04:38:08,113,Bordeaux,Bordeaux,HOT-090
2025-03-20T05:34:02,174,Nantes,Nantes,HOT-126
2025-03-14T14:08:57,92,Nice,Nice,HOT-012
2025-06-02T12:46:26,91,Bordeaux,Bordeaux,HOT-052
2025-01-29T01:41:08,11,Marseille,Marseille,HOT-195
2025-05-17T09:53:56,336,Lyon,Lyon,HOT-174
2025-01-08T02:26:55,480,Nice,Nice,HOT-157
2025-01-26T01:11:00,234,Nice,Nice,HOT-190
2025-06-02T15:23:34,415,Toulouse,Toulouse,HOT-088
2025-05-16T06:56:57,482,Nantes,Nantes,HOT-223
2025-03-10T17:11:23,450,Lyon,Lyon,HOT-061
2025-05-12T18:07:29,74,Marseille,Marseille,HOT-098
2025-02-02T11:04:29,99,Nantes,Nantes,HOT-194
2025-05-01T02:50:05,356,Toulouse,Toulouse,HOT-163
2025-05-25T03:57:35,307,Lille,Lille,HOT-126
2025-02-10T22:08:36,472,Paris,Paris,HOT-097
2025-05-12T07:36:41,438,Nantes,Nantes,HOT-151
2024-12-29T12:20:45,405,Marseille,Marseille,HOT-168
2025-03-08T02:11:54,127,Paris,Paris,HOT-144
2024-12-21T18:32:11,447,Marseille,Marseille,HOT-261
2025-01-03T11:35:28,496,Chamonix,Chamonix,HOT-251
2025-05-02T14:13:00,108,Lyon,Lyon,HOT-241
2025-01-19T23:03:24,405,Chamonix,Chamonix,HOT-034
2025-05-23T04:09:42,86,Nantes,Nantes,HOT-199
2025-04-17T11:30:47,385,Nantes,Nantes,HOT-192
2025-04-26T18:42:38,256,Nantes,Nantes,HOT-238
2025-04-17T02:34:36,92,Toulouse,Toulouse,HOT-192
2025-02-22T07:41:16,270,Strasbourg,Strasbourg,HOT-254
2025-05-20T09:04:15,243,Bordeaux,Bordeaux,HOT-298
2025-05-12T09:15:58,206,Chamonix,Chamonix,HOT-019
2025-03-25T08:52:52,107,Nice,Nice,HOT-104
2025-02-16T04:15:05,232,Nice,Nice,HOT-203
2024-12-24T16:27:28,112,Bordeaux,Bordeaux,HOT-218
2025-05-09T16:27:40,456,Lille,Lille,HOT-293
2025-02-21T18:28:00,81,Toulouse,Toulouse,HOT-131
2024-12-09T20:28:54,282,Lyon,Lyon,HOT-069
2025-01-27T12:04:56,385,Lyon,Lyon,HOT-152
2025-03-21T08:13:27,228,Nantes,Nantes,HOT-181
2024-12-31T03:34:52,118,Chamonix,Chamonix,HOT-022
2025-03-05T11:04:21,239,Nantes,Nantes,HOT-173
2025-02-16T17:20:59,219,Strasbourg,Strasbourg,HOT-240
2025-04-16T19:13:25,222,Lille,Lille,HOT-189
2025-05-01T14:15:47,412,Strasbourg,Strasbourg,HOT-163
2025-04-16T16:57:04,140,Lille,Lille,HOT-013
2025-01-27T01:22:36,92,Strasbourg,Strasbourg,HOT-120
2025-03-30T15:51:48,136,Lyon,Lyon,HOT-184
2025-02-19T03:19:25,462,Lyon,Lyon,HOT-151
2025-05-15T20:21:30,432,Nantes,Nantes,HOT-263
2025-04-10T03:28:16,280,Lyon,Lyon,HOT-142
2025-02-17T06:48:31,475,Nice,Nice,HOT-051
2024-12-28T04:32:43,61,Lyon,Lyon,HOT-185
2025-04-17T04:34:56,20,Nantes,Nantes,HOT-103
2025-01-21T13:18:18,171,Nice,Nice,HOT-169
2025-03-08T16:51:27,129,Bordeaux,Bordeaux,HOT-141
2024-12-12T00:14:21,98,Chamonix,Chamonix,HOT-071
2025-04-06T10:54:49,438,Nantes,Nantes,HOT-134
2025-05-27T20:26:56,5,Bordeaux,Bordeaux,HOT-145
2025-03-26T03:57:50,422,Toulouse,Toulouse,HOT-207
2025-02-08T20:14:10,485,Lille,Lille,HOT-297
2025-06-02T21:01:04,388,Paris,Paris,HOT-242
2025-04-04T14:48:18,335,Nantes,Nantes,HOT-077
2025-01-19T03:15:43,444,Lille,Lille,HOT-117
2025-04-11T21:53:41,117,Nice,Nice,HOT-243
2024-12-19T10:13:43,120,Nantes,Nantes,HOT-283
2025-04-09T12:48:46,388,Strasbourg,Strasbourg,HOT-237
2025-05-16T03:03:37,175,Lyon,Lyon,HOT-161
2025-03-07T07:15:34,434,Nice,Nice,HOT-220
2025-06-01T17:40:10,395,Lille,Lille,HOT-108
2025-04-22T06:52:21,225,Strasbourg,Strasbourg,HOT-286
2025-02-03T19:55:27,16,Toulouse,Toulouse,HOT-072
2025-04-12T05:17:28,296,Marseille,Marseille,HOT-157
2025-02-24T10:24:45,483,Paris,Paris,HOT-256
2024-12-29T19:21:55,415,Toulouse,Toulouse,HOT-174
2025-01-03T07:01:27,116,Lille,Lille,HOT-218
2024-12-15T22:56:51,352,Lille,Lille,HOT-276
2024-12-14T09:02:13,154,Toulouse,Toulouse,HOT-012
2025-02-04T06:03:28,291,Paris,Paris,HOT-072
2025-03-12T19:24:47,79,Toulouse,Toulouse,HOT-291
2024-12-29T16:46:36,323,Chamonix,Chamonix,HOT-294
2024-12-26T00:33:49,444,Lille,Lille,HOT-196
2025-01-21T17:51:48,105,Lille,Lille,HOT-033
2025-05-28T10:32:39,274,Lille,Lille,HOT-097
2025-03-21T12:45:53,244,Lyon,Lyon,HOT-169
2025-01-02T11:51:23,292,Strasbourg,Strasbourg,HOT-156
2025-02-20T14:50:13,48,Marseille,Marseille,HOT-054
2025-03-05T05:44:57,346,Nantes,Nantes,HOT-091
2025-02-17T04:39:18,17,Chamonix,Chamonix,HOT-251
2025-04-16T08:18:30,14,Marseille,Marseille,HOT-102
2025-04-30T10:54:00,36,Lille,Lille,HOT-146
2025-04-21T09:28:00,106,Nice,Nice,HOT-150
2025-03-22T01:05:44,338,Nantes,Nantes,HOT-036
2025-02-26T12:53:18,233,Paris,Paris,HOT-189
2025-03-31T04:49:13,266,Paris,Paris,HOT-088
2025-04-30T06:50:25,168,Lille,Lille,HOT-201
2025-04-27T05:48:48,81,Lyon,Lyon,HOT-067
2025-01-06T03:44:42,275,Lille,Lille,HOT-245
2025-05-28T01:56:36,381,Lyon,Lyon,HOT-200
2025-02-25T17:07:05,490,Nice,Nice,HOT-067
2025-04-13T07:46:24,446,Nice,Nice,HOT-159
2024-12-26T09:05:25,222,Strasbourg,Strasbourg,HOT-082
2025-05-18T00:54:26,310,Chamonix,Chamonix,HOT-159
2025-03-12T04:08:18,301,Nice,Nice,HOT-258
2025-04-05T16:45:48,367,Strasbourg,Strasbourg,HOT-142
2025-02-24T09:34:26,104,Paris,Paris,HOT-074
2025-06-07T11:55:14,229,Lyon,Lyon,HOT-205
2025-01-30T11:17:58,310,Nice,Nice,HOT-270
2024-12-13T12:05:06,169,Chamonix,Chamonix,HOT-252
2025-04-20T04:33:25,236,Strasbourg,Strasbourg,HOT-295
2025-02-17T02:24:39,21,Lyon,Lyon,HOT-148
2025-01-18T08:09:58,331,Strasbourg,Strasbourg,HOT-178
2025-03-03T05:55:51,359,Bordeaux,Bordeaux,HOT-201
2025-03-03T12:02:56,314,Marseille,Marseille,HOT-213
2025-01-21T23:58:50,128,Marseille,Marseille,HOT-222
2025-05-22T06:18:10,235,Lille,Lille,HOT-094
2025-02-15T13:51:20,358,Chamonix,Chamonix,HOT-049
2024-12-26T10:38:31,202,Paris,Paris,HOT-123
2025-04-19T07:07:03,454,Marseille,Marseille,HOT-141
2025-02-16T11:31:15,452,Nantes,Nantes,HOT-150
2025-03-22T21:00:39,342,Lyon,Lyon,HOT-112
2025-05-31T05:49:30,466,Strasbourg,Strasbourg,HOT-211
2025-04-11T08:43:36,391,Nantes,Nantes,HOT-063
2025-02-14T19:09:26,189,Lyon,Lyon,HOT-054
2024-12-18T21:47:59,259,Toulouse,Toulouse,HOT-210
2025-02-22T11:04:52,231,Marseille,Marseille,HOT-130
2025-01-29T17:19:00,107,Nantes,Nantes,HOT-023
2025-01-13T00:11:17,237,Paris,Paris,HOT-038
2024-12-30T20:55:17,328,Strasbourg,Strasbourg,HOT-196
2025-05-20T19:44:13,176,Lille,Lille,HOT-100
2025-05-16T04:37:29,204,Paris,Paris,HOT-006
2025-03-05T10:45:09,129,Lyon,Lyon,HOT-070
2024-12-24T22:50:42,168,Strasbourg,Strasbourg,HOT-249
2025-04-14T20:20:32,237,Lyon,Lyon,HOT-043
2025-01-17T08:06:03,281,Nice,Nice,HOT-225
2025-04-10T18:10:32,72,Strasbourg,Strasbourg,HOT-143
2025-04-10T07:52:08,431,Marseille,Marseille,HOT-088
2025-04-02T02:31:04,430,Paris,Paris,HOT-052
2024-12-11T07:08:56,91,Bordeaux,Bordeaux,HOT-064
2024-12-16T23:19:44,274,Lille,Lille,HOT-087
2025-05-08T22:20:40,40,Paris,Paris,HOT-140
2025-02-09T21:52:53,79,Strasbourg,Strasbourg,HOT-184
2025-01-23T10:43:45,92,Nice,Nice,HOT-018
2024-12-31T14:27:50,458,Nantes,Nantes,HOT-111
2025-05-08T23:11:59,227,Paris,Paris,HOT-268
2025-03-26T18:44:24,329,Lyon,Lyon,HOT-200
2025-01-15T23:56:36,354,Bordeaux,Bordeaux,HOT-228
2024-12-20T11:21:45,27,Chamonix,Chamonix,HOT-003
2025-05-17T06:50:51,25,Lille,Lille,HOT-104
2025-05-04T17:30:28,476,Nice,Nice,HOT-192
2025-03-24T18:24:41,466,Nice,Nice,HOT-103
2025-01-16T09:02:21,47,Paris,Paris,HOT-216
2025-03-31T00:21:33,15,Paris,Paris,HOT-173
2025-01-18T02:01:20,421,Nice,Nice,HOT-033
2025-05-14T00:43:03,113,Lyon,Lyon,HOT-086
2025-05-25T00:41:26,371,Marseille,Marseille,HOT-023
2025-01-21T09:28:07,213,Nantes,Nantes,HOT-056
2025-02-08T22:48:52,418,Toulouse,Toulouse,HOT-166
2025-05-06T12:26:06,288,Nice,Nice,HOT-107
2025-01-04T19:16:06,479,Nantes,Nantes,HOT-203
2025-05-09T06:57:44,481,Lille,Lille,HOT-062
2025-05-31T00:23:41,119,Nice,Nice,HOT-055
2025-04-01T21:05:30,183,Toulouse,Toulouse,HOT-089
2024-12-07T16:49:50,8,Lille,Lille,HOT-162
2025-01-29T23:48:37,7,Lille,Lille,HOT-109
2025-05-22T20:04:42,235,Nice,Nice,HOT-034
2025-01-04T05:54:39,337,Bordeaux,Bordeaux,HOT-189
2025-01-01T09:25:24,23,Lyon,Lyon,HOT-112
2025-03-22T01:12:09,211,Bordeaux,Bordeaux,HOT-256
2025-01-24T19:44:57,53,Nantes,Nantes,HOT-292
2025-05-11T04:57:36,88,Bordeaux,Bordeaux,HOT-049
2025-01-10T00:49:53,308,Toulouse,Toulouse,HOT-199
2024-12-28T11:54:36,348,Marseille,Marseille,HOT-171
2025-04-14T12:22:04,90,Toulouse,Toulouse,HOT-247
2025-05-24T09:33:21,35,Toulouse,Toulouse,HOT-010
2024-12-12T03:45:37,312,Chamonix,Chamonix,HOT-230
2025-01-01T17:51:49,196,Nantes,Nantes,HOT-120
2024-12-10T00:52:12,258,Chamonix,Chamonix,HOT-007
2025-02-14T17:08:46,120,Paris,Paris,HOT-064
2025-05-09T13:12:41,159,Nice,Nice,HOT-220
2025-05-09T05:58:24,388,Nice,Nice,HOT-041
2025-01-22T08:27:27,31,Marseille,Marseille,HOT-192
2025-03-31T11:52:10,256,Bordeaux,Bordeaux,HOT-104
2025-02-08T00:30:01,78,Lille,Lille,HOT-105
2024-12-10T05:09:40,329,Paris,Paris,HOT-122
2025-01-09T23:39:44,473,Chamonix,Chamonix,HOT-228
2025-01-27T16:19:06,379,Toulouse,Toulouse,HOT-069
2024-12-17T07:48:47,143,Toulouse,Toulouse,HOT-021
2024-12-31T18:21:13,267,Lille,Lille,HOT-148
2025-04-30T04:16:22,385,Paris,Paris,HOT-118
2025-02-26T21:26:04,434,Toulouse,Toulouse,HOT-176
2025-03-19T07:21:08,125,Nice,Nice,HOT-277
2024-12-29T05:15:36,28,Nice,Nice,HOT-114
2025-04-30T22:40:05,312,Lille,Lille,HOT-267
2024-12-19T11:49:04,165,Marseille,Marseille,HOT-227
2025-03-09T15:04:59,323,Paris,Paris,HOT-034
2025-03-04T04:43:48,446,Strasbourg,Strasbourg,HOT-036
2025-05-07T05:26:17,489,Nice,Nice,HOT-027
2025-02-15T10:50:24,325,Marseille,Marseille,HOT-105
2025-03-16T19:28:42,65,Lyon,Lyon,HOT-089
2025-04-01T10:18:01,304,Nantes,Nantes,HOT-105
2024-12-28T07:50:40,121,Nantes,Nantes,HOT-041
2025-03-04T22:06:50,219,Strasbourg,Strasbourg,HOT-160
2025-03-14T23:40:28,85,Nice,Nice,HOT-126
2025-01-19T04:06:46,218,Marseille,Marseille,HOT-128
2025-04-05T14:13:18,156,Bordeaux,Bordeaux,HOT-296
2024-12-15T13:42:42,230,Nice,Nice,HOT-140
2025-04-27T08:48:50,442,Strasbourg,Strasbourg,HOT-041
2025-05-08T05:43:06,487,Toulouse,Toulouse,HOT-204
2025-06-01T14:42:21,194,Marseille,Marseille,HOT-242
2025-05-24T12:02:23,226,Lille,Lille,HOT-259
2025-04-14T02:19:37,313,Lille,Lille,HOT-080
2025-03-18T09:45:17,420,Strasbourg,Strasbourg,HOT-011
2025-02-03T17:18:55,391,Lille,Lille,HOT-219
2025-03-06T02:14:56,438,Lyon,Lyon,HOT-154
2025-04-11T01:48:03,305,Nantes,Nantes,HOT-079
2024-12-13T04:47:19,284,Marseille,Marseille,HOT-132
2024-12-18T23:04:58,195,Strasbourg,Strasbourg,HOT-157
2025-03-10T03:50:00,233,Bordeaux,Bordeaux,HOT-193
2025-05-20T16:18:48,288,Chamonix,Chamonix,HOT-247
2025-02-23T03:17:17,37,Toulouse,Toulouse,HOT-070
2025-02-27T22:11:42,367,Strasbourg,Strasbourg,HOT-101
2025-04-19T09:03:43,80,Nice,Nice,HOT-003
2024-12-28T02:45:16,7,Nantes,Nantes,HOT-192
2025-03-12T08:26:04,252,Lille,Lille,HOT-213
2025-04-24T11:38:48,482,Lille,Lille,HOT-192
2025-06-01T19:07:45,197,Strasbourg,Strasbourg,HOT-158
2025-03-03T06:45:59,329,Chamonix,Chamonix,HOT-037
2024-12-21T10:06:27,210,Paris,Paris,HOT-064
2025-05-30T18:30:10,198,Chamonix,Chamonix,HOT-084
2024-12-22T20:07:37,100,Lille,Lille,HOT-131
2025-02-07T16:45:57,395,Toulouse,Toulouse,HOT-261
2025-04-04T06:29:15,364,Strasbourg,Strasbourg,HOT-189
2025-01-04T22:54:06,357,Paris,Paris,HOT-198
2024-12-19T21:43:03,475,Lille,Lille,HOT-127
2024-12-31T15:42:41,125,Strasbourg,Strasbourg,HOT-018
2025-01-29T13:17:00,472,Toulouse,Toulouse,HOT-015
2025-04-07T09:08:47,358,Marseille,Marseille,HOT-134
2025-04-09T01:58:02,310,Strasbourg,Strasbourg,HOT-076
2025-03-30T19:36:47,131,Nice,Nice,HOT-297
2025-03-23T15:08:32,488,Marseille,Marseille,HOT-007
2025-04-24T10:29:19,60,Lyon,Lyon,HOT-197
2025-02-08T07:05:24,204,Chamonix,Chamonix,HOT-042
2025-02-19T02:45:33,266,Nice,Nice,HOT-217
2025-04-02T03:39:50,85,Lille,Lille,HOT-130
2025-03-20T04:11:24,355,Bordeaux,Bordeaux,HOT-257
2025-02-02T09:56:21,496,Nantes,Nantes,HOT-196
2025-03-05T06:04:59,301,Bordeaux,Bordeaux,HOT-211
2025-03-15T07:39:17,386,Lyon,Lyon,HOT-056
2025-04-03T17:06:34,326,Chamonix,Chamonix,HOT-177
2025-02-28T16:29:25,417,Marseille,Marseille,HOT-138
2024-12-26T09:49:16,384,Nice,Nice,HOT-204
2025-05-10T03:42:42,358,Bordeaux,Bordeaux,HOT-004
2025-04-22T10:08:42,87,Strasbourg,Strasbourg,HOT-001
2024-12-29T08:49:27,50,Lyon,Lyon,HOT-214
2025-05-21T17:55:05,269,Lille,Lille,HOT-148
2025-04-13T06:47:58,376,Lille,Lille,HOT-088
2025-04-12T13:06:27,91,Toulouse,Toulouse,HOT-096
2025-05-26T14:01:24,361,Marseille,Marseille,HOT-102
2025-05-05T11:14:31,250,Marseille,Marseille,HOT-258
2025-03-24T05:01:28,486,Lyon,Lyon,HOT-231
2025-04-26T02:58:24,291,Nice,Nice,HOT-096
2025-05-24T05:06:09,103,Paris,Paris,HOT-094
2025-01-17T21:41:46,415,Nice,Nice,HOT-133
2025-02-28T15:53:14,462,Lille,Lille,HOT-226
2025-03-04T20:00:52,321,Chamonix,Chamonix,HOT-056
2025-05-28T14:25:12,445,Marseille,Marseille,HOT-041
2025-01-20T12:28:24,151,Lyon,Lyon,HOT-194
2025-02-25T12:07:37,64,Bordeaux,Bordeaux,HOT-033
2025-02-10T23:09:06,176,Paris,Paris,HOT-121
2025-05-16T19:40:09,245,Strasbourg,Strasbourg,HOT-052
2025-03-05T05:04:27,5,Paris,Paris,HOT-137
2025-02-22T13:50:00,385,Paris,Paris,HOT-299
2025-02-25T22:16:06,405,Paris,Paris,HOT-050
2025-04-27T19:51:24,109,Nantes,Nantes,HOT-004
2024-12-25T14:44:53,193,Chamonix,Chamonix,HOT-267
2025-02-05T20:11:49,493,Bordeaux,Bordeaux,HOT-249
2025-02-28T00:28:49,243,Toulouse,Toulouse,HOT-220
2025-02-05T20:04:53,173,Toulouse,Toulouse,HOT-176
2025-04-15T07:14:36,162,Nice,Nice,HOT-185
2025-01-25T15:29:19,341,Lille,Lille,HOT-194
2025-02-17T19:59:07,313,Paris,Paris,HOT-183
2025-01-05T18:57:54,448,Toulouse,Toulouse,HOT-052
2025-04-19T12:26:02,2,Strasbourg,Strasbourg,HOT-206
2025-06-04T09:02:17,372,Marseille,Marseille,HOT-014
2025-03-09T05:51:52,309,Lyon,Lyon,HOT-272
2024-12-20T04:28:48,144,Nice,Nice,HOT-189
2024-12-24T20:45:15,232,Chamonix,Chamonix,HOT-244
2025-05-17T15:57:14,264,Lille,Lille,HOT-097
2024-12-23T17:26:34,2,Toulouse,Toulouse,HOT-009
2024-12-25T06:05:59,325,Toulouse,Toulouse,HOT-024
2025-03-01T00:18:23,497,Toulouse,Toulouse,HOT-228
2024-12-25T21:38:20,120,Chamonix,Chamonix,HOT-249
2025-04-30T17:39:07,205,Chamonix,Chamonix,HOT-042
2025-04-29T14:39:18,179,Lille,Lille,HOT-244
2025-02-17T12:16:34,338,Lyon,Lyon,HOT-198
2025-05-13T18:44:06,151,Chamonix,Chamonix,HOT-100
2025-01-01T09:59:53,365,Marseille,Marseille,HOT-267
2025-03-25T04:29:30,449,Chamonix,Chamonix,HOT-259
2024-12-18T19:08:51,17,Marseille,Marseille,HOT-255
2025-03-31T00:44:29,408,Lyon,Lyon,HOT-155
2025-03-26T04:47:54,427,Nantes,Nantes,HOT-240
2025-03-26T05:15:01,87,Strasbourg,Strasbourg,HOT-060
2025-02-09T03:52:39,247,Nantes,Nantes,HOT-124
2025-04-16T06:06:15,125,Nice,Nice,HOT-088
2024-12-30T21:15:18,386,Lyon,Lyon,HOT-055
2025-02-24T22:07:23,223,Paris,Paris,HOT-083
2025-02-13T19:30:09,476,Toulouse,Toulouse,HOT-197
2025-05-25T18:55:17,393,Bordeaux,Bordeaux,HOT-113
2025-04-15T08:19:39,369,Bordeaux,Bordeaux,HOT-244
2025-05-01T20:11:38,488,Lyon,Lyon,HOT-070
2025-02-27T06:38:40,473,Nantes,Nantes,HOT-252
2025-05-24T17:13:07,47,Toulouse,Toulouse,HOT-115
2025-06-02T23:45:25,478,Chamonix,Chamonix,HOT-034
2025-04-26T04:00:08,330,Toulouse,Toulouse,HOT-194
2024-12-17T03:22:19,467,Lille,Lille,HOT-288
2025-02-01T00:03:58,495,Lille,Lille,HOT-120
2025-04-02T17:43:47,115,Bordeaux,Bordeaux,HOT-060
2025-02-05T19:44:00,149,Lyon,Lyon,HOT-058
2025-02-13T10:24:22,46,Toulouse,Toulouse,HOT-097
2024-12-27T06:25:47,382,Lyon,Lyon,HOT-294
2025-03-29T08:54:41,189,Marseille,Marseille,HOT-161
2025-03-15T16:19:47,489,Lille,Lille,HOT-296
2025-01-17T11:03:02,378,Paris,Paris,HOT-160
2025-01-06T04:42:39,32,Chamonix,Chamonix,HOT-275
2025-04-13T16:13:44,98,Lille,Lille,HOT-217
2025-03-10T18:46:53,164,Toulouse,Toulouse,HOT-065
2025-01-19T16:40:22,267,Chamonix,Chamonix,HOT-114
2025-05-20T16:12:11,55,Lille,Lille,HOT-005
2024-12-28T03:57:01,276,Strasbourg,Strasbourg,HOT-162
2025-02-13T03:15:56,75,Bordeaux,Bordeaux,HOT-113
2025-05-20T07:20:30,256,Strasbourg,Strasbourg,HOT-076
2025-03-25T04:00:04,308,Bordeaux,Bordeaux,HOT-075
2025-02-16T12:34:29,383,Paris,Paris,HOT-164
2024-12-29T11:01:13,159,Nantes,Nantes,HOT-064
2025-05-04T05:36:57,141,Chamonix,Chamonix,HOT-245
2025-01-30T05:50:17,324,Nice,Nice,HOT-254
2025-03-28T15:06:57,150,Lille,Lille,HOT-031
2025-01-20T01:35:37,415,Toulouse,Toulouse,HOT-079
2025-05-12T21:32:25,424,Nice,Nice,HOT-116
2025-02-28T11:25:29,359,Paris,Paris,HOT-092
2025-05-20T06:19:28,439,Strasbourg,Strasbourg,HOT-201
2025-03-26T01:54:20,154,Marseille,Marseille,HOT-012
2025-05-05T04:06:39,281,Lille,Lille,HOT-173
2025-05-15T01:45:42,217,Strasbourg,Strasbourg,HOT-179
2025-04-06T21:03:32,388,Lille,Lille,HOT-201
2025-04-05T07:04:29,37,Nantes,Nantes,HOT-145
2025-04-17T05:14:08,145,Nice,Nice,HOT-281
2025-04-10T22:48:40,202,Lyon,Lyon,HOT-068
2025-03-25T06:12:41,166,Chamonix,Chamonix,HOT-028
2024-12-12T05:58:04,436,Bordeaux,Bordeaux,HOT-235
2025-04-04T09:44:17,336,Marseille,Marseille,HOT-296
2025-06-05T13:27:45,71,Strasbourg,Strasbourg,HOT-248
2025-04-13T21:19:54,150,Marseille,Marseille,HOT-108
2025-05-17T05:11:00,112,Nice,Nice,HOT-005
2025-04-20T19:25:33,186,Chamonix,Chamonix,HOT-053
2025-01-28T02:00:46,348,Marseille,Marseille,HOT-193
2024-12-12T18:32:51,487,Lille,Lille,HOT-087
2025-01-11T04:24:57,475,Paris,Paris,HOT-050
2025-01-29T05:08:54,183,Strasbourg,Strasbourg,HOT-092
2025-04-22T14:25:47,484,Paris,Paris,HOT-061
2025-05-04T04:42:07,264,Toulouse,Toulouse,HOT-223
2025-02-05T03:35:20,497,Marseille,Marseille,HOT-207
2025-06-04T02:17:32,126,Paris,Paris,HOT-061
2025-02-11T03:18:49,124,Lille,Lille,HOT-251
2025-02-13T07:30:13,155,Chamonix,Chamonix,HOT-089
2024-12-08T08:04:16,335,Lille,Lille,HOT-046
2025-01-11T09:01:38,399,Strasbourg,Strasbourg,HOT-196
2025-05-25T01:28:12,141,Strasbourg,Strasbourg,HOT-189
2025-01-03T23:12:59,6,Lyon,Lyon,HOT-060
2025-03-27T02:51:49,43,Lyon,Lyon,HOT-251
2025-04-13T19:03:50,329,Nantes,Nantes,HOT-116
2025-02-22T23:24:23,12,Chamonix,Chamonix,HOT-294
2024-12-20T15:54:27,294,Strasbourg,Strasbourg,HOT-141
2025-01-03T16:47:59,356,Lyon,Lyon,HOT-093
2025-04-30T00:46:55,197,Strasbourg,Strasbourg,HOT-223
2025-04-09T02:24:41,153,Chamonix,Chamonix,HOT-065
2024-12-13T02:29:18,51,Toulouse,Toulouse,HOT-033
2024-12-24T23:14:16,366,Nantes,Nantes,HOT-095
2025-05-01T00:44:56,208,Paris,Paris,HOT-202
2025-03-20T03:50:40,285,Nantes,Nantes,HOT-272
2025-01-17T22:12:28,251,Lyon,Lyon,HOT-266
2025-02-18T04:48:32,429,Chamonix,Chamonix,HOT-276
2025-02-26T16:10:38,366,Lyon,Lyon,HOT-107
2025-03-05T05:45:31,495,Lyon,Lyon,HOT-093
2025-02-11T08:18:23,442,Chamonix,Chamonix,HOT-093
2025-01-06T17:11:47,3,Nantes,Nantes,HOT-229
2025-02-17T00:11:18,410,Toulouse,Toulouse,HOT-063
2025-02-05T15:57:05,21,Marseille,Marseille,HOT-295
2025-04-26T06:29:49,106,Marseille,Marseille,HOT-045
2025-02-08T03:20:59,288,Bordeaux,Bordeaux,HOT-018
2025-05-06T23:55:56,44,Lyon,Lyon,HOT-260
2025-03-27T08:47:37,153,Toulouse,Toulouse,HOT-279
2025-04-01T22:13:13,88,Lille,Lille,HOT-001
2024-12-23T15:32:40,128,Bordeaux,Bordeaux,HOT-024
2025-05-27T16:17:20,485,Nantes,Nantes,HOT-151
2024-12-17T08:47:27,338,Nantes,Nantes,HOT-228
2025-01-06T08:40:15,72,Chamonix,Chamonix,HOT-252
2025-01-06T17:11:57,356,Toulouse,Toulouse,HOT-268
2025-05-02T15:32:31,467,Toulouse,Toulouse,HOT-276
2025-04-06T02:57:02,262,Nice,Nice,HOT-051
2024-12-16T19:31:34,340,Paris,Paris,HOT-122
2025-04-17T00:32:16,19,Nice,Nice,HOT-073
2024-12-22T23:48:48,154,Nice,Nice,HOT-069
2025-01-28T23:42:26,309,Nantes,Nantes,HOT-111
2025-03-03T04:40:20,303,Toulouse,Toulouse,HOT-143
2025-04-14T16:28:26,66,Chamonix,Chamonix,HOT-217
2025-02-27T11:40:05,39,Nantes,Nantes,HOT-131
2025-03-11T10:57:49,134,Lille,Lille,HOT-084
2025-04-04T00:47:43,205,Strasbourg,Strasbourg,HOT-043
2025-03-02T23:41:28,484,Bordeaux,Bordeaux,HOT-218
2025-02-25T13:51:08,482,Marseille,Marseille,HOT-275
2025-01-29T04:39:57,105,Lyon,Lyon,HOT-138
2025-01-18T00:14:25,325,Nice,Nice,HOT-191
2025-05-02T17:54:22,289,Nantes,Nantes,HOT-084
2025-03-16T15:19:22,215,Marseille,Marseille,HOT-162
2024-12-29T06:02:38,404,Lille,Lille,HOT-195
2025-02-12T04:14:17,14,Chamonix,Chamonix,HOT-127
2025-02-28T15:09:31,40,Bordeaux,Bordeaux,HOT-064
2024-12-28T16:23:59,273,Lyon,Lyon,HOT-281
2025-01-31T03:38:25,209,Lyon,Lyon,HOT-169
2025-04-17T20:20:26,328,Lyon,Lyon,HOT-186
2025-04-17T21:35:28,466,Toulouse,Toulouse,HOT-140
2025-04-01T07:49:19,75,Nice,Nice,HOT-141
2025-03-11T15:29:20,6,Lyon,Lyon,HOT-194
2025-03-19T11:18:25,497,Nice,Nice,HOT-194
2025-04-15T16:40:45,488,Lyon,Lyon,HOT-064
2025-02-05T00:57:16,90,Nantes,Nantes,HOT-157
2024-12-15T23:16:34,302,Strasbourg,Strasbourg,HOT-049
2025-01-18T23:18:23,271,Toulouse,Toulouse,HOT-293
2025-02-21T21:40:37,444,Bordeaux,Bordeaux,HOT-283
2025-04-02T12:40:22,139,Chamonix,Chamonix,HOT-051
2024-12-17T18:55:06,460,Paris,Paris,HOT-088
2024-12-08T15:26:25,163,Lille,Lille,HOT-093
2025-01-15T20:17:48,177,Nantes,Nantes,HOT-283
2025-02-03T16:19:55,305,Lille,Lille,HOT-245
2025-01-17T04:02:16,304,Marseille,Marseille,HOT-133
2025-05-05T03:43:26,5,Nantes,Nantes,HOT-080
2025-01-02T19:10:35,337,Marseille,Marseille,HOT-074
2025-05-04T12:51:50,194,Chamonix,Chamonix,HOT-137
2025-01-25T18:25:23,28,Toulouse,Toulouse,HOT-128
2025-02-01T08:32:15,348,Chamonix,Chamonix,HOT-215
2025-02-08T20:46:37,362,Strasbourg,Strasbourg,HOT-094
2024-12-30T10:47:01,225,Toulouse,Toulouse,HOT-240
2024-12-08T15:38:24,258,Bordeaux,Bordeaux,HOT-142
2025-03-13T17:35:59,488,Lille,Lille,HOT-267
2025-05-01T04:57:15,483,Nice,Nice,HOT-157
2025-02-28T18:36:50,326,Lyon,Lyon,HOT-157
2025-01-10T06:24:47,209,Toulouse,Toulouse,HOT-047
2025-01-01T05:39:54,325,Lyon,Lyon,HOT-040
2025-02-18T23:30:40,374,Nice,Nice,HOT-048
2025-03-20T13:37:47,85,Chamonix,Chamonix,HOT-030
2025-04-22T18:57:42,44,Bordeaux,Bordeaux,HOT-284
2025-01-20T20:00:35,476,Strasbourg,Strasbourg,HOT-006
2025-03-14T07:00:27,493,Lille,Lille,HOT-261
2025-03-25T15:27:23,478,Marseille,Marseille,HOT-246
2025-05-17T23:19:41,255,Nantes,Nantes,HOT-273
2025-04-15T20:56:46,358,Lyon,Lyon,HOT-208
2025-05-12T16:46:52,8,Chamonix,Chamonix,HOT-098
2025-02-13T22:09:17,467,Paris,Paris,HOT-218
2024-12-21T03:30:44,360,Nantes,Nantes,HOT-177
2025-02-22T06:06:06,126,Nantes,Nantes,HOT-022
2025-05-23T11:43:44,311,Strasbourg,Strasbourg,HOT-087
2025-04-30T05:46:45,346,Nantes,Nantes,HOT-116
2024-12-15T08:45:32,90,Lyon,Lyon,HOT-188
2025-03-01T20:32:48,430,Marseille,Marseille,HOT-264
2024-12-10T18:57:28,181,Paris,Paris,HOT-217
2025-03-06T10:13:34,254,Lille,Lille,HOT-088
2025-06-04T00:32:39,192,Lyon,Lyon,HOT-174
2024-12-22T06:28:55,468,Nice,Nice,HOT-277
2025-05-23T13:20:23,436,Lyon,Lyon,HOT-149
2025-02-05T22:35:03,154,Strasbourg,Strasbourg,HOT-151
2025-03-28T22:50:53,136,Nice,Nice,HOT-002
2025-02-28T12:13:33,378,Chamonix,Chamonix,HOT-202
2025-03-28T11:51:08,112,Bordeaux,Bordeaux,HOT-264
2025-02-23T16:21:48,423,Paris,Paris,HOT-238
2025-04-23T22:07:15,457,Chamonix,Chamonix,HOT-250
2025-04-10T10:53:33,30,Toulouse,Toulouse,HOT-004
2025-02-26T06:12:39,316,Strasbourg,Strasbourg,HOT-169
2025-02-01T08:51:17,153,Toulouse,Toulouse,HOT-055
2024-12-29T12:21:46,3,Toulouse,Toulouse,HOT-096
2025-02-23T19:12:12,206,Toulouse,Toulouse,HOT-005
2024-12-11T04:48:52,52,Lille,Lille,HOT-252
2025-02-08T05:08:43,102,Lyon,Lyon,HOT-271
2025-01-09T12:36:11,264,Marseille,Marseille,HOT-211
2025-05-11T18:02:52,64,Strasbourg,Strasbourg,HOT-004
2025-04-06T04:17:19,80,Bordeaux,Bordeaux,HOT-116
2025-03-06T11:49:23,241,Lille,Lille,HOT-192
2025-05-17T17:08:16,154,Toulouse,Toulouse,HOT-220
2025-04-20T01:25:54,457,Marseille,Marseille,HOT-275
2025-06-03T18:03:13,416,Bordeaux,Bordeaux,HOT-056
2025-02-15T09:58:18,225,Strasbourg,Strasbourg,HOT-083
2024-12-24T06:19:52,72,Toulouse,Toulouse,HOT-223
2025-03-01T22:50:25,3,Toulouse,Toulouse,HOT-102
2025-05-20T03:11:54,57,Nice,Nice,HOT-146
2024-12-27T16:58:26,21,Marseille,Marseille,HOT-203
2025-01-23T09:33:11,216,Toulouse,Toulouse,HOT-017
2025-03-01T18:00:57,83,Nice,Nice,HOT-246
2025-03-31T11:57:18,492,Bordeaux,Bordeaux,HOT-061
2025-02-22T21:50:51,216,Strasbourg,Strasbourg,HOT-282
2025-03-18T21:27:30,254,Marseille,Marseille,HOT-167
2024-12-22T10:08:17,385,Lille,Lille,HOT-257
2025-02-22T00:01:21,372,Lille,Lille,HOT-068
2025-05-25T04:33:14,57,Lyon,Lyon,HOT-011
2025-02-05T09:36:01,65,Marseille,Marseille,HOT-177
2025-04-30T23:19:06,257,Paris,Paris,HOT-122
2025-02-11T01:51:45,27,Toulouse,Toulouse,HOT-220
2025-01-19T04:13:00,306,Paris,Paris,HOT-223
2025-02-09T19:49:42,246,Bordeaux,Bordeaux,HOT-145
2025-05-07T10:34:06,249,Lyon,Lyon,HOT-220
2025-01-08T19:10:16,127,Chamonix,Chamonix,HOT-079
2024-12-21T23:34:11,374,Nantes,Nantes,HOT-096
2025-03-16T06:38:26,128,Bordeaux,Bordeaux,HOT-059
2025-04-09T02:39:25,443,Bordeaux,Bordeaux,HOT-127
2024-12-29T07:01:07,342,Lille,Lille,HOT-102
2025-03-20T04:24:49,243,Lyon,Lyon,HOT-258
2025-03-16T04:09:53,313,Marseille,Marseille,HOT-097
2025-01-13T19:16:22,438,Chamonix,Chamonix,HOT-077
2025-06-01T01:31:19,118,Lyon,Lyon,HOT-068
2025-05-06T21:06:06,206,Paris,Paris,HOT-141
2025-02-12T23:49:22,99,Marseille,Marseille,HOT-219
2025-02-13T07:51:34,10,Chamonix,Chamonix,HOT-103
2025-04-27T09:26:54,47,Paris,Paris,HOT-195
2025-05-15T04:11:35,209,Nantes,Nantes,HOT-157
2025-04-11T11:35:54,359,Nice,Nice,HOT-114
2025-05-14T09:57:49,173,Lille,Lille,HOT-246
2025-01-04T19:54:02,32,Nantes,Nantes,HOT-219
2025-01-22T00:42:31,330,Paris,Paris,HOT-156
2024-12-27T02:43:11,57,Bordeaux,Bordeaux,HOT-187
2025-01-04T14:05:44,144,Toulouse,Toulouse,HOT-215
2025-01-25T20:30:52,127,Toulouse,Toulouse,HOT-025
2025-01-14T10:58:09,94,Paris,Paris,HOT-001
2025-01-09T20:10:48,27,Toulouse,Toulouse,HOT-109
2025-04-03T02:59:55,147,Strasbourg,Strasbourg,HOT-144
2025-01-05T20:02:27,466,Chamonix,Chamonix,HOT-052
2025-05-03T18:28:34,221,Marseille,Marseille,HOT-130
2025-05-03T13:31:21,486,Strasbourg,Strasbourg,HOT-187
2025-04-13T10:30:34,172,Bordeaux,Bordeaux,HOT-058
2024-12-21T18:47:16,50,Paris,Paris,HOT-283
2025-01-10T13:10:36,395,Marseille,Marseille,HOT-170
2025-05-06T05:20:57,185,Toulouse,Toulouse,HOT-271
2025-04-08T02:04:10,310,Toulouse,Toulouse,HOT-122
2025-03-13T02:22:06,333,Bordeaux,Bordeaux,HOT-108
2025-03-07T05:47:38,300,Lille,Lille,HOT-045
2025-05-02T15:35:18,455,Lyon,Lyon,HOT-067
2025-03-26T14:48:49,323,Chamonix,Chamonix,HOT-062
2025-05-03T16:54:01,22,Chamonix,Chamonix,HOT-098
2025-03-29T16:07:59,99,Strasbourg,Strasbourg,HOT-051
2025-03-04T07:39:58,39,Nantes,Nantes,HOT-176
2025-04-18T09:55:41,155,Strasbourg,Strasbourg,HOT-104
2025-06-04T14:29:13,274,Marseille,Marseille,HOT-023
2025-05-27T10:15:30,66,Nice,Nice,HOT-215
2025-03-26T18:20:18,282,Bordeaux,Bordeaux,HOT-287
2025-04-11T00:10:30,178,Toulouse,Toulouse,HOT-230
2025-04-09T12:19:15,323,Lyon,Lyon,HOT-224
2025-04-07T10:05:54,35,Strasbourg,Strasbourg,HOT-215
2025-02-07T21:52:32,269,Nantes,Nantes,HOT-012
2025-05-23T23:17:54,86,Chamonix,Chamonix,HOT-141
2025-04-07T22:39:39,357,Marseille,Marseille,HOT-149
2025-02-06T12:55:48,24,Chamonix,Chamonix,HOT-032
2025-01-05T11:07:42,407,Nice,Nice,HOT-204
2025-03-02T13:03:33,254,Nantes,Nantes,HOT-263
2024-12-20T09:51:11,498,Lyon,Lyon,HOT-085
2025-03-08T04:56:48,225,Nantes,Nantes,HOT-197
2025-03-03T00:27:18,288,Lille,Lille,HOT-206
2025-04-08T18:05:02,311,Bordeaux,Bordeaux,HOT-106
2025-02-03T22:51:41,95,Paris,Paris,HOT-082
2025-05-10T18:46:53,293,Nice,Nice,HOT-005
2025-01-29T11:41:17,451,Nantes,Nantes,HOT-234
2025-03-31T23:49:55,258,Nantes,Nantes,HOT-133
2024-12-18T01:23:49,156,Nice,Nice,HOT-152
2025-02-13T11:47:08,363,Bordeaux,Bordeaux,HOT-283
2025-03-15T15:58:38,61,Marseille,Marseille,HOT-115
2024-12-21T13:22:10,24,Nantes,Nantes,HOT-122
2025-02-05T10:13:17,150,Paris,Paris,HOT-076
2025-03-06T19:29:31,483,Bordeaux,Bordeaux,HOT-069
2025-03-04T21:41:14,139,Paris,Paris,HOT-128
2024-12-14T10:52:42,422,Nice,Nice,HOT-274
2024-12-18T04:44:34,60,Paris,Paris,HOT-178
2025-02-16T18:03:28,324,Chamonix,Chamonix,HOT-189
2025-05-17T15:36:12,167,Lyon,Lyon,HOT-282
2025-01-31T21:29:31,136,Marseille,Marseille,HOT-210
2024-12-22T01:12:30,460,Chamonix,Chamonix,HOT-151
2025-04-11T07:58:46,167,Paris,Paris,HOT-006
2025-05-23T23:18:47,422,Toulouse,Toulouse,HOT-113
2025-05-22T05:34:19,375,Bordeaux,Bordeaux,HOT-091
2024-12-24T16:25:41,132,Paris,Paris,HOT-276
2025-04-05T13:45:46,337,Chamonix,Chamonix,HOT-055
2025-04-01T12:13:43,370,Lille,Lille,HOT-132
2025-03-15T14:43:24,446,Chamonix,Chamonix,HOT-283
2025-02-19T19:26:03,106,Strasbourg,Strasbourg,HOT-113
2025-03-07T00:00:31,167,Bordeaux,Bordeaux,HOT-105
2025-03-29T20:08:49,298,Lille,Lille,HOT-080
2025-03-24T18:55:03,229,Nice,Nice,HOT-223
2025-05-09T21:45:16,189,Marseille,Marseille,HOT-246
2025-04-29T15:14:15,48,Strasbourg,Strasbourg,HOT-093
2025-05-30T02:42:16,236,Marseille,Marseille,HOT-091
2024-12-15T02:47:44,97,Chamonix,Chamonix,HOT-252
2025-03-04T11:31:37,483,Marseille,Marseille,HOT-145
2025-06-01T16:05:45,11,Bordeaux,Bordeaux,HOT-084
2025-05-13T09:37:54,454,Marseille,Marseille,HOT-202
2025-03-28T03:43:45,352,Chamonix,Chamonix,HOT-097
2025-04-12T17:23:55,36,Marseille,Marseille,HOT-037
2025-01-12T16:52:32,219,Nice,Nice,HOT-233
2025-02-07T14:02:21,466,Lille,Lille,HOT-052
2025-04-03T15:08:51,371,Nantes,Nantes,HOT-071
2025-03-09T12:12:28,373,Paris,Paris,HOT-052
2025-03-14T12:09:25,194,Lille,Lille,HOT-011
2025-01-05T10:40:46,57,Paris,Paris,HOT-023
2024-12-19T03:58:06,68,Nice,Nice,HOT-043
2025-03-04T15:12:21,138,Marseille,Marseille,HOT-007
2024-12-27T05:58:11,406,Paris,Paris,HOT-055
2025-05-13T14:59:43,278,Toulouse,Toulouse,HOT-044
2025-05-30T17:51:03,104,Marseille,Marseille,HOT-246
2025-05-18T18:04:35,389,Chamonix,Chamonix,HOT-228
2025-02-11T20:09:07,418,Marseille,Marseille,HOT-158
2025-04-24T20:34:04,170,Strasbourg,Strasbourg,HOT-080
2024-12-23T12:37:06,125,Paris,Paris,HOT-279
2025-03-15T02:59:05,355,Bordeaux,Bordeaux,HOT-279
2025-04-11T14:47:11,64,Paris,Paris,HOT-023
2025-01-09T15:47:56,53,Nantes,Nantes,HOT-152
2024-12-14T18:01:53,53,Nantes,Nantes,HOT-213
2025-01-24T06:11:07,73,Paris,Paris,HOT-115
2025-04-23T13:22:20,13,Nice,Nice,HOT-219
2025-03-02T03:43:03,198,Marseille,Marseille,HOT-181
2025-03-02T11:28:12,336,Bordeaux,Bordeaux,HOT-116
2025-03-18T21:57:09,472,Lille,Lille,HOT-058
2025-03-18T15:47:54,252,Marseille,Marseille,HOT-057
2025-04-04T13:30:55,115,Lyon,Lyon,HOT-145
2025-01-06T23:25:37,183,Lyon,Lyon,HOT-171
2025-02-15T19:30:12,61,Toulouse,Toulouse,HOT-044
2025-02-17T13:13:56,459,Paris,Paris,HOT-078
2025-06-03T09:30:41,92,Lille,Lille,HOT-272
2025-01-31T01:59:44,172,Chamonix,Chamonix,HOT-093
2025-02-20T09:06:29,348,Lille,Lille,HOT-077
2025-02-24T12:37:10,458,Bordeaux,Bordeaux,HOT-147
2025-05-06T12:53:01,179,Lyon,Lyon,HOT-139
2025-02-10T20:31:16,470,Strasbourg,Strasbourg,HOT-189
2025-04-17T23:30:31,478,Bordeaux,Bordeaux,HOT-040
2025-04-02T05:57:58,404,Paris,Paris,HOT-077
2024-12-17T07:39:25,399,Marseille,Marseille,HOT-164
2025-05-09T09:40:48,76,Lille,Lille,HOT-229
2025-04-08T15:45:38,370,Strasbourg,Strasbourg,HOT-035
2025-04-11T20:16:39,58,Chamonix,Chamonix,HOT-219
2025-02-10T03:11:42,492,Bordeaux,Bordeaux,HOT-075
2024-12-19T22:47:15,47,Toulouse,Toulouse,HOT-066
2025-02-09T04:05:11,94,Lille,Lille,HOT-181
2024-12-25T12:02:44,164,Strasbourg,Strasbourg,HOT-218
2025-03-25T11:54:47,247,Lille,Lille,HOT-171
2025-04-17T21:05:34,71,Nice,Nice,HOT-197
2025-02-20T05:08:09,215,Nantes,Nantes,HOT-255
2025-01-31T07:50:13,276,Nantes,Nantes,HOT-253
2025-01-25T02:00:05,273,Nantes,Nantes,HOT-118
2025-04-26T16:27:33,197,Lyon,Lyon,HOT-298
2025-05-21T12:12:09,367,Lille,Lille,HOT-270
2025-04-13T15:25:35,296,Nice,Nice,HOT-045
2025-06-01T03:28:45,121,Toulouse,Toulouse,HOT-002
2025-04-03T04:24:19,105,Paris,Paris,HOT-186
2025-05-25T17:23:39,286,Strasbourg,Strasbourg,HOT-069
2025-01-05T08:24:23,472,Lyon,Lyon,HOT-031
2025-02-09T21:11:44,467,Toulouse,Toulouse,HOT-185
2024-12-22T23:26:34,435,Marseille,Marseille,HOT-151
2025-03-30T07:22:44,236,Marseille,Marseille,HOT-283
2025-04-15T00:16:21,498,Lille,Lille,HOT-125
2025-01-03T14:43:12,108,Nice,Nice,HOT-029
2025-06-03T03:57:51,383,Marseille,Marseille,HOT-061
2025-02-13T01:53:56,493,Marseille,Marseille,HOT-194
2025-02-05T09:24:02,376,Paris,Paris,HOT-218
2025-04-13T13:03:09,191,Paris,Paris,HOT-055
2025-04-21T18:46:07,340,Chamonix,Chamonix,HOT-038
2025-04-14T17:23:22,245,Chamonix,Chamonix,HOT-081
2025-02-21T06:16:21,16,Marseille,Marseille,HOT-188
2025-01-01T04:34:27,73,Lyon,Lyon,HOT-126
2025-04-01T16:42:33,40,Paris,Paris,HOT-292
2025-04-23T19:01:19,426,Lille,Lille,HOT-077
2025-06-07T07:01:23,392,Marseille,Marseille,HOT-241
2024-12-23T14:26:07,381,Marseille,Marseille,HOT-271
2025-02-05T06:22:20,358,Bordeaux,Bordeaux,HOT-241
2025-03-25T16:22:54,211,Toulouse,Toulouse,HOT-228
2025-02-18T07:04:08,401,Paris,Paris,HOT-147
2025-04-11T02:30:43,57,Marseille,Marseille,HOT-031
2025-05-09T21:01:41,452,Paris,Paris,HOT-089
2025-02-08T22:25:40,258,Marseille,Marseille,HOT-006
2025-05-14T01:19:54,203,Lille,Lille,HOT-233
2024-12-31T23:10:41,284,Bordeaux,Bordeaux,HOT-293
2025-04-16T06:35:05,257,Bordeaux,Bordeaux,HOT-117
2025-04-22T15:02:43,217,Marseille,Marseille,HOT-140
2025-05-17T02:50:41,499,Lyon,Lyon,HOT-268
2025-04-29T14:33:20,194,Marseille,Marseille,HOT-109
2025-04-19T05:52:44,206,Chamonix,Chamonix,HOT-029
2025-06-02T07:55:54,113,Lille,Lille,HOT-095
2025-03-19T08:47:12,422,Nantes,Nantes,HOT-040
2024-12-25T07:08:18,419,Strasbourg,Strasbourg,HOT-245
2025-04-11T14:18:35,161,Lille,Lille,HOT-195
2025-04-16T08:10:03,85,Paris,Paris,HOT-191
2025-02-27T08:49:58,332,Lille,Lille,HOT-100
2025-03-15T21:20:39,139,Lyon,Lyon,HOT-054
2025-02-15T09:51:26,40,Toulouse,Toulouse,HOT-172
2024-12-10T16:34:35,15,Nice,Nice,HOT-145
2025-02-15T13:26:37,84,Nantes,Nantes,HOT-055
2025-02-05T03:02:10,34,Nice,Nice,HOT-006
2025-01-11T03:42:07,388,Bordeaux,Bordeaux,HOT-097
2025-01-17T17:49:34,283,Nice,Nice,HOT-017
2025-02-11T12:12:15,124,Bordeaux,Bordeaux,HOT-044
2025-05-04T22:09:46,292,Chamonix,Chamonix,HOT-023
2025-03-11T13:48:10,289,Strasbourg,Strasbourg,HOT-024
2025-01-13T10:25:31,25,Toulouse,Toulouse,HOT-048
2025-01-20T03:22:59,484,Bordeaux,Bordeaux,HOT-005
2025-01-02T20:43:01,183,Bordeaux,Bordeaux,HOT-204
2025-01-06T05:42:46,257,Nice,Nice,HOT-162
2024-12-22T03:13:53,385,Lille,Lille,HOT-183
2025-02-02T14:06:25,499,Marseille,Marseille,HOT-050
2025-05-20T02:56:15,170,Lille,Lille,HOT-258
2025-05-09T04:31:20,52,Nantes,Nantes,HOT-077
2024-12-26T18:57:58,13,Chamonix,Chamonix,HOT-196
2025-03-15T17:37:17,245,Chamonix,Chamonix,HOT-020
2025-05-05T20:09:09,149,Marseille,Marseille,HOT-078
2025-03-21T23:07:48,350,Strasbourg,Strasbourg,HOT-041
2025-05-18T07:33:23,454,Lyon,Lyon,HOT-119
2025-04-29T13:56:47,453,Nice,Nice,HOT-073
2025-05-27T17:52:24,394,Marseille,Marseille,HOT-257
2025-03-19T09:25:52,265,Chamonix,Chamonix,HOT-268
2024-12-14T11:31:55,477,Toulouse,Toulouse,HOT-230
2025-04-14T16:25:47,403,Marseille,Marseille,HOT-174
2025-02-10T13:03:06,149,Toulouse,Toulouse,HOT-221
2025-05-26T07:54:08,21,Lille,Lille,HOT-123
2025-05-04T22:52:06,107,Chamonix,Chamonix,HOT-039
2025-04-06T03:51:05,491,Marseille,Marseille,HOT-291
2025-01-01T14:20:56,322,Strasbourg,Strasbourg,HOT-050
2025-04-02T02:59:10,413,Paris,Paris,HOT-074
2025-02-18T07:15:28,393,Bordeaux,Bordeaux,HOT-281
2025-01-06T02:29:09,445,Lyon,Lyon,HOT-256
2025-01-07T15:44:34,49,Strasbourg,Strasbourg,HOT-161
2025-01-11T06:25:09,87,Bordeaux,Bordeaux,HOT-083
2025-05-17T13:57:53,35,Bordeaux,Bordeaux,HOT-296
2025-04-20T16:30:38,187,Toulouse,Toulouse,HOT-046
2025-05-05T21:11:32,37,Marseille,Marseille,HOT-236
2025-04-07T11:07:03,133,Strasbourg,Strasbourg,HOT-132
2025-05-13T06:01:59,391,Strasbourg,Strasbourg,HOT-072
2025-05-31T10:17:52,482,Lyon,Lyon,HOT-292
2025-01-08T07:05:04,250,Paris,Paris,HOT-187
2025-04-26T04:34:20,440,Bordeaux,Bordeaux,HOT-206
2025-03-02T03:19:19,210,Chamonix,Chamonix,HOT-067
2024-12-15T15:14:15,226,Toulouse,Toulouse,HOT-263
2025-02-24T22:21:21,433,Chamonix,Chamonix,HOT-161
2025-02-15T21:22:27,192,Lyon,Lyon,HOT-212
2025-04-17T11:41:44,260,Strasbourg,Strasbourg,HOT-135
2025-04-25T21:07:42,450,Paris,Paris,HOT-030
2025-01-22T06:35:13,380,Nice,Nice,HOT-288
2025-03-03T09:43:55,5,Marseille,Marseille,HOT-054
2025-04-04T17:11:49,149,Lille,Lille,HOT-082
2025-01-31T11:28:35,292,Lille,Lille,HOT-038
2025-05-02T06:00:47,115,Lille,Lille,HOT-237
2025-05-01T12:02:56,343,Lyon,Lyon,HOT-179
2025-05-08T08:23:25,239,Strasbourg,Strasbourg,HOT-274
2025-03-04T07:46:19,461,Strasbourg,Strasbourg,HOT-056
2025-01-21T14:08:55,44,Marseille,Marseille,HOT-056
2025-03-20T20:17:18,470,Lille,Lille,HOT-222
2025-01-22T14:13:19,103,Lille,Lille,HOT-169
2025-02-05T05:50:27,34,Toulouse,Toulouse,HOT-176
2025-05-13T04:04:35,310,Strasbourg,Strasbourg,HOT-109
2025-05-08T11:02:46,360,Strasbourg,Strasbourg,HOT-059
2025-03-08T05:23:14,143,Strasbourg,Strasbourg,HOT-020
2025-05-31T16:26:30,280,Marseille,Marseille,HOT-241
2025-05-18T07:31:35,75,Nice,Nice,HOT-164
2025-01-13T19:47:49,291,Paris,Paris,HOT-195
2025-02-16T13:52:45,32,Toulouse,Toulouse,HOT-221
2025-04-17T20:45:18,243,Nice,Nice,HOT-028
2025-03-27T21:57:47,109,Paris,Paris,HOT-217
2025-03-02T16:56:55,139,Bordeaux,Bordeaux,HOT-091
2025-03-06T19:12:02,43,Marseille,Marseille,HOT-036
2025-05-05T13:27:34,141,Lille,Lille,HOT-042
2025-01-30T20:46:03,153,Strasbourg,Strasbourg,HOT-215
2025-05-07T05:56:13,269,Nice,Nice,HOT-133
2025-02-19T07:16:14,95,Paris,Paris,HOT-048
2025-03-14T19:19:52,459,Lille,Lille,HOT-176
2025-03-19T13:45:24,494,Bordeaux,Bordeaux,HOT-085
2025-02-26T10:43:01,102,Toulouse,Toulouse,HOT-215
2025-01-07T14:51:42,247,Strasbourg,Strasbourg,HOT-275
2025-05-14T18:36:18,353,Marseille,Marseille,HOT-224
2025-01-14T22:16:29,182,Chamonix,Chamonix,HOT-200
2025-05-11T17:45:17,422,Paris,Paris,HOT-288
2025-04-03T13:33:07,401,Chamonix,Chamonix,HOT-102
2025-01-03T00:36:00,40,Chamonix,Chamonix,HOT-075
2025-05-25T16:05:59,166,Toulouse,Toulouse,HOT-008
2025-01-24T16:42:55,78,Strasbourg,Strasbourg,HOT-076
2024-12-17T06:47:29,256,Toulouse,Toulouse,HOT-059
2025-04-10T15:43:37,406,Lille,Lille,HOT-135
2025-03-10T11:19:51,267,Paris,Paris,HOT-231
2025-05-25T21:17:46,483,Marseille,Marseille,HOT-231
2025-02-17T05:35:23,328,Chamonix,Chamonix,HOT-050
2025-03-24T19:57:47,19,Nice,Nice,HOT-097
2025-06-06T13:44:22,216,Nantes,Nantes,HOT-086
2024-12-27T01:43:08,308,Lille,Lille,HOT-111
2025-04-24T06:59:05,179,Nice,Nice,HOT-098
2025-05-20T09:45:35,498,Chamonix,Chamonix,HOT-008
2025-03-17T07:55:41,190,Toulouse,Toulouse,HOT-009
2025-05-21T10:20:14,155,Bordeaux,Bordeaux,HOT-258
2024-12-31T08:39:23,420,Lyon,Lyon,HOT-256
2025-01-31T12:06:21,333,Strasbourg,Strasbourg,HOT-212
2024-12-23T10:30:09,211,Toulouse,Toulouse,HOT-181
2025-05-04T07:59:53,425,Nantes,Nantes,HOT-219
2025-01-07T06:43:32,268,Toulouse,Toulouse,HOT-059
2025-01-29T02:54:56,475,Marseille,Marseille,HOT-235
2025-03-04T09:35:43,220,Toulouse,Toulouse,HOT-091
2025-05-31T22:38:55,284,Chamonix,Chamonix,HOT-084
2025-03-16T20:00:47,278,Lille,Lille,HOT-196
2025-01-04T18:18:38,146,Lille,Lille,HOT-146
2025-05-17T12:34:28,360,Chamonix,Chamonix,HOT-051
2025-03-02T02:23:09,45,Lyon,Lyon,HOT-046
2024-12-24T23:01:56,333,Paris,Paris,HOT-211
2025-06-01T22:52:36,54,Strasbourg,Strasbourg,HOT-279
2025-01-19T06:23:17,52,Strasbourg,Strasbourg,HOT-258
2025-05-14T17:43:44,298,Paris,Paris,HOT-149
2025-03-04T18:01:29,437,Lille,Lille,HOT-109
2025-05-27T22:17:22,115,Strasbourg,Strasbourg,HOT-283
2025-02-13T00:48:02,196,Lyon,Lyon,HOT-101
2025-06-05T19:55:46,439,Strasbourg,Strasbourg,HOT-064
2024-12-12T07:54:29,180,Strasbourg,Strasbourg,HOT-212
2025-02-25T17:10:33,465,Lille,Lille,HOT-004
2024-12-17T11:48:40,482,Toulouse,Toulouse,HOT-115
2025-02-22T03:13:31,260,Bordeaux,Bordeaux,HOT-138
2025-03-14T15:08:19,451,Bordeaux,Bordeaux,HOT-158
2025-02-17T18:24:10,430,Lille,Lille,HOT-124
2025-01-21T22:25:17,3,Lille,Lille,HOT-017
2025-02-20T03:16:50,8,Paris,Paris,HOT-079
2024-12-22T23:55:30,405,Toulouse,Toulouse,HOT-266
2025-02-17T22:50:08,420,Chamonix,Chamonix,HOT-163
2025-01-19T18:02:33,172,Marseille,Marseille,HOT-293
2024-12-12T14:58:46,221,Nice,Nice,HOT-285
2025-02-07T00:47:42,499,Lille,Lille,HOT-099
2025-06-05T21:34:45,316,Lille,Lille,HOT-027
2024-12-26T09:22:36,411,Chamonix,Chamonix,HOT-220
2025-05-19T02:27:39,66,Lille,Lille,HOT-089
2025-04-24T22:22:45,207,Toulouse,Toulouse,HOT-265
2025-04-12T08:39:08,82,Lille,Lille,HOT-119
2025-02-10T06:10:56,51,Marseille,Marseille,HOT-259
2025-05-09T19:43:01,61,Chamonix,Chamonix,HOT-201
2025-01-04T12:15:18,432,Bordeaux,Bordeaux,HOT-284
2025-01-02T20:52:36,82,Toulouse,Toulouse,HOT-105
2024-12-14T14:07:18,48,Lyon,Lyon,HOT-014
2025-01-31T20:34:15,224,Paris,Paris,HOT-079
2025-06-03T06:59:31,15,Chamonix,Chamonix,HOT-279
2025-05-17T06:35:07,472,Lyon,Lyon,HOT-293
2025-03-08T21:24:56,196,Paris,Paris,HOT-067
2025-04-21T07:32:48,233,Toulouse,Toulouse,HOT-096
2025-05-17T12:52:18,123,Nice,Nice,HOT-153
2025-01-03T02:26:12,100,Nantes,Nantes,HOT-126
2025-05-03T12:04:19,372,Lille,Lille,HOT-134
2025-04-23T03:39:10,338,Paris,Paris,HOT-141
2025-03-08T05:49:39,43,Marseille,Marseille,HOT-012
2025-03-04T06:15:01,327,Chamonix,Chamonix,HOT-053
2025-04-05T15:20:48,57,Strasbourg,Strasbourg,HOT-063
2024-12-08T04:05:18,55,Marseille,Marseille,HOT-145
2025-06-01T01:13:04,135,Marseille,Marseille,HOT-048
2024-12-22T12:50:05,40,Strasbourg,Strasbourg,HOT-186
2024-12-10T20:10:50,468,Nice,Nice,HOT-201
2025-01-25T20:18:29,52,Strasbourg,Strasbourg,HOT-012
2025-01-18T00:38:24,212,Lyon,Lyon,HOT-250
2025-05-18T06:49:34,492,Lyon,Lyon,HOT-108
2025-01-05T04:25:40,352,Lille,Lille,HOT-193
2025-03-23T17:13:45,456,Toulouse,Toulouse,HOT-231
2025-04-27T08:46:33,414,Marseille,Marseille,HOT-093
2025-04-04T09:12:10,153,Paris,Paris,HOT-092
2025-03-19T15:12:34,338,Chamonix,Chamonix,HOT-017
2025-02-27T08:07:34,61,Toulouse,Toulouse,HOT-178
2024-12-28T17:47:03,248,Chamonix,Chamonix,HOT-280
2025-05-06T20:50:33,3,Marseille,Marseille,HOT-268
2025-02-01T02:16:00,380,Bordeaux,Bordeaux,HOT-063
2025-01-22T07:05:59,99,Chamonix,Chamonix,HOT-016
2025-02-03T15:04:56,275,Paris,Paris,HOT-266
2024-12-30T19:28:14,263,Marseille,Marseille,HOT-111
2024-12-16T10:08:40,444,Toulouse,Toulouse,HOT-059
2025-01-22T10:49:29,461,Nice,Nice,HOT-016
2025-02-26T16:08:41,168,Marseille,Marseille,HOT-113
2025-04-10T05:20:49,43,Marseille,Marseille,HOT-138
2025-05-10T07:27:14,141,Strasbourg,Strasbourg,HOT-103
2025-04-07T02:07:25,489,Lyon,Lyon,HOT-179
2025-03-05T21:55:11,363,Nantes,Nantes,HOT-151
2024-12-19T08:19:07,240,Strasbourg,Strasbourg,HOT-224
2024-12-28T16:15:04,263,Lille,Lille,HOT-099
2025-05-18T14:51:48,129,Marseille,Marseille,HOT-102
2025-05-31T21:54:22,352,Bordeaux,Bordeaux,HOT-202
2025-03-14T04:59:20,53,Chamonix,Chamonix,HOT-160
2025-04-02T00:37:17,85,Nice,Nice,HOT-250
2025-03-21T05:48:28,222,Strasbourg,Strasbourg,HOT-217
2024-12-10T08:12:37,306,Bordeaux,Bordeaux,HOT-164
2025-04-08T20:44:22,319,Lyon,Lyon,HOT-197
2025-03-17T05:26:27,220,Nice,Nice,HOT-291
2025-03-28T19:31:53,181,Toulouse,Toulouse,HOT-033
2025-01-23T03:07:46,231,Marseille,Marseille,HOT-018
2025-04-25T16:16:31,491,Nantes,Nantes,HOT-130
2025-01-04T00:43:57,301,Lille,Lille,HOT-151
2025-02-01T17:02:31,310,Nantes,Nantes,HOT-181
2025-02-28T12:00:51,204,Paris,Paris,HOT-059
2024-12-07T10:54:23,93,Toulouse,Toulouse,HOT-220
2025-04-05T12:50:11,405,Marseille,Marseille,HOT-184
2025-02-13T15:51:28,126,Lyon,Lyon,HOT-111
2025-01-22T20:43:36,337,Toulouse,Toulouse,HOT-191
2025-03-27T23:06:06,75,Toulouse,Toulouse,HOT-063
2025-02-26T00:57:42,5,Toulouse,Toulouse,HOT-006
2025-01-12T12:33:43,368,Toulouse,Toulouse,HOT-110
2025-04-15T03:48:38,239,Chamonix,Chamonix,HOT-165
2025-04-15T21:43:23,461,Nice,Nice,HOT-288
2024-12-23T18:36:21,34,Lille,Lille,HOT-146
2025-03-18T19:13:51,309,Nice,Nice,HOT-270
2025-02-15T04:09:05,112,Lyon,Lyon,HOT-288
2024-12-20T07:01:28,143,Chamonix,Chamonix,HOT-039
2025-03-19T07:13:50,294,Lille,Lille,HOT-223
2025-03-22T19:13:18,163,Toulouse,Toulouse,HOT-102
2025-03-15T15:56:04,101,Paris,Paris,HOT-253
2025-05-08T20:33:47,256,Paris,Paris,HOT-141
2025-03-15T17:18:31,216,Lyon,Lyon,HOT-064
2025-03-24T18:09:05,232,Marseille,Marseille,HOT-168
2024-12-11T02:22:51,303,Lille,Lille,HOT-122
2025-02-20T23:15:44,296,Paris,Paris,HOT-146
2025-05-25T17:38:08,10,Chamonix,Chamonix,HOT-003
2025-03-08T10:36:15,467,Strasbourg,Strasbourg,HOT-146
2024-12-15T14:30:04,68,Lille,Lille,HOT-019
2025-04-09T14:03:24,459,Nantes,Nantes,HOT-271
2025-02-20T06:36:49,21,Toulouse,Toulouse,HOT-009
2025-02-17T15:19:52,36,Strasbourg,Strasbourg,HOT-049
2025-01-25T09:42:43,425,Lille,Lille,HOT-155
2025-05-01T06:21:49,141,Toulouse,Toulouse,HOT-178
2024-12-10T07:18:37,205,Lyon,Lyon,HOT-285
2025-02-14T11:47:39,397,Toulouse,Toulouse,HOT-253
2025-05-09T06:23:08,314,Paris,Paris,HOT-202
2024-12-20T06:27:59,153,Strasbourg,Strasbourg,HOT-253
2025-02-12T02:30:43,435,Lyon,Lyon,HOT-192
2025-01-22T23:20:39,481,Chamonix,Chamonix,HOT-053
2025-04-28T11:22:07,15,Nice,Nice,HOT-025
2025-04-13T17:56:40,423,Paris,Paris,HOT-072
2025-04-08T03:30:20,54,Toulouse,Toulouse,HOT-224
2024-12-27T06:43:29,116,Marseille,Marseille,HOT-046
2025-05-05T23:04:23,98,Toulouse,Toulouse,HOT-276
2025-03-30T03:28:55,3,Paris,Paris,HOT-133
2025-04-28T21:50:08,453,Paris,Paris,HOT-057
2025-05-03T01:59:43,25,Bordeaux,Bordeaux,HOT-039
2025-02-09T17:15:54,136,Toulouse,Toulouse,HOT-195
2025-01-02T01:20:59,139,Marseille,Marseille,HOT-071
2024-12-15T18:14:07,299,Strasbourg,Strasbourg,HOT-062
2025-02-13T13:26:55,65,Toulouse,Toulouse,HOT-076
2025-03-23T04:13:28,386,Chamonix,Chamonix,HOT-212
2025-02-10T21:21:38,327,Strasbourg,Strasbourg,HOT-063
2025-05-14T02:50:31,268,Nantes,Nantes,HOT-124
2025-04-10T23:15:38,296,Strasbourg,Strasbourg,HOT-251
2025-01-10T03:35:26,144,Toulouse,Toulouse,HOT-248
2025-05-17T09:29:03,116,Lyon,Lyon,HOT-136
2025-05-07T10:41:01,393,Bordeaux,Bordeaux,HOT-043
2025-04-19T02:28:05,181,Nantes,Nantes,HOT-125
2025-03-07T08:54:56,338,Nice,Nice,HOT-040
2025-04-21T04:21:53,39,Strasbourg,Strasbourg,HOT-031
2025-03-10T01:43:58,109,Paris,Paris,HOT-111
2025-04-08T19:43:06,240,Lille,Lille,HOT-097
2025-01-11T13:05:35,250,Lyon,Lyon,HOT-175
2025-05-13T17:28:09,107,Chamonix,Chamonix,HOT-271
2025-01-02T08:04:28,264,Toulouse,Toulouse,HOT-160
2024-12-19T09:41:09,363,Strasbourg,Strasbourg,HOT-079
2025-04-25T04:37:40,435,Nantes,Nantes,HOT-055
2025-05-06T20:55:31,469,Marseille,Marseille,HOT-113
2025-03-06T00:33:27,470,Toulouse,Toulouse,HOT-198
2024-12-14T07:58:23,232,Chamonix,Chamonix,HOT-263
2025-02-02T03:09:27,104,Lille,Lille,HOT-097
2025-01-15T07:05:53,36,Bordeaux,Bordeaux,HOT-217
2024-12-15T15:46:05,85,Bordeaux,Bordeaux,HOT-296
2025-05-09T18:27:08,332,Lyon,Lyon,HOT-076
2025-01-14T21:12:46,237,Lyon,Lyon,HOT-057
2025-05-28T03:41:54,124,Paris,Paris,HOT-236
2024-12-15T06:54:43,96,Bordeaux,Bordeaux,HOT-015
2025-02-06T10:23:57,244,Nantes,Nantes,HOT-232
2025-06-06T09:26:24,181,Bordeaux,Bordeaux,HOT-061
2025-02-05T08:40:28,475,Nantes,Nantes,HOT-044
2025-03-17T05:28:39,182,Lille,Lille,HOT-109
2025-02-22T11:28:28,78,Lille,Lille,HOT-258
2025-05-14T11:41:01,221,Nantes,Nantes,HOT-171
2025-03-22T14:19:21,28,Strasbourg,Strasbourg,HOT-140
2025-03-09T01:49:08,190,Lyon,Lyon,HOT-026
2025-01-25T08:08:37,333,Lille,Lille,HOT-217
2024-12-14T06:16:52,100,Bordeaux,Bordeaux,HOT-097
2025-05-02T10:12:22,207,Marseille,Marseille,HOT-142
2025-04-11T18:23:27,272,Chamonix,Chamonix,HOT-253
2025-01-13T06:13:21,266,Lille,Lille,HOT-056
2025-01-31T16:59:22,349,Paris,Paris,HOT-128
2025-02-14T11:14:10,491,Lyon,Lyon,HOT-113
2025-05-23T13:28:22,59,Paris,Paris,HOT-019
2025-05-07T18:36:05,295,Bordeaux,Bordeaux,HOT-123
2024-12-16T10:23:56,34,Nantes,Nantes,HOT-052
2025-05-24T06:31:42,142,Nice,Nice,HOT-208
2025-04-13T11:32:44,201,Lille,Lille,HOT-052
2025-02-09T14:29:50,113,Bordeaux,Bordeaux,HOT-254
2025-01-29T04:53:52,106,Marseille,Marseille,HOT-105
2024-12-31T07:42:42,178,Bordeaux,Bordeaux,HOT-148
2025-05-11T08:49:18,376,Paris,Paris,HOT-049
2025-02-16T14:42:35,95,Nantes,Nantes,HOT-245
2025-03-01T23:57:25,379,Bordeaux,Bordeaux,HOT-123
2025-05-28T20:55:25,88,Toulouse,Toulouse,HOT-036
2025-02-22T19:51:09,86,Marseille,Marseille,HOT-171
2025-04-30T11:40:51,461,Strasbourg,Strasbourg,HOT-073
2025-03-02T12:56:14,493,Paris,Paris,HOT-243
2025-05-29T20:55:44,220,Toulouse,Toulouse,HOT-011
2025-02-20T05:30:40,91,Bordeaux,Bordeaux,HOT-040
2025-02-10T23:38:28,88,Paris,Paris,HOT-181
2025-01-12T10:14:50,497,Strasbourg,Strasbourg,HOT-299
2025-03-13T12:05:26,1,Strasbourg,Strasbourg,HOT-127
2025-04-20T12:53:20,242,Lyon,Lyon,HOT-024
2025-03-13T18:14:35,420,Paris,Paris,HOT-291
2025-02-16T11:34:36,349,Bordeaux,Bordeaux,HOT-117
2025-06-04T15:12:54,269,Nantes,Nantes,HOT-086
2025-05-10T23:15:39,387,Marseille,Marseille,HOT-049
2025-03-17T23:37:01,52,Bordeaux,Bordeaux,HOT-172
2025-01-27T22:37:28,232,Strasbourg,Strasbourg,HOT-180
2025-05-11T17:14:12,280,Bordeaux,Bordeaux,HOT-250
2024-12-23T04:36:49,130,Toulouse,Toulouse,HOT-235
2025-04-27T08:03:38,7,Toulouse,Toulouse,HOT-155
2025-02-27T13:55:40,364,Toulouse,Toulouse,HOT-266
2024-12-22T11:26:33,397,Chamonix,Chamonix,HOT-248
2025-02-28T18:23:27,58,Bordeaux,Bordeaux,HOT-266
2025-04-03T03:15:07,373,Paris,Paris,HOT-076
2025-05-15T20:00:15,211,Nice,Nice,HOT-073
2025-01-11T04:36:15,183,Strasbourg,Strasbourg,HOT-016
2025-03-23T01:42:39,126,Chamonix,Chamonix,HOT-221
2025-02-02T04:40:00,185,Nice,Nice,HOT-046
2025-02-07T12:34:11,100,Lille,Lille,HOT-056
2024-12-27T01:45:25,495,Bordeaux,Bordeaux,HOT-279
2024-12-22T16:45:51,461,Strasbourg,Strasbourg,HOT-270
2025-02-08T19:50:01,90,Bordeaux,Bordeaux,HOT-179
2025-04-14T11:43:22,455,Toulouse,Toulouse,HOT-201
2025-02-02T13:23:53,302,Lille,Lille,HOT-142
2025-02-04T15:59:25,159,Nice,Nice,HOT-022
2025-03-03T17:44:03,297,Nantes,Nantes,HOT-176
2025-04-03T04:02:11,428,Chamonix,Chamonix,HOT-063
2025-04-25T12:10:03,222,Strasbourg,Strasbourg,HOT-291
2025-02-27T21:27:39,496,Toulouse,Toulouse,HOT-148
2025-01-08T12:14:13,57,Paris,Paris,HOT-256
2025-04-20T02:09:11,475,Marseille,Marseille,HOT-239
2025-03-03T08:22:44,349,Marseille,Marseille,HOT-268
2025-02-13T09:56:37,495,Bordeaux,Bordeaux,HOT-286
2025-03-03T23:23:28,341,Marseille,Marseille,HOT-156
2024-12-15T09:00:19,250,Bordeaux,Bordeaux,HOT-034
2025-04-27T06:49:00,410,Bordeaux,Bordeaux,HOT-008
2025-05-25T02:16:59,233,Paris,Paris,HOT-112
2025-06-02T04:00:49,145,Chamonix,Chamonix,HOT-064
2025-02-13T14:39:41,28,Strasbourg,Strasbourg,HOT-157
2025-04-05T13:01:54,3,Lille,Lille,HOT-181
2025-03-01T14:35:08,339,Paris,Paris,HOT-026
2025-01-29T11:08:12,129,Marseille,Marseille,HOT-180
2025-04-10T07:45:32,450,Bordeaux,Bordeaux,HOT-258
2025-05-09T20:10:12,341,Nantes,Nantes,HOT-080
2024-12-18T06:55:26,489,Lyon,Lyon,HOT-139
2024-12-21T17:19:59,74,Nice,Nice,HOT-222
2025-04-16T11:33:35,300,Lyon,Lyon,HOT-149
2025-04-09T22:38:23,113,Paris,Paris,HOT-243
2025-02-24T00:41:34,478,Toulouse,Toulouse,HOT-128
2025-02-15T16:46:07,416,Lille,Lille,HOT-217
2025-03-16T18:46:12,205,Lyon,Lyon,HOT-134
2025-05-11T16:59:38,472,Bordeaux,Bordeaux,HOT-160
2025-05-01T18:23:38,89,Chamonix,Chamonix,HOT-224
2025-04-18T01:53:56,348,Toulouse,Toulouse,HOT-297
2025-01-07T05:12:29,72,Nice,Nice,HOT-129
2024-12-13T04:44:30,70,Lille,Lille,HOT-284
2025-01-03T21:00:59,103,Bordeaux,Bordeaux,HOT-157
2025-05-20T22:42:06,44,Bordeaux,Bordeaux,HOT-291
2025-04-04T03:06:39,475,Strasbourg,Strasbourg,HOT-280
2025-04-17T19:44:21,94,Lille,Lille,HOT-224
2025-05-07T20:47:37,50,Marseille,Marseille,HOT-270
2025-03-02T05:38:58,227,Toulouse,Toulouse,HOT-258
2024-12-13T21:47:27,479,Toulouse,Toulouse,HOT-240
2024-12-31T15:53:26,182,Lille,Lille,HOT-239
2024-12-20T04:56:46,216,Lille,Lille,HOT-237
2025-01-21T23:26:03,15,Nantes,Nantes,HOT-014
2025-05-07T07:45:38,491,Lille,Lille,HOT-046
2025-04-11T10:17:34,387,Marseille,Marseille,HOT-155
2025-02-16T06:49:49,403,Nice,Nice,HOT-298
2025-02-15T11:21:36,263,Toulouse,Toulouse,HOT-066
2025-02-19T11:50:48,318,Nantes,Nantes,HOT-290
2025-03-27T07:10:03,450,Bordeaux,Bordeaux,HOT-028
2024-12-13T10:32:33,387,Lille,Lille,HOT-065
2025-04-03T15:33:44,207,Paris,Paris,HOT-237
2025-01-05T22:41:23,414,Nantes,Nantes,HOT-236
2025-04-18T00:16:28,430,Paris,Paris,HOT-044
2025-03-04T12:24:26,29,Bordeaux,Bordeaux,HOT-055
2025-02-17T04:26:09,171,Chamonix,Chamonix,HOT-050
2025-02-17T09:19:26,421,Bordeaux,Bordeaux,HOT-290
2025-03-03T08:31:23,247,Toulouse,Toulouse,HOT-032
2025-05-04T07:50:51,63,Chamonix,Chamonix,HOT-262
2024-12-22T01:55:41,379,Paris,Paris,HOT-105
2025-03-28T14:17:07,265,Marseille,Marseille,HOT-288
2025-01-02T21:19:18,380,Strasbourg,Strasbourg,HOT-070
2025-03-19T23:04:40,115,Marseille,Marseille,HOT-155
2025-02-16T09:43:36,322,Bordeaux,Bordeaux,HOT-004
2025-02-22T10:35:21,413,Strasbourg,Strasbourg,HOT-103
2025-02-06T04:45:30,59,Lyon,Lyon,HOT-001
2025-04-12T06:47:18,79,Chamonix,Chamonix,HOT-062
2025-01-30T06:24:16,267,Lyon,Lyon,HOT-127
2025-01-24T14:53:26,105,Lyon,Lyon,HOT-243
2024-12-29T04:19:29,13,Nantes,Nantes,HOT-228
2024-12-12T04:22:51,201,Paris,Paris,HOT-063
2025-04-29T00:06:34,154,Lille,Lille,HOT-248
2025-01-12T06:39:46,95,Nice,Nice,HOT-280
2025-03-14T01:19:46,134,Chamonix,Chamonix,HOT-225
2025-03-17T16:29:02,440,Chamonix,Chamonix,HOT-064
2025-02-20T07:06:28,222,Marseille,Marseille,HOT-012
2025-06-02T13:01:57,95,Marseille,Marseille,HOT-124
2025-03-26T05:12:02,88,Nantes,Nantes,HOT-280
2024-12-30T00:25:19,103,Strasbourg,Strasbourg,HOT-246
2025-01-26T23:35:01,149,Bordeaux,Bordeaux,HOT-052
2025-05-06T15:12:44,492,Chamonix,Chamonix,HOT-253
2025-01-26T16:39:15,189,Bordeaux,Bordeaux,HOT-201
2025-04-22T20:40:12,198,Lyon,Lyon,HOT-238
2025-03-03T19:23:58,214,Lille,Lille,HOT-076
2025-01-17T19:35:12,15,Bordeaux,Bordeaux,HOT-235
2025-04-04T23:10:13,62,Chamonix,Chamonix,HOT-200
2025-01-31T14:30:02,6,Chamonix,Chamonix,HOT-156
2025-04-20T21:48:01,18,Chamonix,Chamonix,HOT-228
2025-06-03T02:43:02,22,Toulouse,Toulouse,HOT-072
2025-03-12T12:46:29,240,Strasbourg,Strasbourg,HOT-142
2025-01-15T00:30:53,5,Marseille,Marseille,HOT-184
2024-12-30T23:08:52,257,Nantes,Nantes,HOT-108
2025-01-02T12:09:22,179,Nantes,Nantes,HOT-200
2025-05-21T18:04:28,263,Lyon,Lyon,HOT-090
2024-12-21T12:43:25,336,Marseille,Marseille,HOT-181
2025-03-04T22:17:15,336,Chamonix,Chamonix,HOT-174
2025-01-09T16:15:11,236,Marseille,Marseille,HOT-143
2025-05-30T15:45:50,402,Bordeaux,Bordeaux,HOT-202
2025-04-24T16:09:38,35,Strasbourg,Strasbourg,HOT-193
2025-03-03T13:59:04,493,Strasbourg,Strasbourg,HOT-093
2024-12-24T04:45:02,295,Nantes,Nantes,HOT-270
2025-05-13T12:52:53,133,Marseille,Marseille,HOT-166
2025-04-18T13:38:12,302,Chamonix,Chamonix,HOT-179
2025-05-20T08:01:50,300,Chamonix,Chamonix,HOT-207
2025-02-07T05:00:11,35,Paris,Paris,HOT-016
2025-04-15T19:58:30,437,Marseille,Marseille,HOT-119
2025-02-12T14:44:07,50,Lyon,Lyon,HOT-256
2025-04-23T22:18:52,479,Strasbourg,Strasbourg,HOT-166
2024-12-19T18:15:14,390,Nice,Nice,HOT-122
2025-03-23T22:47:18,54,Marseille,Marseille,HOT-197
2025-03-22T10:19:04,387,Lille,Lille,HOT-033
2025-02-01T12:48:08,32,Chamonix,Chamonix,HOT-129
2025-05-29T05:31:22,59,Paris,Paris,HOT-038
2025-02-03T09:30:55,227,Toulouse,Toulouse,HOT-016
2025-05-21T11:15:03,473,Marseille,Marseille,HOT-165
2025-01-06T17:38:37,56,Strasbourg,Strasbourg,HOT-194
2025-04-24T08:53:13,69,Chamonix,Chamonix,HOT-285
2025-04-23T22:25:22,103,Nice,Nice,HOT-130
2025-06-05T05:15:40,252,Strasbourg,Strasbourg,HOT-147
2025-04-22T02:52:27,116,Nice,Nice,HOT-083
2025-04-09T23:30:49,223,Nantes,Nantes,HOT-099
2025-01-09T22:56:20,45,Chamonix,Chamonix,HOT-013
2025-05-10T06:30:33,323,Lyon,Lyon,HOT-105
2025-02-15T08:17:30,18,Marseille,Marseille,HOT-003
2025-03-15T22:35:23,185,Lille,Lille,HOT-291
2025-01-19T16:39:28,280,Lyon,Lyon,HOT-175
2024-12-30T17:12:22,95,Nantes,Nantes,HOT-255
2025-01-15T04:15:09,98,Nice,Nice,HOT-293
2025-05-09T22:54:34,424,Strasbourg,Strasbourg,HOT-257
2025-01-03T02:49:45,181,Toulouse,Toulouse,HOT-287
2025-01-22T02:53:12,437,Marseille,Marseille,HOT-035
2025-05-09T15:01:17,225,Lille,Lille,HOT-193
2025-03-13T01:55:30,448,Lyon,Lyon,HOT-292
2024-12-12T06:06:30,41,Marseille,Marseille,HOT-265
2025-02-15T05:30:56,153,Lyon,Lyon,HOT-061
2025-03-24T17:32:35,256,Nice,Nice,HOT-027
2025-03-28T06:37:19,308,Nantes,Nantes,HOT-170
2025-02-16T18:52:00,12,Nice,Nice,HOT-149
2025-03-07T21:53:06,473,Bordeaux,Bordeaux,HOT-200
2025-05-12T04:57:04,361,Toulouse,Toulouse,HOT-035
2025-03-24T06:28:37,447,Marseille,Marseille,HOT-148
2025-01-01T08:23:37,39,Nantes,Nantes,HOT-295
2025-04-04T23:30:07,124,Nantes,Nantes,HOT-257
2025-05-27T20:30:11,160,Lille,Lille,HOT-030
2024-12-23T21:24:33,280,Lyon,Lyon,HOT-299
2024-12-19T22:01:28,242,Bordeaux,Bordeaux,HOT-016
2025-02-05T05:00:55,17,Toulouse,Toulouse,HOT-216
2025-02-22T11:10:33,134,Nice,Nice,HOT-172
2025-04-25T08:46:07,455,Paris,Paris,HOT-072
2025-04-25T17:47:29,105,Nantes,Nantes,HOT-169
2025-03-10T02:21:25,474,Paris,Paris,HOT-121
2025-03-19T05:32:07,253,Lyon,Lyon,HOT-289
2025-02-24T22:03:36,464,Chamonix,Chamonix,HOT-019
2025-05-05T12:10:57,178,Lyon,Lyon,HOT-214
2025-02-24T15:42:52,307,Chamonix,Chamonix,HOT-042
2025-05-16T00:39:20,455,Nantes,Nantes,HOT-246
2025-03-28T18:50:48,485,Marseille,Marseille,HOT-139
2024-12-21T11:19:09,371,Paris,Paris,HOT-054
2024-12-31T11:40:52,19,Strasbourg,Strasbourg,HOT-260
2025-02-06T17:04:19,116,Toulouse,Toulouse,HOT-221
2025-04-10T21:07:51,245,Bordeaux,Bordeaux,HOT-117
2024-12-21T13:15:00,11,Paris,Paris,HOT-014
2025-03-04T12:38:57,397,Nice,Nice,HOT-274
2025-03-07T14:33:22,312,Lille,Lille,HOT-010
2025-04-18T05:09:13,283,Strasbourg,Strasbourg,HOT-027
2025-03-17T14:41:18,199,Lille,Lille,HOT-065
2025-02-12T01:10:16,221,Lille,Lille,HOT-282
2025-01-01T01:41:55,71,Lyon,Lyon,HOT-225
2025-05-26T15:12:25,61,Chamonix,Chamonix,HOT-189
2025-05-17T03:17:11,181,Nice,Nice,HOT-176
2025-05-07T15:54:17,224,Paris,Paris,HOT-122
2025-03-24T04:52:34,119,Lyon,Lyon,HOT-006
2025-04-10T09:16:18,117,Lille,Lille,HOT-275
2025-03-31T06:53:50,291,Paris,Paris,HOT-008
2025-01-11T11:37:32,448,Nice,Nice,HOT-030
2025-05-05T05:44:16,40,Paris,Paris,HOT-065
2025-01-01T04:57:11,225,Marseille,Marseille,HOT-145
2025-03-01T03:45:48,23,Toulouse,Toulouse,HOT-180
2025-03-14T19:07:52,309,Nice,Nice,HOT-150
2025-06-01T23:50:34,67,Chamonix,Chamonix,HOT-204
2025-05-24T17:46:32,246,Lyon,Lyon,HOT-040
2024-12-17T21:51:31,40,Bordeaux,Bordeaux,HOT-279
2025-05-17T14:10:41,106,Strasbourg,Strasbourg,HOT-183
2024-12-31T06:14:55,460,Nice,Nice,HOT-228
2025-03-17T18:08:49,366,Bordeaux,Bordeaux,HOT-188
2025-01-05T20:43:11,400,Nantes,Nantes,HOT-150
2025-02-04T04:56:21,445,Nice,Nice,HOT-270
2025-01-08T02:58:25,458,Bordeaux,Bordeaux,HOT-164
2025-01-07T14:26:12,358,Nantes,Nantes,HOT-258
2025-02-07T19:19:27,54,Paris,Paris,HOT-178
2025-06-06T15:48:36,462,Lille,Lille,HOT-249
2025-04-23T21:20:36,144,Lyon,Lyon,HOT-105
2025-01-19T22:23:01,467,Marseille,Marseille,HOT-267
2025-02-12T08:12:01,119,Bordeaux,Bordeaux,HOT-284
2025-03-17T21:51:18,108,Lyon,Lyon,HOT-191
2025-05-29T22:16:23,372,Marseille,Marseille,HOT-019
2025-01-31T07:22:37,121,Strasbourg,Strasbourg,HOT-233
2025-05-20T09:57:10,488,Lyon,Lyon,HOT-011
2024-12-22T11:07:47,256,Paris,Paris,HOT-139
2025-01-24T19:31:17,143,Chamonix,Chamonix,HOT-197
2025-01-14T06:26:57,154,Lyon,Lyon,HOT-031
2025-04-09T11:11:47,143,Chamonix,Chamonix,HOT-197
2025-03-24T02:43:23,254,Paris,Paris,HOT-196
2025-01-29T10:39:02,197,Strasbourg,Strasbourg,HOT-023
2024-12-31T10:57:07,115,Nice,Nice,HOT-195
2025-04-07T12:25:53,95,Lille,Lille,HOT-273
2025-02-03T22:52:51,27,Bordeaux,Bordeaux,HOT-017
2025-04-05T11:03:33,278,Toulouse,Toulouse,HOT-014
2025-03-20T17:48:14,466,Chamonix,Chamonix,HOT-173
2024-12-25T07:01:26,473,Bordeaux,Bordeaux,HOT-111
2025-03-14T17:46:36,388,Paris,Paris,HOT-175
2025-04-10T14:50:02,372,Chamonix,Chamonix,HOT-223
2025-01-08T21:30:58,444,Lille,Lille,HOT-030
2025-04-01T01:38:36,414,Lyon,Lyon,HOT-284
2025-03-29T21:37:29,199,Bordeaux,Bordeaux,HOT-274
2025-01-06T02:12:48,238,Lille,Lille,HOT-294
2025-01-09T09:28:07,369,Chamonix,Chamonix,HOT-266
2025-04-14T01:32:01,134,Marseille,Marseille,HOT-196
2025-04-07T09:54:00,240,Nice,Nice,HOT-068
2025-04-26T02:00:29,465,Paris,Paris,HOT-144
2025-05-31T07:14:41,410,Bordeaux,Bordeaux,HOT-044
2025-04-03T15:46:04,128,Nantes,Nantes,HOT-152
2025-02-10T17:02:14,173,Chamonix,Chamonix,HOT-203
2025-05-19T18:05:25,20,Chamonix,Chamonix,HOT-141
2025-06-04T13:26:26,186,Bordeaux,Bordeaux,HOT-129
2025-03-26T14:15:59,401,Chamonix,Chamonix,HOT-007
2024-12-15T03:35:43,64,Bordeaux,Bordeaux,HOT-292
2025-05-16T09:29:45,339,Toulouse,Toulouse,HOT-136
2025-05-23T21:07:41,434,Marseille,Marseille,HOT-228
2024-12-12T15:50:46,237,Paris,Paris,HOT-226
2024-12-22T22:08:31,5,Strasbourg,Strasbourg,HOT-019
2024-12-15T23:29:00,495,Toulouse,Toulouse,HOT-246
2025-04-10T17:00:25,327,Nantes,Nantes,HOT-112
2025-05-05T20:50:26,210,Paris,Paris,HOT-297
2025-03-29T03:33:53,481,Lyon,Lyon,HOT-142
2025-01-27T13:00:07,460,Chamonix,Chamonix,HOT-283
2025-04-12T14:06:06,161,Lyon,Lyon,HOT-226
2025-01-17T02:03:15,93,Bordeaux,Bordeaux,HOT-142
2025-05-05T01:54:14,133,Strasbourg,Strasbourg,HOT-066
2025-03-28T05:58:07,117,Marseille,Marseille,HOT-076
2025-02-26T01:03:04,447,Chamonix,Chamonix,HOT-026
2025-04-06T04:12:36,120,Lyon,Lyon,HOT-020
2025-04-10T05:31:51,95,Nantes,Nantes,HOT-226
2024-12-13T00:45:31,297,Toulouse,Toulouse,HOT-022
2025-03-13T20:38:30,284,Nice,Nice,HOT-032
2025-05-28T18:38:30,488,Bordeaux,Bordeaux,HOT-132
2025-04-07T22:24:44,9,Toulouse,Toulouse,HOT-277
2025-03-23T02:11:29,368,Paris,Paris,HOT-121
2025-02-01T09:35:01,180,Lyon,Lyon,HOT-040
2025-04-10T19:07:15,260,Strasbourg,Strasbourg,HOT-058
2025-02-03T19:28:36,262,Lyon,Lyon,HOT-122
2025-03-10T22:18:07,105,Toulouse,Toulouse,HOT-293
2025-01-23T16:49:47,191,Lille,Lille,HOT-037
2025-05-12T09:44:04,329,Lille,Lille,HOT-145
2025-05-12T22:08:11,74,Paris,Paris,HOT-168
2025-04-19T03:54:17,311,Toulouse,Toulouse,HOT-172
2025-02-24T00:08:40,209,Toulouse,Toulouse,HOT-241
2025-02-02T21:45:30,483,Bordeaux,Bordeaux,HOT-016
2025-03-05T05:17:05,83,Toulouse,Toulouse,HOT-023
2024-12-21T07:41:42,149,Marseille,Marseille,HOT-014
2025-04-19T20:47:16,55,Chamonix,Chamonix,HOT-109
2024-12-18T18:49:51,414,Toulouse,Toulouse,HOT-262
2025-01-06T20:19:27,367,Nantes,Nantes,HOT-298
2025-03-02T12:19:34,365,Toulouse,Toulouse,HOT-111
2025-02-25T20:33:13,194,Chamonix,Chamonix,HOT-017
2025-03-11T04:23:23,337,Marseille,Marseille,HOT-196
2025-03-07T08:04:24,391,Lyon,Lyon,HOT-040
2025-01-15T18:25:56,491,Nice,Nice,HOT-290
2025-02-11T05:01:42,258,Chamonix,Chamonix,HOT-281
2025-04-03T22:51:28,376,Lille,Lille,HOT-276
2025-01-04T01:09:38,376,Lyon,Lyon,HOT-271
2025-02-05T20:21:22,409,Paris,Paris,HOT-242
2025-05-23T10:25:39,338,Nantes,Nantes,HOT-267
2025-04-25T15:25:47,226,Toulouse,Toulouse,HOT-138
2025-02-07T03:44:18,100,Chamonix,Chamonix,HOT-151
2025-04-28T17:14:05,467,Nice,Nice,HOT-169
2025-05-23T07:07:45,125,Toulouse,Toulouse,HOT-119
2025-02-12T05:09:34,234,Toulouse,Toulouse,HOT-060
2025-02-22T13:46:12,355,Nice,Nice,HOT-228
2025-01-01T13:01:49,376,Lille,Lille,HOT-186
2025-05-03T20:34:18,41,Toulouse,Toulouse,HOT-287
2025-02-17T02:27:30,259,Lyon,Lyon,HOT-186
2025-03-17T03:35:50,335,Strasbourg,Strasbourg,HOT-118
2025-03-26T05:06:01,230,Lille,Lille,HOT-118
2024-12-27T18:28:08,292,Marseille,Marseille,HOT-276
2025-02-07T02:48:14,126,Lille,Lille,HOT-071
2025-01-23T02:11:46,311,Bordeaux,Bordeaux,HOT-147
2025-03-07T17:32:09,175,Toulouse,Toulouse,HOT-061
2024-12-30T22:36:34,42,Lille,Lille,HOT-216
2025-01-28T02:07:28,259,Marseille,Marseille,HOT-295
2025-03-04T10:53:07,254,Nice,Nice,HOT-093
2025-01-24T07:00:06,449,Strasbourg,Strasbourg,HOT-008
2025-01-03T12:09:12,86,Lyon,Lyon,HOT-215
2024-12-25T22:47:28,135,Nantes,Nantes,HOT-241
2024-12-16T23:27:13,381,Lyon,Lyon,HOT-065
2025-02-01T12:06:07,446,Paris,Paris,HOT-221
2025-02-19T17:53:02,13,Marseille,Marseille,HOT-038
2025-05-23T22:54:41,68,Nantes,Nantes,HOT-272
2025-04-05T15:28:58,471,Lille,Lille,HOT-217
2025-02-26T08:15:54,182,Marseille,Marseille,HOT-206
2025-01-24T08:38:22,357,Nantes,Nantes,HOT-124
2025-05-24T04:14:28,365,Bordeaux,Bordeaux,HOT-061
2025-05-31T08:41:21,173,Toulouse,Toulouse,HOT-056
2025-01-07T03:52:13,370,Paris,Paris,HOT-038
2025-05-14T02:41:51,379,Toulouse,Toulouse,HOT-230
2025-02-08T17:34:39,467,Lille,Lille,HOT-231
2025-06-06T11:12:49,380,Lille,Lille,HOT-149
2025-03-29T07:49:58,388,Strasbourg,Strasbourg,HOT-069
2025-04-26T04:19:05,376,Marseille,Marseille,HOT-261
2025-02-05T20:58:23,43,Marseille,Marseille,HOT-004
2025-01-13T00:18:25,304,Chamonix,Chamonix,HOT-190
2025-05-04T08:01:10,346,Strasbourg,Strasbourg,HOT-195
2025-01-07T02:12:20,165,Strasbourg,Strasbourg,HOT-091
2025-03-13T21:42:06,261,Chamonix,Chamonix,HOT-144
2025-03-17T02:24:27,484,Lyon,Lyon,HOT-119
2025-03-07T19:07:56,153,Strasbourg,Strasbourg,HOT-175
2025-03-14T00:00:17,25,Chamonix,Chamonix,HOT-266
2025-05-26T20:24:20,460,Nantes,Nantes,HOT-297
2025-02-05T01:31:08,261,Lille,Lille,HOT-147
2025-03-13T17:31:46,166,Lille,Lille,HOT-164
2024-12-11T15:37:31,388,Marseille,Marseille,HOT-074
2024-12-24T15:16:31,22,Nice,Nice,HOT-221
2025-02-21T12:15:27,266,Bordeaux,Bordeaux,HOT-295
2025-03-15T07:09:28,451,Chamonix,Chamonix,HOT-161
2025-03-05T22:27:55,51,Toulouse,Toulouse,HOT-146
2025-01-22T21:29:34,85,Lyon,Lyon,HOT-148
2025-01-17T22:15:42,141,Strasbourg,Strasbourg,HOT-225
2025-03-30T10:11:48,115,Marseille,Marseille,HOT-148
2025-02-13T16:13:35,481,Bordeaux,Bordeaux,HOT-055
2024-12-16T14:22:46,474,Nice,Nice,HOT-143
2024-12-16T23:09:05,73,Lyon,Lyon,HOT-106
2025-01-30T18:49:54,283,Nantes,Nantes,HOT-087
2025-03-13T05:59:24,15,Chamonix,Chamonix,HOT-021
2025-04-02T04:15:19,492,Nantes,Nantes,HOT-276
2025-05-27T11:36:57,410,Nice,Nice,HOT-004
2025-05-19T19:34:48,251,Paris,Paris,HOT-190
2025-04-13T04:41:19,105,Bordeaux,Bordeaux,HOT-293
2025-04-16T17:47:21,219,Strasbourg,Strasbourg,HOT-267
2025-03-08T12:42:35,65,Strasbourg,Strasbourg,HOT-152
2025-01-31T15:18:00,471,Lyon,Lyon,HOT-062
2025-03-21T08:46:34,228,Lille,Lille,HOT-253
2024-12-08T17:43:32,135,Lyon,Lyon,HOT-071
2025-05-20T15:43:31,143,Lyon,Lyon,HOT-182
2024-12-28T00:35:19,412,Lyon,Lyon,HOT-114
2025-02-28T19:53:06,373,Lyon,Lyon,HOT-168
2025-01-02T03:47:53,81,Nantes,Nantes,HOT-172
2025-05-27T12:09:28,142,Strasbourg,Strasbourg,HOT-263
2025-01-27T12:08:56,345,Lyon,Lyon,HOT-162
2025-04-27T10:02:57,457,Paris,Paris,HOT-222
2025-02-16T04:15:48,52,Nantes,Nantes,HOT-163
2025-05-04T11:26:47,98,Nantes,Nantes,HOT-019
2025-02-23T10:54:58,486,Paris,Paris,HOT-126
2025-02-16T05:00:28,71,Chamonix,Chamonix,HOT-193
2024-12-15T22:27:39,447,Nice,Nice,HOT-101
2025-02-22T22:27:42,136,Strasbourg,Strasbourg,HOT-078
2024-12-17T02:01:41,249,Marseille,Marseille,HOT-255
2025-03-27T21:19:16,145,Marseille,Marseille,HOT-102
2025-03-26T05:52:20,326,Lyon,Lyon,HOT-265
2025-01-13T22:46:32,439,Nice,Nice,HOT-002
2025-02-15T13:05:57,223,Lyon,Lyon,HOT-252
2025-03-24T13:49:18,286,Chamonix,Chamonix,HOT-107
2025-02-01T04:35:51,364,Marseille,Marseille,HOT-020
2024-12-21T10:17:56,215,Bordeaux,Bordeaux,HOT-195
2025-02-20T04:07:55,324,Chamonix,Chamonix,HOT-121
2025-03-15T01:37:01,327,Toulouse,Toulouse,HOT-248
2025-03-04T14:25:10,272,Marseille,Marseille,HOT-154
2025-05-04T13:59:50,431,Nice,Nice,HOT-150
2025-03-23T22:08:09,343,Strasbourg,Strasbourg,HOT-251
2025-01-30T11:12:32,408,Lille,Lille,HOT-183
2025-05-16T09:50:44,279,Strasbourg,Strasbourg,HOT-152
2025-04-07T04:07:56,50,Nice,Nice,HOT-058
2025-04-18T06:30:12,494,Bordeaux,Bordeaux,HOT-215
2025-04-04T19:17:00,497,Strasbourg,Strasbourg,HOT-167
2024-12-30T05:18:56,127,Lille,Lille,HOT-060
2025-01-01T03:13:51,91,Strasbourg,Strasbourg,HOT-164
2024-12-25T22:11:04,339,Lyon,Lyon,HOT-178
2025-02-21T15:20:25,357,Lille,Lille,HOT-066
2025-02-17T14:50:47,397,Strasbourg,Strasbourg,HOT-251
2025-05-10T12:06:20,308,Lille,Lille,HOT-121
2025-02-10T23:52:05,15,Bordeaux,Bordeaux,HOT-138
2025-03-25T11:18:03,260,Nice,Nice,HOT-210
2025-06-07T11:26:00,32,Nantes,Nantes,HOT-166
2025-02-16T03:27:55,134,Toulouse,Toulouse,HOT-211
2025-05-02T18:00:31,201,Strasbourg,Strasbourg,HOT-218
2025-01-04T03:57:02,205,Bordeaux,Bordeaux,HOT-028
2025-01-14T19:17:35,138,Strasbourg,Strasbourg,HOT-113
2025-04-03T03:17:49,174,Paris,Paris,HOT-158
2025-03-16T00:17:56,230,Lille,Lille,HOT-114
2025-02-23T02:12:55,294,Marseille,Marseille,HOT-275
2025-03-14T06:08:53,106,Lyon,Lyon,HOT-169
2024-12-14T23:13:03,67,Chamonix,Chamonix,HOT-277
2024-12-15T22:44:42,11,Paris,Paris,HOT-195
2024-12-14T16:58:06,47,Toulouse,Toulouse,HOT-181
2025-01-02T18:15:06,393,Nantes,Nantes,HOT-033
2025-04-24T17:11:42,336,Paris,Paris,HOT-266
2025-02-09T19:41:53,108,Toulouse,Toulouse,HOT-275
2025-05-12T06:22:06,102,Marseille,Marseille,HOT-275
2025-03-09T03:25:25,203,Nice,Nice,HOT-149
2025-03-17T23:52:55,411,Marseille,Marseille,HOT-192
2025-03-05T21:20:13,170,Lille,Lille,HOT-111
2025-01-05T01:43:47,284,Nice,Nice,HOT-007
2025-04-03T20:59:41,19,Paris,Paris,HOT-270
2025-05-29T13:54:41,53,Nantes,Nantes,HOT-204
2025-03-17T06:02:49,406,Strasbourg,Strasbourg,HOT-022
2025-01-03T07:02:33,81,Bordeaux,Bordeaux,HOT-155
2025-02-08T20:02:51,13,Nice,Nice,HOT-127
2025-06-06T00:06:32,18,Bordeaux,Bordeaux,HOT-064
2025-04-05T04:43:14,417,Lille,Lille,HOT-206
2025-02-07T00:04:25,68,Bordeaux,Bordeaux,HOT-044
2025-01-07T16:55:49,40,Lyon,Lyon,HOT-259
2025-02-21T10:55:01,370,Lille,Lille,HOT-011
2025-04-05T20:42:59,8,Nantes,Nantes,HOT-078
2025-04-29T17:05:38,49,Chamonix,Chamonix,HOT-201
2025-05-19T18:25:32,100,Chamonix,Chamonix,HOT-160
2025-02-03T06:08:57,402,Toulouse,Toulouse,HOT-218
2025-04-01T10:34:24,263,Paris,Paris,HOT-155
2025-02-10T11:13:48,141,Strasbourg,Strasbourg,HOT-104
2025-03-15T15:52:31,52,Bordeaux,Bordeaux,HOT-296
2025-05-16T23:43:27,242,Lille,Lille,HOT-150
2025-03-16T03:03:21,220,Lyon,Lyon,HOT-114
2025-03-20T12:29:58,496,Lille,Lille,HOT-288
2025-03-12T06:28:01,143,Strasbourg,Strasbourg,HOT-146
2025-04-23T18:34:58,465,Nantes,Nantes,HOT-260
2025-03-26T11:01:59,126,Lille,Lille,HOT-009
2025-02-03T08:44:29,255,Lille,Lille,HOT-191
2025-03-09T08:46:33,391,Nantes,Nantes,HOT-056
2025-05-14T13:16:52,232,Nice,Nice,HOT-296
2024-12-10T09:08:59,13,Lille,Lille,HOT-119
2025-02-16T16:17:16,229,Toulouse,Toulouse,HOT-245
2025-02-09T11:18:16,289,Lyon,Lyon,HOT-160
2025-04-16T23:46:53,171,Marseille,Marseille,HOT-043
2024-12-28T10:24:37,49,Nantes,Nantes,HOT-087
2025-02-26T00:50:04,107,Strasbourg,Strasbourg,HOT-128
2025-03-30T11:51:54,43,Marseille,Marseille,HOT-207
2025-02-04T21:29:55,316,Strasbourg,Strasbourg,HOT-268
2025-05-10T20:45:45,371,Chamonix,Chamonix,HOT-120
2025-05-30T16:10:27,31,Strasbourg,Strasbourg,HOT-130
2025-04-26T23:52:18,211,Bordeaux,Bordeaux,HOT-173
2025-05-25T11:53:33,428,Marseille,Marseille,HOT-019
2025-04-19T18:07:54,165,Chamonix,Chamonix,HOT-209
2025-04-08T08:10:57,447,Paris,Paris,HOT-138
2024-12-12T07:48:03,354,Nice,Nice,HOT-288
2025-04-02T01:24:59,407,Strasbourg,Strasbourg,HOT-280
2025-03-09T07:22:00,256,Toulouse,Toulouse,HOT-121
2025-01-27T17:04:39,165,Strasbourg,Strasbourg,HOT-248
2025-04-13T10:53:29,264,Nantes,Nantes,HOT-042
2025-05-08T04:12:47,472,Lyon,Lyon,HOT-218
2025-05-06T20:47:35,359,Lyon,Lyon,HOT-193
2025-03-29T11:30:06,66,Paris,Paris,HOT-083
2025-03-29T07:35:15,267,Lyon,Lyon,HOT-086
2025-01-20T08:02:39,102,Strasbourg,Strasbourg,HOT-059
2025-04-26T05:35:03,20,Lille,Lille,HOT-254
2024-12-17T02:56:54,88,Nantes,Nantes,HOT-250
2025-03-30T11:01:54,72,Nantes,Nantes,HOT-215
2025-03-10T10:40:11,205,Paris,Paris,HOT-152
2025-01-09T06:15:35,61,Lille,Lille,HOT-151
2025-03-18T22:42:57,369,Bordeaux,Bordeaux,HOT-268
2025-04-08T07:05:10,166,Chamonix,Chamonix,HOT-191
2025-04-26T04:34:18,289,Marseille,Marseille,HOT-073
2025-04-06T11:47:39,149,Nantes,Nantes,HOT-105
2025-05-06T13:32:32,412,Chamonix,Chamonix,HOT-191
2025-05-19T11:44:20,266,Chamonix,Chamonix,HOT-129
2025-02-18T23:25:53,242,Strasbourg,Strasbourg,HOT-108
2025-01-04T20:18:02,480,Toulouse,Toulouse,HOT-070
2025-05-15T16:50:06,85,Nantes,Nantes,HOT-243
2025-04-18T08:02:00,6,Toulouse,Toulouse,HOT-214
2025-01-23T04:20:02,92,Marseille,Marseille,HOT-241
2024-12-13T06:44:43,35,Paris,Paris,HOT-160
2025-03-28T07:59:13,360,Nice,Nice,HOT-103
2025-04-22T04:16:48,356,Lyon,Lyon,HOT-276
2024-12-28T11:45:58,235,Toulouse,Toulouse,HOT-049
2025-01-13T04:44:07,32,Chamonix,Chamonix,HOT-240
2024-12-10T19:52:14,305,Marseille,Marseille,HOT-035
2025-03-02T19:00:17,180,Nantes,Nantes,HOT-116
2025-02-06T01:31:44,177,Paris,Paris,HOT-099
2025-02-26T11:16:25,141,Bordeaux,Bordeaux,HOT-219
2025-01-05T13:20:12,300,Bordeaux,Bordeaux,HOT-189
2025-02-25T08:08:58,320,Lille,Lille,HOT-131
2025-04-20T05:34:50,288,Nantes,Nantes,HOT-104
2025-01-15T17:49:12,40,Chamonix,Chamonix,HOT-079
2025-02-24T20:06:48,53,Nice,Nice,HOT-144
2025-03-14T14:15:52,92,Bordeaux,Bordeaux,HOT-289
2025-05-06T15:14:55,53,Marseille,Marseille,HOT-268
2025-04-04T21:18:37,301,Lille,Lille,HOT-170
2025-06-03T21:33:16,295,Chamonix,Chamonix,HOT-142
2025-03-08T17:27:24,495,Chamonix,Chamonix,HOT-243
2025-05-25T15:14:29,108,Marseille,Marseille,HOT-002
2025-05-20T21:20:22,402,Nice,Nice,HOT-111
2025-04-29T00:51:58,47,Chamonix,Chamonix,HOT-076
2025-04-27T09:33:20,74,Marseille,Marseille,HOT-244
2024-12-19T05:52:04,448,Paris,Paris,HOT-166
2025-04-23T04:46:01,40,Paris,Paris,HOT-071
2025-01-02T23:07:37,262,Strasbourg,Strasbourg,HOT-218
2025-03-17T20:51:18,341,Strasbourg,Strasbourg,HOT-168
2025-01-16T09:53:54,155,Nantes,Nantes,HOT-061
2025-03-26T01:32:16,124,Nantes,Nantes,HOT-202
2025-02-08T06:27:24,194,Lille,Lille,HOT-243
2025-04-14T17:49:00,182,Bordeaux,Bordeaux,HOT-268
2025-03-10T00:59:11,163,Nantes,Nantes,HOT-041
2025-03-19T04:31:01,453,Chamonix,Chamonix,HOT-110
2025-02-18T07:44:48,490,Marseille,Marseille,HOT-143
2025-02-06T01:48:33,365,Marseille,Marseille,HOT-224
2025-01-09T18:42:16,287,Strasbourg,Strasbourg,HOT-251
2025-03-06T09:48:12,356,Bordeaux,Bordeaux,HOT-062
2025-06-02T06:25:22,286,Lille,Lille,HOT-179
2025-03-20T16:10:05,92,Paris,Paris,HOT-188
2025-02-11T14:58:32,438,Strasbourg,Strasbourg,HOT-178
2025-03-23T05:26:01,373,Lille,Lille,HOT-110
2025-02-13T22:42:47,316,Nantes,Nantes,HOT-098
2025-04-17T09:23:31,196,Toulouse,Toulouse,HOT-092
2025-05-06T01:20:57,478,Paris,Paris,HOT-101
2025-05-24T15:10:43,227,Toulouse,Toulouse,HOT-270
2025-04-26T03:22:05,100,Paris,Paris,HOT-159
2025-04-18T08:07:18,169,Lyon,Lyon,HOT-189
2025-04-11T01:39:13,469,Bordeaux,Bordeaux,HOT-258
2025-05-12T04:54:30,472,Paris,Paris,HOT-140
2025-04-20T18:41:25,18,Bordeaux,Bordeaux,HOT-246
2025-01-27T11:37:59,204,Paris,Paris,HOT-130
2025-04-04T14:46:44,141,Paris,Paris,HOT-293
2025-03-11T04:03:32,422,Paris,Paris,HOT-242
2025-01-13T11:37:55,312,Strasbourg,Strasbourg,HOT-252
2025-01-24T00:28:42,89,Strasbourg,Strasbourg,HOT-280
2025-01-30T07:52:48,414,Lyon,Lyon,HOT-020
2025-03-25T12:29:18,190,Paris,Paris,HOT-079
2025-02-03T02:43:22,362,Marseille,Marseille,HOT-068
2025-01-19T19:34:20,43,Lille,Lille,HOT-062
2025-02-02T22:36:01,29,Strasbourg,Strasbourg,HOT-032
2025-05-05T21:32:55,161,Lyon,Lyon,HOT-279
2025-02-01T06:28:22,143,Nice,Nice,HOT-009
2025-04-23T00:41:33,171,Toulouse,Toulouse,HOT-087
2025-01-16T09:36:02,464,Chamonix,Chamonix,HOT-188
2025-04-20T04:22:02,265,Paris,Paris,HOT-207
2025-04-23T01:05:58,214,Paris,Paris,HOT-034
2025-03-12T02:32:08,99,Nantes,Nantes,HOT-076
2025-02-06T17:07:59,374,Bordeaux,Bordeaux,HOT-043
2025-03-10T07:39:43,89,Strasbourg,Strasbourg,HOT-023
2025-02-12T21:09:24,142,Chamonix,Chamonix,HOT-102
2025-03-25T23:40:39,353,Nantes,Nantes,HOT-210
2025-06-06T10:58:30,89,Paris,Paris,HOT-160
2025-06-06T14:38:01,141,Nantes,Nantes,HOT-180
2025-05-10T14:28:25,61,Toulouse,Toulouse,HOT-239
2025-04-26T06:48:57,291,Lyon,Lyon,HOT-290
2025-01-29T06:01:14,477,Strasbourg,Strasbourg,HOT-046
2025-02-01T00:48:42,60,Lyon,Lyon,HOT-094
2024-12-30T19:35:26,374,Lyon,Lyon,HOT-096
2025-03-28T12:12:42,163,Chamonix,Chamonix,HOT-011
2025-04-17T12:54:15,393,Marseille,Marseille,HOT-006
2025-03-22T15:04:08,112,Toulouse,Toulouse,HOT-236
2025-02-18T21:07:09,42,Nice,Nice,HOT-158
2025-05-30T02:09:44,429,Nice,Nice,HOT-068
2025-02-21T18:16:14,159,Paris,Paris,HOT-195
2025-05-15T01:31:53,362,Bordeaux,Bordeaux,HOT-092
2025-02-12T04:03:36,143,Marseille,Marseille,HOT-290
2025-05-06T06:21:25,162,Lille,Lille,HOT-116
2025-05-12T09:23:51,428,Nice,Nice,HOT-140
2025-01-04T14:14:39,453,Nice,Nice,HOT-091
2025-02-01T13:13:24,152,Bordeaux,Bordeaux,HOT-226
2024-12-15T07:39:36,136,Lyon,Lyon,HOT-251
2025-02-01T00:04:14,182,Chamonix,Chamonix,HOT-187
2025-04-24T19:45:20,179,Nantes,Nantes,HOT-231
2024-12-22T11:55:11,425,Marseille,Marseille,HOT-019
2025-02-12T09:47:13,487,Chamonix,Chamonix,HOT-198
2025-06-04T13:48:47,80,Nantes,Nantes,HOT-292
2025-03-03T01:14:17,108,Lille,Lille,HOT-178
2025-04-13T12:40:02,331,Bordeaux,Bordeaux,HOT-107
2025-01-25T22:43:53,176,Nantes,Nantes,HOT-283
2025-05-01T06:27:57,425,Bordeaux,Bordeaux,HOT-047
2025-03-10T04:17:14,263,Nice,Nice,HOT-133
2025-01-17T16:52:00,112,Strasbourg,Strasbourg,HOT-134
2025-01-15T09:19:16,17,Lyon,Lyon,HOT-265
2025-05-16T22:09:02,338,Marseille,Marseille,HOT-244
2025-03-21T17:34:16,72,Strasbourg,Strasbourg,HOT-166
2025-01-28T19:11:10,191,Chamonix,Chamonix,HOT-194
2025-06-06T07:49:22,338,Chamonix,Chamonix,HOT-018
2025-03-26T06:48:35,166,Lyon,Lyon,HOT-184
2025-04-21T08:00:34,446,Paris,Paris,HOT-082
2025-01-28T21:27:50,216,Strasbourg,Strasbourg,HOT-172
2025-01-02T19:21:16,173,Lyon,Lyon,HOT-096
2024-12-28T08:38:55,468,Toulouse,Toulouse,HOT-157
2025-04-05T16:52:44,84,Strasbourg,Strasbourg,HOT-280
2025-04-30T00:25:05,96,Paris,Paris,HOT-225
2025-03-31T02:26:40,415,Chamonix,Chamonix,HOT-234
2025-01-22T14:45:04,304,Chamonix,Chamonix,HOT-223
2025-01-23T05:33:08,375,Lille,Lille,HOT-243
2024-12-17T00:12:00,428,Nice,Nice,HOT-130
2025-04-16T05:16:07,371,Toulouse,Toulouse,HOT-173
2025-05-31T22:04:48,248,Lille,Lille,HOT-154
2025-03-20T06:26:55,21,Nice,Nice,HOT-260
2025-01-19T23:19:19,56,Lille,Lille,HOT-219
2025-04-10T00:39:11,397,Bordeaux,Bordeaux,HOT-296
2025-01-21T08:42:47,206,Chamonix,Chamonix,HOT-015
2024-12-17T08:14:32,84,Nantes,Nantes,HOT-086
2024-12-26T14:34:20,473,Bordeaux,Bordeaux,HOT-269
2025-02-25T09:44:24,102,Chamonix,Chamonix,HOT-072
2025-02-09T06:53:45,67,Toulouse,Toulouse,HOT-028
2025-04-25T10:44:49,497,Lyon,Lyon,HOT-159
2025-03-08T21:10:40,406,Marseille,Marseille,HOT-178
2024-12-26T16:11:21,235,Lille,Lille,HOT-085
2025-04-18T10:12:03,236,Paris,Paris,HOT-076
2025-05-05T19:38:46,103,Marseille,Marseille,HOT-155
2025-01-02T20:15:32,158,Lyon,Lyon,HOT-095
2024-12-08T03:45:48,121,Nice,Nice,HOT-224
2025-03-24T00:26:41,47,Nice,Nice,HOT-079
2025-06-05T13:32:04,351,Nantes,Nantes,HOT-192
2025-01-06T19:40:29,3,Strasbourg,Strasbourg,HOT-082
2025-02-24T03:56:32,177,Lyon,Lyon,HOT-242
2025-04-12T22:19:01,282,Lille,Lille,HOT-109
2025-06-06T17:10:53,468,Strasbourg,Strasbourg,HOT-193
2025-05-27T03:43:50,426,Strasbourg,Strasbourg,HOT-125
2025-05-26T17:15:18,391,Lyon,Lyon,HOT-199
2025-03-09T12:32:13,66,Toulouse,Toulouse,HOT-069
2025-03-09T20:41:14,205,Toulouse,Toulouse,HOT-145
2025-04-12T11:20:46,420,Lille,Lille,HOT-202
2025-01-14T21:08:53,274,Lyon,Lyon,HOT-178
2025-05-02T22:25:01,251,Chamonix,Chamonix,HOT-014
2025-01-31T22:16:30,114,Chamonix,Chamonix,HOT-092
2025-02-07T12:21:57,394,Nice,Nice,HOT-189
2025-01-31T13:44:52,186,Toulouse,Toulouse,HOT-257
2025-04-11T13:43:06,422,Paris,Paris,HOT-204
2024-12-18T15:20:01,469,Lyon,Lyon,HOT-118
2025-06-01T10:54:32,71,Strasbourg,Strasbourg,HOT-097
2025-05-05T10:08:03,23,Nice,Nice,HOT-155
2024-12-24T12:31:59,223,Lyon,Lyon,HOT-174
2025-04-12T19:32:54,197,Marseille,Marseille,HOT-218
2025-03-28T15:16:17,78,Bordeaux,Bordeaux,HOT-160
2025-01-21T05:50:26,199,Strasbourg,Strasbourg,HOT-018
2025-03-21T01:36:23,134,Lille,Lille,HOT-092
2025-04-29T14:08:41,84,Lille,Lille,HOT-265
2025-04-26T13:35:19,428,Lyon,Lyon,HOT-239
2025-05-21T06:27:20,413,Lyon,Lyon,HOT-178
2025-06-07T00:48:42,352,Lyon,Lyon,HOT-208
2024-12-14T09:26:18,412,Paris,Paris,HOT-083
2025-06-02T11:34:30,164,Marseille,Marseille,HOT-295
2025-06-04T01:58:54,260,Lille,Lille,HOT-233
2025-01-10T03:28:37,6,Strasbourg,Strasbourg,HOT-206
2025-02-26T07:06:04,217,Paris,Paris,HOT-156
2025-05-27T11:10:32,218,Bordeaux,Bordeaux,HOT-060
2025-05-18T19:08:16,310,Strasbourg,Strasbourg,HOT-258
2025-01-10T06:51:03,191,Strasbourg,Strasbourg,HOT-172
2025-06-06T12:00:39,433,Nantes,Nantes,HOT-187
2025-06-03T17:25:29,58,Marseille,Marseille,HOT-218
2024-12-14T04:58:19,273,Lille,Lille,HOT-041
2025-05-18T12:36:19,77,Paris,Paris,HOT-173
2025-02-22T05:44:41,486,Chamonix,Chamonix,HOT-133
2025-05-09T03:46:43,102,Nantes,Nantes,HOT-233
2025-03-13T08:16:20,223,Paris,Paris,HOT-238
2025-01-12T07:53:28,145,Paris,Paris,HOT-063
2025-06-07T00:31:45,445,Strasbourg,Strasbourg,HOT-236
2025-05-01T14:13:26,188,Paris,Paris,HOT-190
2025-05-25T12:47:07,130,Lille,Lille,HOT-173
2025-06-04T23:16:26,346,Bordeaux,Bordeaux,HOT-013
2025-02-01T08:37:47,278,Bordeaux,Bordeaux,HOT-092
2025-05-26T09:32:07,151,Toulouse,Toulouse,HOT-214
2024-12-14T10:13:16,9,Strasbourg,Strasbourg,HOT-167
2024-12-08T22:48:15,153,Paris,Paris,HOT-058
2025-02-03T02:13:28,183,Paris,Paris,HOT-273
2025-03-27T10:30:36,379,Lille,Lille,HOT-128
2025-04-03T04:47:18,90,Lyon,Lyon,HOT-274
2024-12-27T23:40:24,49,Marseille,Marseille,HOT-075
2025-06-05T10:31:45,325,Strasbourg,Strasbourg,HOT-221
2025-02-10T05:01:31,458,Bordeaux,Bordeaux,HOT-177
2025-01-31T09:46:10,498,Strasbourg,Strasbourg,HOT-125
2025-03-05T09:02:10,471,Nantes,Nantes,HOT-292
2025-04-10T16:20:54,235,Paris,Paris,HOT-040
2025-03-22T15:34:47,168,Toulouse,Toulouse,HOT-020
2025-03-18T23:07:03,76,Chamonix,Chamonix,HOT-052
2025-03-13T01:24:53,196,Nantes,Nantes,HOT-041
2025-05-28T19:52:04,173,Bordeaux,Bordeaux,HOT-217
2025-06-07T09:37:30,206,Paris,Paris,HOT-095
2025-01-02T05:01:59,487,Bordeaux,Bordeaux,HOT-041
2025-05-21T09:50:31,429,Lille,Lille,HOT-060
2025-03-15T01:25:02,407,Nice,Nice,HOT-293
2025-03-08T00:45:03,134,Bordeaux,Bordeaux,HOT-264
2025-01-29T03:07:44,277,Nice,Nice,HOT-026
2025-01-13T14:10:56,192,Chamonix,Chamonix,HOT-243
2025-05-13T04:57:43,111,Lille,Lille,HOT-141
2024-12-29T00:35:17,383,Marseille,Marseille,HOT-142
2025-02-09T08:42:56,257,Paris,Paris,HOT-205
2025-01-07T16:53:39,466,Marseille,Marseille,HOT-146
2025-04-28T02:52:43,140,Paris,Paris,HOT-209
2025-03-06T06:18:45,107,Paris,Paris,HOT-213
2025-04-12T00:50:41,337,Marseille,Marseille,HOT-141
2025-01-26T02:33:26,137,Strasbourg,Strasbourg,HOT-163
2025-04-25T16:31:34,50,Nice,Nice,HOT-116
2025-01-12T07:22:00,10,Toulouse,Toulouse,HOT-114
2024-12-09T21:15:11,33,Chamonix,Chamonix,HOT-148
2025-04-29T04:30:15,373,Chamonix,Chamonix,HOT-236
2025-02-10T14:40:21,302,Lille,Lille,HOT-169
2025-05-09T16:51:37,278,Lille,Lille,HOT-244
2025-02-02T10:31:43,477,Nantes,Nantes,HOT-007
2025-03-27T09:40:06,176,Toulouse,Toulouse,HOT-164
2025-04-17T02:33:11,178,Strasbourg,Strasbourg,HOT-078
2025-05-03T04:48:34,237,Strasbourg,Strasbourg,HOT-108
2025-01-13T15:48:46,273,Marseille,Marseille,HOT-200
2025-01-10T05:28:54,131,Lille,Lille,HOT-017
2025-04-04T18:52:13,339,Chamonix,Chamonix,HOT-041
2025-05-22T09:32:52,324,Strasbourg,Strasbourg,HOT-288
2025-04-10T04:17:38,177,Lyon,Lyon,HOT-107
2025-05-30T08:08:18,383,Nantes,Nantes,HOT-190
2025-02-23T21:20:17,156,Bordeaux,Bordeaux,HOT-162
2025-05-16T17:40:04,232,Strasbourg,Strasbourg,HOT-016
2025-02-28T04:51:27,80,Chamonix,Chamonix,HOT-086
2025-03-17T04:59:52,320,Toulouse,Toulouse,HOT-290
2025-02-08T19:51:54,221,Lille,Lille,HOT-012
2024-12-23T23:50:36,385,Bordeaux,Bordeaux,HOT-285
2025-02-22T23:38:03,381,Strasbourg,Strasbourg,HOT-121
2025-04-16T02:34:28,193,Nantes,Nantes,HOT-068
2024-12-25T16:08:34,194,Chamonix,Chamonix,HOT-064
2025-01-12T00:45:32,50,Lille,Lille,HOT-112
2025-01-03T10:54:53,109,Lyon,Lyon,HOT-293
2025-03-09T20:42:48,149,Marseille,Marseille,HOT-082
2025-02-07T23:42:33,393,Lille,Lille,HOT-282
2025-06-06T20:52:42,210,Toulouse,Toulouse,HOT-112
2025-01-24T07:35:57,215,Chamonix,Chamonix,HOT-143
2024-12-08T11:26:48,164,Toulouse,Toulouse,HOT-055
2025-01-26T18:57:48,341,Toulouse,Toulouse,HOT-258
2025-02-19T15:12:08,275,Nantes,Nantes,HOT-201
2025-01-21T21:13:28,116,Lille,Lille,HOT-254
2025-03-03T21:33:16,388,Strasbourg,Strasbourg,HOT-147
2025-05-02T12:22:36,423,Strasbourg,Strasbourg,HOT-081
2025-01-27T23:53:59,474,Marseille,Marseille,HOT-205
2025-02-09T03:46:52,148,Paris,Paris,HOT-273
2025-02-03T18:47:08,425,Toulouse,Toulouse,HOT-238
2025-03-30T06:04:47,336,Marseille,Marseille,HOT-051
2025-04-26T12:29:34,197,Chamonix,Chamonix,HOT-215
2025-03-28T09:25:05,499,Lille,Lille,HOT-211
2024-12-09T08:54:37,97,Paris,Paris,HOT-115
2025-01-26T22:32:31,71,Chamonix,Chamonix,HOT-258
2025-04-13T02:00:05,42,Chamonix,Chamonix,HOT-293
2025-02-14T23:15:01,375,Lille,Lille,HOT-012
2025-04-20T16:09:06,167,Chamonix,Chamonix,HOT-128
2025-01-22T00:51:57,86,Chamonix,Chamonix,HOT-242
2024-12-19T05:08:11,351,Lyon,Lyon,HOT-190
2025-04-15T19:43:29,12,Chamonix,Chamonix,HOT-200
2024-12-30T02:35:01,283,Nantes,Nantes,HOT-099
2025-03-07T12:30:50,436,Marseille,Marseille,HOT-235
2025-02-04T17:26:14,189,Nice,Nice,HOT-090
2025-01-07T03:57:01,242,Nice,Nice,HOT-166
2025-02-23T20:59:40,68,Bordeaux,Bordeaux,HOT-034
2025-04-19T08:57:03,458,Paris,Paris,HOT-106
2025-03-14T17:31:52,296,Strasbourg,Strasbourg,HOT-236
2025-06-04T09:36:06,126,Chamonix,Chamonix,HOT-228
2025-05-29T23:10:12,124,Marseille,Marseille,HOT-237
2025-05-28T13:04:14,257,Lyon,Lyon,HOT-170
2025-04-22T18:25:46,447,Marseille,Marseille,HOT-126
2025-05-05T15:20:07,237,Lyon,Lyon,HOT-004
2025-02-05T12:52:42,384,Paris,Paris,HOT-209
2025-04-20T04:36:08,444,Nantes,Nantes,HOT-241
2024-12-29T22:48:47,442,Lille,Lille,HOT-037
2025-04-10T04:13:35,401,Lille,Lille,HOT-134
2025-06-03T01:05:35,453,Nantes,Nantes,HOT-062
2025-02-02T10:35:27,367,Chamonix,Chamonix,HOT-274
2025-02-16T12:29:41,366,Paris,Paris,HOT-225
2025-04-05T11:58:41,247,Paris,Paris,HOT-150
2025-01-19T00:50:53,416,Lille,Lille,HOT-021
2025-01-18T16:49:45,187,Lille,Lille,HOT-262
2025-01-02T02:05:30,323,Strasbourg,Strasbourg,HOT-220
2025-03-10T00:06:19,404,Lyon,Lyon,HOT-054
2025-01-05T21:30:45,75,Bordeaux,Bordeaux,HOT-297
2025-03-05T11:58:13,386,Lyon,Lyon,HOT-087
2025-05-01T08:18:46,188,Lille,Lille,HOT-174
2025-04-03T18:33:51,73,Nice,Nice,HOT-248
2025-02-17T16:50:02,108,Bordeaux,Bordeaux,HOT-050
2025-02-25T21:35:49,169,Lyon,Lyon,HOT-235
2025-04-22T10:53:49,461,Strasbourg,Strasbourg,HOT-126
2025-03-23T19:14:03,388,Bordeaux,Bordeaux,HOT-176
2025-06-02T09:33:28,152,Strasbourg,Strasbourg,HOT-170
2025-03-08T13:50:02,404,Strasbourg,Strasbourg,HOT-133
2025-05-03T05:07:31,291,Bordeaux,Bordeaux,HOT-019
2025-03-21T12:37:48,390,Marseille,Marseille,HOT-076
2025-05-11T21:11:01,268,Bordeaux,Bordeaux,HOT-014
2025-04-15T02:31:13,114,Toulouse,Toulouse,HOT-289
2025-05-16T11:12:26,186,Bordeaux,Bordeaux,HOT-158
2025-01-18T13:29:16,484,Marseille,Marseille,HOT-291
2025-05-04T02:08:21,325,Bordeaux,Bordeaux,HOT-244
2025-01-24T04:53:18,366,Strasbourg,Strasbourg,HOT-151
2025-04-18T06:14:21,80,Marseille,Marseille,HOT-076
2025-05-02T16:57:26,312,Bordeaux,Bordeaux,HOT-197
2025-04-01T20:18:45,132,Nice,Nice,HOT-015
2025-05-25T16:43:13,436,Nice,Nice,HOT-299
2025-05-09T01:01:46,156,Marseille,Marseille,HOT-007
2024-12-23T01:09:33,133,Toulouse,Toulouse,HOT-261
2025-03-19T04:39:16,382,Nantes,Nantes,HOT-208
2025-03-03T21:36:45,245,Chamonix,Chamonix,HOT-088
2025-03-19T17:04:52,498,Toulouse,Toulouse,HOT-080
2025-04-22T19:24:14,301,Nantes,Nantes,HOT-161
2025-02-15T09:39:20,268,Toulouse,Toulouse,HOT-194
2024-12-22T07:36:04,444,Strasbourg,Strasbourg,HOT-087
2025-06-03T06:17:10,446,Nantes,Nantes,HOT-247
2025-03-26T16:49:58,90,Strasbourg,Strasbourg,HOT-195
2024-12-28T22:32:49,8,Lyon,Lyon,HOT-176
2024-12-19T03:25:46,116,Bordeaux,Bordeaux,HOT-106
2025-05-17T01:58:59,115,Marseille,Marseille,HOT-143
2025-03-23T11:50:47,312,Lyon,Lyon,HOT-101
2025-05-31T11:22:47,183,Strasbourg,Strasbourg,HOT-236
2025-03-15T07:21:23,292,Paris,Paris,HOT-269
2025-01-15T09:44:05,460,Nice,Nice,HOT-104
2025-03-28T08:35:57,187,Paris,Paris,HOT-205
2025-03-21T08:38:01,321,Lyon,Lyon,HOT-169
2025-01-05T05:58:43,260,Lyon,Lyon,HOT-139
2025-01-08T02:24:53,284,Nantes,Nantes,HOT-276
2025-02-08T20:45:18,447,Lyon,Lyon,HOT-029
2025-05-22T01:48:34,229,Chamonix,Chamonix,HOT-268
2025-03-18T04:35:00,127,Nice,Nice,HOT-132
2025-03-02T22:44:32,409,Marseille,Marseille,HOT-126
2024-12-29T17:20:01,117,Strasbourg,Strasbourg,HOT-091
2025-04-18T06:01:18,21,Chamonix,Chamonix,HOT-137
2025-01-16T00:51:23,283,Bordeaux,Bordeaux,HOT-047
2025-04-25T08:41:45,381,Nice,Nice,HOT-033
2025-03-30T09:16:52,464,Marseille,Marseille,HOT-268
2025-03-12T01:43:10,156,Paris,Paris,HOT-107
2024-12-24T19:26:05,117,Nice,Nice,HOT-298
2025-05-30T16:44:38,245,Strasbourg,Strasbourg,HOT-051
2025-03-16T06:08:15,275,Paris,Paris,HOT-164
2025-03-03T15:42:57,405,Lyon,Lyon,HOT-101
2025-05-13T04:23:39,245,Lyon,Lyon,HOT-227
2024-12-17T22:53:51,43,Strasbourg,Strasbourg,HOT-102
2025-03-05T04:45:49,52,Nantes,Nantes,HOT-111
2025-01-01T18:31:16,307,Strasbourg,Strasbourg,HOT-154
2025-03-16T19:31:27,292,Paris,Paris,HOT-298
2025-02-25T19:38:05,221,Lyon,Lyon,HOT-227
2025-03-05T20:27:04,399,Nice,Nice,HOT-234
2025-03-26T15:37:57,1,Bordeaux,Bordeaux,HOT-209
2024-12-18T08:41:20,308,Bordeaux,Bordeaux,HOT-253
2025-03-25T15:47:59,324,Marseille,Marseille,HOT-169
2025-03-06T22:27:18,260,Strasbourg,Strasbourg,HOT-264
2025-04-16T18:56:27,146,Bordeaux,Bordeaux,HOT-136
2025-05-12T20:06:51,445,Nantes,Nantes,HOT-128
2025-02-04T23:47:25,175,Bordeaux,Bordeaux,HOT-288
2025-04-26T14:20:44,258,Bordeaux,Bordeaux,HOT-226
2024-12-11T09:04:25,58,Marseille,Marseille,HOT-250
2025-02-22T00:52:15,4,Toulouse,Toulouse,HOT-261
2025-01-25T13:28:21,241,Strasbourg,Strasbourg,HOT-084
2025-05-14T16:33:50,92,Lyon,Lyon,HOT-222
2024-12-07T17:40:09,345,Bordeaux,Bordeaux,HOT-049
2025-04-30T23:19:00,474,Strasbourg,Strasbourg,HOT-176
2025-01-18T11:06:35,327,Nantes,Nantes,HOT-094
2025-03-29T10:44:31,100,Lyon,Lyon,HOT-119
2024-12-21T07:57:30,110,Bordeaux,Bordeaux,HOT-257
2024-12-15T22:40:54,157,Toulouse,Toulouse,HOT-272
2025-02-27T10:11:20,242,Lyon,Lyon,HOT-154
2025-02-12T01:14:13,475,Chamonix,Chamonix,HOT-108
2025-04-22T03:38:46,293,Marseille,Marseille,HOT-166
2024-12-19T12:45:31,81,Nice,Nice,HOT-203
2025-03-22T05:37:14,403,Marseille,Marseille,HOT-081
2024-12-18T20:25:39,313,Marseille,Marseille,HOT-167
2025-06-06T15:05:15,490,Nantes,Nantes,HOT-243
2025-05-29T18:58:34,335,Chamonix,Chamonix,HOT-214
2024-12-20T13:16:07,400,Bordeaux,Bordeaux,HOT-118
2025-06-06T11:19:32,478,Bordeaux,Bordeaux,HOT-242
2025-03-08T19:37:38,479,Bordeaux,Bordeaux,HOT-190
2024-12-13T07:30:40,75,Bordeaux,Bordeaux,HOT-171
2025-01-31T21:33:20,373,Toulouse,Toulouse,HOT-162
2025-02-24T13:04:26,231,Bordeaux,Bordeaux,HOT-218
2025-01-11T02:23:23,289,Lille,Lille,HOT-214
2025-05-05T11:17:08,3,Lille,Lille,HOT-029
2025-01-02T10:45:37,496,Lille,Lille,HOT-182
2025-05-04T20:37:54,331,Marseille,Marseille,HOT-234
2025-04-10T17:20:21,393,Bordeaux,Bordeaux,HOT-010
2025-04-27T18:21:05,420,Nice,Nice,HOT-107
2025-04-11T13:38:19,339,Bordeaux,Bordeaux,HOT-151
2025-02-26T18:38:41,427,Toulouse,Toulouse,HOT-013
2025-02-17T20:43:49,165,Lille,Lille,HOT-196
2025-05-29T05:31:54,167,Nantes,Nantes,HOT-287
2025-02-19T10:06:01,379,Nice,Nice,HOT-111
2025-03-04T05:57:02,317,Nantes,Nantes,HOT-226
2025-05-25T00:20:25,439,Bordeaux,Bordeaux,HOT-055
2025-06-03T05:40:55,39,Nice,Nice,HOT-083
2025-06-01T05:27:29,167,Strasbourg,Strasbourg,HOT-241
2025-02-18T10:52:35,488,Paris,Paris,HOT-200
2025-02-18T02:15:04,353,Strasbourg,Strasbourg,HOT-128
2024-12-22T17:36:29,144,Chamonix,Chamonix,HOT-193
2025-04-18T17:22:12,31,Lyon,Lyon,HOT-029
2025-04-14T15:47:34,328,Toulouse,Toulouse,HOT-142
2025-05-25T23:19:54,276,Toulouse,Toulouse,HOT-225
2025-03-21T20:56:15,473,Bordeaux,Bordeaux,HOT-057
2025-01-01T23:23:36,242,Marseille,Marseille,HOT-038
2025-04-13T01:18:20,167,Lille,Lille,HOT-078
2025-05-23T04:50:31,448,Marseille,Marseille,HOT-154
2025-02-12T16:20:28,294,Nice,Nice,HOT-288
2024-12-30T04:29:12,46,Strasbourg,Strasbourg,HOT-126
2025-01-10T19:21:48,168,Chamonix,Chamonix,HOT-280
2025-03-21T11:25:19,391,Bordeaux,Bordeaux,HOT-286
2025-02-21T11:24:07,272,Bordeaux,Bordeaux,HOT-012
2025-03-19T20:12:03,72,Lyon,Lyon,HOT-161
2024-12-31T21:05:47,491,Toulouse,Toulouse,HOT-229
2025-04-27T11:40:51,383,Nice,Nice,HOT-095
2025-01-19T09:25:39,165,Strasbourg,Strasbourg,HOT-117
2025-05-18T06:10:00,236,Toulouse,Toulouse,HOT-171
2024-12-07T19:48:10,102,Bordeaux,Bordeaux,HOT-131
2025-05-02T23:40:03,310,Paris,Paris,HOT-072
2024-12-11T13:34:13,62,Lille,Lille,HOT-219
2025-02-03T02:05:18,203,Strasbourg,Strasbourg,HOT-025
2025-03-07T01:22:14,426,Nantes,Nantes,HOT-031
2025-04-16T22:21:10,468,Nantes,Nantes,HOT-192
2025-04-25T18:50:12,9,Chamonix,Chamonix,HOT-224
2025-03-22T20:54:55,17,Nantes,Nantes,HOT-168
2025-02-27T12:11:45,405,Nantes,Nantes,HOT-252
2025-03-20T10:36:23,145,Chamonix,Chamonix,HOT-171
2025-02-18T19:10:21,325,Lyon,Lyon,HOT-039
2025-05-16T00:45:13,290,Lyon,Lyon,HOT-286
2025-01-20T17:55:41,400,Lyon,Lyon,HOT-273
2025-01-24T05:06:20,82,Nantes,Nantes,HOT-045
2025-03-06T14:17:07,294,Strasbourg,Strasbourg,HOT-098
2025-02-12T08:50:14,385,Lyon,Lyon,HOT-221
2025-01-06T06:32:02,419,Bordeaux,Bordeaux,HOT-239
2025-01-29T16:14:13,232,Marseille,Marseille,HOT-170
2025-01-12T17:59:55,38,Marseille,Marseille,HOT-295
2025-06-07T04:15:54,174,Strasbourg,Strasbourg,HOT-271
2025-05-26T02:22:54,400,Lille,Lille,HOT-011
2025-04-26T22:28:21,206,Chamonix,Chamonix,HOT-151
2025-05-04T19:03:27,4,Chamonix,Chamonix,HOT-200
2024-12-29T01:30:36,10,Paris,Paris,HOT-116
2024-12-13T09:45:34,166,Lille,Lille,HOT-078
2025-05-13T08:03:28,133,Nice,Nice,HOT-168
2025-04-14T08:21:37,273,Strasbourg,Strasbourg,HOT-103
2025-02-26T13:25:08,395,Chamonix,Chamonix,HOT-182
2025-04-05T13:21:57,458,Chamonix,Chamonix,HOT-079
2025-05-04T21:41:02,97,Marseille,Marseille,HOT-106
2025-06-06T22:48:03,158,Marseille,Marseille,HOT-052
2025-05-27T18:13:13,14,Nantes,Nantes,HOT-021
2025-05-28T18:50:56,400,Marseille,Marseille,HOT-277
2024-12-10T04:31:50,179,Lyon,Lyon,HOT-168
2025-01-22T21:12:08,446,Toulouse,Toulouse,HOT-118
2025-01-16T04:01:33,337,Nice,Nice,HOT-104
2024-12-20T05:12:52,156,Marseille,Marseille,HOT-218
2024-12-26T17:49:43,139,Nice,Nice,HOT-112
2025-04-01T11:35:47,396,Toulouse,Toulouse,HOT-014
2024-12-13T16:05:34,71,Strasbourg,Strasbourg,HOT-064
2025-03-03T20:10:56,428,Lille,Lille,HOT-014
2025-04-02T05:29:44,228,Nice,Nice,HOT-195
2025-04-16T15:28:23,26,Strasbourg,Strasbourg,HOT-225
2025-04-22T17:10:03,205,Nice,Nice,HOT-106
2025-05-25T12:25:14,395,Lille,Lille,HOT-064
2024-12-16T14:27:51,48,Marseille,Marseille,HOT-260
2025-01-23T16:09:35,468,Chamonix,Chamonix,HOT-265
2025-04-29T22:47:15,63,Marseille,Marseille,HOT-108
2024-12-15T17:46:27,62,Strasbourg,Strasbourg,HOT-184
2025-02-23T06:18:30,384,Toulouse,Toulouse,HOT-213
2025-03-02T09:19:51,98,Nice,Nice,HOT-047
2025-01-21T15:42:58,410,Nantes,Nantes,HOT-185
2025-03-21T23:04:44,245,Bordeaux,Bordeaux,HOT-261
2025-01-18T08:09:50,58,Strasbourg,Strasbourg,HOT-009
2025-05-02T15:18:29,4,Lille,Lille,HOT-216
2025-05-23T20:53:26,205,Lyon,Lyon,HOT-182
2025-05-06T20:20:05,185,Bordeaux,Bordeaux,HOT-034
2024-12-18T02:39:51,223,Bordeaux,Bordeaux,HOT-118
2025-01-03T08:41:42,360,Lyon,Lyon,HOT-200
2025-03-14T23:56:27,449,Strasbourg,Strasbourg,HOT-009
2025-02-01T07:40:53,488,Bordeaux,Bordeaux,HOT-166
2025-01-21T14:53:16,24,Marseille,Marseille,HOT-128
2025-05-14T13:27:20,91,Chamonix,Chamonix,HOT-005
2025-06-03T02:20:08,66,Nantes,Nantes,HOT-080
2025-04-28T04:44:04,72,Strasbourg,Strasbourg,HOT-020
2025-03-29T00:29:05,32,Chamonix,Chamonix,HOT-108
2025-02-07T01:48:54,444,Bordeaux,Bordeaux,HOT-191
2025-03-29T06:50:37,317,Lille,Lille,HOT-081
2025-04-02T06:06:51,215,Marseille,Marseille,HOT-090
2025-05-06T03:54:18,480,Nantes,Nantes,HOT-078
2025-04-16T17:50:30,380,Marseille,Marseille,HOT-187
2025-05-15T01:33:17,451,Lyon,Lyon,HOT-084
2025-02-07T10:01:25,16,Strasbourg,Strasbourg,HOT-105
2025-01-22T03:40:08,157,Lille,Lille,HOT-192
2025-02-03T17:56:25,466,Bordeaux,Bordeaux,HOT-165
2025-05-26T07:16:33,15,Paris,Paris,HOT-170
2025-01-03T23:15:29,15,Strasbourg,Strasbourg,HOT-018
2025-04-14T08:25:44,377,Marseille,Marseille,HOT-209
2025-03-18T08:49:19,24,Nantes,Nantes,HOT-194
2025-01-19T01:44:59,391,Chamonix,Chamonix,HOT-269
2025-02-25T10:56:46,87,Marseille,Marseille,HOT-052
2025-02-03T12:03:07,8,Toulouse,Toulouse,HOT-115
2025-01-29T13:55:34,48,Lille,Lille,HOT-034
2024-12-18T23:41:57,58,Strasbourg,Strasbourg,HOT-238
2025-03-25T06:06:38,213,Nantes,Nantes,HOT-226
2025-04-01T00:59:05,69,Chamonix,Chamonix,HOT-001
2025-05-26T23:22:47,160,Strasbourg,Strasbourg,HOT-241
2025-04-28T21:57:10,461,Bordeaux,Bordeaux,HOT-066
2025-06-02T03:52:33,166,Nantes,Nantes,HOT-188
2025-01-10T03:47:45,490,Chamonix,Chamonix,HOT-050
2025-04-07T16:57:20,245,Strasbourg,Strasbourg,HOT-293
2025-04-17T22:49:15,101,Marseille,Marseille,HOT-113
2025-02-28T02:30:54,264,Marseille,Marseille,HOT-074
2025-03-25T02:04:04,116,Lyon,Lyon,HOT-049
2025-03-13T09:22:35,368,Lille,Lille,HOT-145
2024-12-16T06:06:42,455,Chamonix,Chamonix,HOT-054
2025-02-12T00:42:19,128,Nice,Nice,HOT-129
2025-04-11T01:41:10,95,Bordeaux,Bordeaux,HOT-169
2025-04-16T12:17:56,364,Strasbourg,Strasbourg,HOT-267
2025-02-19T03:55:31,265,Chamonix,Chamonix,HOT-137
2025-05-08T17:43:51,390,Marseille,Marseille,HOT-168
2025-03-18T23:47:28,217,Toulouse,Toulouse,HOT-075
2025-02-07T01:01:34,297,Paris,Paris,HOT-198
2025-04-21T08:38:54,324,Paris,Paris,HOT-102
2025-02-25T23:49:46,94,Paris,Paris,HOT-074
2025-02-24T10:14:30,325,Paris,Paris,HOT-122
2025-01-05T03:01:14,83,Lille,Lille,HOT-166
2025-02-03T09:11:52,6,Chamonix,Chamonix,HOT-247
2025-02-18T06:02:51,248,Toulouse,Toulouse,HOT-097
2025-01-11T20:33:15,322,Chamonix,Chamonix,HOT-208
2025-05-02T15:26:59,232,Nice,Nice,HOT-233
2025-03-21T14:32:36,319,Bordeaux,Bordeaux,HOT-280
2025-03-09T02:22:25,226,Lyon,Lyon,HOT-144
2025-01-22T22:36:33,336,Nantes,Nantes,HOT-173
2025-05-21T01:49:54,173,Marseille,Marseille,HOT-131
2025-01-19T21:47:52,175,Strasbourg,Strasbourg,HOT-282
2025-02-03T13:08:57,234,Lyon,Lyon,HOT-176
2025-05-22T16:02:52,391,Nantes,Nantes,HOT-135
2025-04-23T13:09:46,33,Toulouse,Toulouse,HOT-219
2025-01-04T04:20:38,329,Paris,Paris,HOT-279
2025-05-12T14:48:18,65,Lyon,Lyon,HOT-117
2025-03-07T01:28:11,235,Lyon,Lyon,HOT-062
2025-06-02T18:37:08,282,Bordeaux,Bordeaux,HOT-065
2024-12-18T08:09:47,448,Toulouse,Toulouse,HOT-158
2025-03-26T08:31:28,232,Lille,Lille,HOT-284
2025-02-25T06:49:57,482,Lyon,Lyon,HOT-259
2025-02-26T00:41:00,94,Lille,Lille,HOT-262
2025-03-25T08:45:38,100,Marseille,Marseille,HOT-114
2025-03-20T01:33:25,398,Paris,Paris,HOT-102
2025-01-02T04:32:01,376,Toulouse,Toulouse,HOT-270
2025-02-20T13:46:48,308,Marseille,Marseille,HOT-289
2025-01-23T07:25:07,441,Nantes,Nantes,HOT-269
2025-01-25T15:58:55,25,Nantes,Nantes,HOT-186
2025-01-15T15:14:02,277,Nice,Nice,HOT-272
2025-02-09T06:45:11,86,Toulouse,Toulouse,HOT-082
2025-04-11T17:29:01,52,Marseille,Marseille,HOT-116
2024-12-22T12:06:39,432,Marseille,Marseille,HOT-277
2025-06-04T05:30:04,483,Chamonix,Chamonix,HOT-218
2025-03-04T11:46:28,440,Nice,Nice,HOT-143
2025-05-20T15:32:37,26,Lille,Lille,HOT-152
2025-02-17T04:57:45,200,Nantes,Nantes,HOT-216
2024-12-25T02:31:46,458,Strasbourg,Strasbourg,HOT-240
2025-03-21T03:51:31,165,Marseille,Marseille,HOT-154
2025-04-26T20:25:32,1,Lyon,Lyon,HOT-129
2025-05-17T04:55:46,363,Nantes,Nantes,HOT-160
2025-01-13T03:19:29,107,Chamonix,Chamonix,HOT-035
2024-12-17T03:47:39,31,Lille,Lille,HOT-072
2025-01-28T06:44:16,74,Strasbourg,Strasbourg,HOT-083
2025-02-18T09:20:46,392,Nice,Nice,HOT-201
2025-04-16T23:09:17,403,Marseille,Marseille,HOT-215
2025-04-03T14:58:41,201,Chamonix,Chamonix,HOT-100
2025-04-03T05:26:11,128,Toulouse,Toulouse,HOT-037
2024-12-14T19:55:15,116,Bordeaux,Bordeaux,HOT-072
2025-05-25T18:58:57,458,Lille,Lille,HOT-064
2024-12-21T06:48:56,372,Chamonix,Chamonix,HOT-078
2025-01-12T16:31:14,106,Strasbourg,Strasbourg,HOT-073
2025-05-12T09:33:35,345,Bordeaux,Bordeaux,HOT-168
2025-05-04T01:22:43,6,Lyon,Lyon,HOT-267
2025-03-31T05:57:16,160,Nantes,Nantes,HOT-053
2025-04-26T19:07:23,396,Chamonix,Chamonix,HOT-242
2025-04-16T12:48:08,119,Strasbourg,Strasbourg,HOT-153
2025-03-25T16:02:53,421,Lyon,Lyon,HOT-278
2025-01-18T06:59:11,381,Chamonix,Chamonix,HOT-233
2025-03-10T05:45:18,79,Lyon,Lyon,HOT-175
2025-01-16T17:06:35,449,Bordeaux,Bordeaux,HOT-021
2025-05-24T23:39:28,196,Bordeaux,Bordeaux,HOT-058
2025-06-01T06:41:43,321,Strasbourg,Strasbourg,HOT-219
2025-02-09T19:20:32,300,Marseille,Marseille,HOT-250
2025-02-04T00:34:28,389,Bordeaux,Bordeaux,HOT-116
2025-06-01T15:50:09,268,Lyon,Lyon,HOT-046
2024-12-10T03:04:34,375,Chamonix,Chamonix,HOT-186
2025-01-17T06:42:42,124,Strasbourg,Strasbourg,HOT-222
2025-06-07T03:05:49,216,Paris,Paris,HOT-054
2025-01-13T01:11:26,443,Bordeaux,Bordeaux,HOT-142
2025-04-30T03:08:27,464,Bordeaux,Bordeaux,HOT-261
2024-12-29T22:20:57,169,Lille,Lille,HOT-129
2025-05-01T04:19:32,183,Lyon,Lyon,HOT-007
2025-05-02T15:03:07,52,Strasbourg,Strasbourg,HOT-125
2025-03-10T03:32:56,300,Strasbourg,Strasbourg,HOT-114
2025-06-02T17:13:17,303,Lille,Lille,HOT-137
2025-01-23T06:10:56,54,Strasbourg,Strasbourg,HOT-288
2025-04-21T05:28:10,311,Chamonix,Chamonix,HOT-193
2025-04-03T12:19:53,311,Nantes,Nantes,HOT-196
2025-04-22T19:24:55,22,Chamonix,Chamonix,HOT-056
2025-01-15T20:42:59,303,Lyon,Lyon,HOT-295
2025-02-22T04:03:19,49,Lyon,Lyon,HOT-123
2025-06-02T20:24:52,185,Chamonix,Chamonix,HOT-216
2025-01-22T14:58:45,418,Lille,Lille,HOT-021
2025-03-24T08:29:31,178,Strasbourg,Strasbourg,HOT-236
2025-02-07T14:27:02,294,Nantes,Nantes,HOT-020
2025-05-06T17:46:21,482,Lille,Lille,HOT-222
2025-01-31T02:46:03,343,Paris,Paris,HOT-111
2025-02-19T01:37:42,291,Marseille,Marseille,HOT-013
2025-03-07T16:30:02,323,Toulouse,Toulouse,HOT-051
2025-03-20T18:36:21,150,Lille,Lille,HOT-015
2025-04-12T02:52:36,374,Strasbourg,Strasbourg,HOT-130
2025-02-14T21:53:13,184,Toulouse,Toulouse,HOT-181
2025-02-05T00:58:05,499,Nice,Nice,HOT-142
2025-01-26T22:34:53,229,Paris,Paris,HOT-167
2025-02-14T23:40:53,235,Bordeaux,Bordeaux,HOT-083
2025-03-16T17:30:51,108,Nantes,Nantes,HOT-281
2025-05-27T13:49:04,332,Toulouse,Toulouse,HOT-206
2025-03-13T17:05:46,386,Toulouse,Toulouse,HOT-089
2025-03-07T15:21:08,433,Strasbourg,Strasbourg,HOT-046
2024-12-26T07:09:49,171,Toulouse,Toulouse,HOT-276
2025-05-12T01:00:45,379,Nice,Nice,HOT-163
2025-04-26T10:18:26,425,Bordeaux,Bordeaux,HOT-052
2025-03-08T07:36:00,469,Lyon,Lyon,HOT-208
2025-05-04T01:03:51,161,Chamonix,Chamonix,HOT-255
2025-05-19T05:02:49,328,Marseille,Marseille,HOT-196
2025-02-07T08:00:40,104,Bordeaux,Bordeaux,HOT-249
2025-06-02T16:42:18,180,Toulouse,Toulouse,HOT-225
2025-01-15T14:15:31,459,Toulouse,Toulouse,HOT-082
2025-02-17T03:13:34,492,Marseille,Marseille,HOT-166
2025-02-05T21:56:18,9,Lyon,Lyon,HOT-098
2025-02-25T12:40:13,298,Bordeaux,Bordeaux,HOT-260
2024-12-16T00:39:55,359,Nantes,Nantes,HOT-152
2025-03-26T09:10:16,388,Nantes,Nantes,HOT-276
2025-05-23T22:32:36,92,Lille,Lille,HOT-039
2025-01-19T02:49:41,102,Lyon,Lyon,HOT-047
2025-04-30T02:06:09,365,Chamonix,Chamonix,HOT-208
2025-01-04T11:39:54,437,Bordeaux,Bordeaux,HOT-075
2024-12-10T07:12:22,367,Toulouse,Toulouse,HOT-273
2025-01-26T18:54:41,182,Lille,Lille,HOT-069
2025-03-24T14:14:05,472,Lille,Lille,HOT-054
2025-06-06T15:54:19,433,Bordeaux,Bordeaux,HOT-292
2025-03-30T13:24:07,498,Lyon,Lyon,HOT-166
2025-03-29T14:37:03,116,Strasbourg,Strasbourg,HOT-021
2025-04-25T23:06:53,126,Nantes,Nantes,HOT-080
2025-02-26T05:40:15,342,Bordeaux,Bordeaux,HOT-014
2025-02-02T11:18:42,254,Nice,Nice,HOT-113
2025-01-05T17:54:17,126,Nice,Nice,HOT-226
2025-01-14T05:56:09,332,Nice,Nice,HOT-075
2025-02-09T04:53:59,7,Bordeaux,Bordeaux,HOT-125
2025-01-20T19:34:50,494,Paris,Paris,HOT-248
2025-02-18T21:47:51,430,Strasbourg,Strasbourg,HOT-213
2025-03-27T19:01:39,285,Nantes,Nantes,HOT-291
2025-05-17T23:22:04,99,Lille,Lille,HOT-096
2025-01-23T20:48:03,435,Nantes,Nantes,HOT-298
2025-03-14T02:31:46,205,Chamonix,Chamonix,HOT-199
2025-03-24T01:47:46,383,Bordeaux,Bordeaux,HOT-187
2025-04-13T06:18:37,412,Bordeaux,Bordeaux,HOT-221
2025-04-19T03:13:57,190,Toulouse,Toulouse,HOT-121
2025-02-10T16:46:46,164,Nantes,Nantes,HOT-183
2025-01-26T02:50:44,40,Marseille,Marseille,HOT-165
2025-05-04T09:08:04,441,Nice,Nice,HOT-276
2025-05-15T16:30:43,297,Marseille,Marseille,HOT-050
2025-03-12T00:45:19,470,Nantes,Nantes,HOT-244
2025-04-26T15:38:25,275,Toulouse,Toulouse,HOT-054
2025-04-10T18:07:44,414,Chamonix,Chamonix,HOT-117
2025-04-29T18:22:27,369,Toulouse,Toulouse,HOT-284
2025-03-12T09:57:26,421,Nice,Nice,HOT-239
2025-03-06T15:14:05,138,Chamonix,Chamonix,HOT-028
2025-01-08T19:38:30,236,Chamonix,Chamonix,HOT-225
2025-04-28T10:34:56,255,Chamonix,Chamonix,HOT-224
2025-05-10T12:28:13,34,Marseille,Marseille,HOT-012
2025-02-13T12:52:33,287,Strasbourg,Strasbourg,HOT-287
2025-01-09T00:27:05,333,Paris,Paris,HOT-178
2025-01-03T07:52:12,245,Marseille,Marseille,HOT-033
2025-04-26T00:31:13,350,Toulouse,Toulouse,HOT-034
2025-03-23T06:42:23,489,Bordeaux,Bordeaux,HOT-292
2025-03-11T23:20:06,130,Paris,Paris,HOT-252
2025-01-11T21:20:27,221,Marseille,Marseille,HOT-203
2025-06-03T04:40:37,111,Strasbourg,Strasbourg,HOT-159
2025-05-28T20:21:18,276,Bordeaux,Bordeaux,HOT-170
2025-03-22T10:09:25,120,Chamonix,Chamonix,HOT-261
2025-04-10T18:39:53,485,Lille,Lille,HOT-074
2024-12-18T13:19:38,393,Nantes,Nantes,HOT-162
2025-03-18T21:22:26,442,Paris,Paris,HOT-028
2024-12-13T17:14:46,365,Toulouse,Toulouse,HOT-062
2025-05-19T01:57:31,397,Lyon,Lyon,HOT-033
2025-05-20T13:30:42,272,Lille,Lille,HOT-083
2024-12-21T14:01:15,376,Nice,Nice,HOT-128
2025-05-14T23:45:12,308,Marseille,Marseille,HOT-093
2025-04-15T21:43:34,16,Strasbourg,Strasbourg,HOT-062
2024-12-16T13:42:34,170,Lyon,Lyon,HOT-049
2025-05-04T13:41:35,485,Lille,Lille,HOT-294
2024-12-08T09:22:00,359,Lille,Lille,HOT-209
2025-02-25T05:30:11,196,Strasbourg,Strasbourg,HOT-071
2025-01-02T20:22:23,434,Toulouse,Toulouse,HOT-094
2025-05-19T18:09:32,50,Bordeaux,Bordeaux,HOT-182
2025-04-08T14:53:55,91,Lille,Lille,HOT-130
2025-01-21T02:10:26,256,Lyon,Lyon,HOT-095
2024-12-20T08:22:10,134,Lille,Lille,HOT-103
2025-04-23T11:15:54,117,Toulouse,Toulouse,HOT-042
2025-01-05T11:27:55,174,Strasbourg,Strasbourg,HOT-049
2024-12-08T22:13:06,269,Bordeaux,Bordeaux,HOT-011
2025-01-18T14:55:25,451,Chamonix,Chamonix,HOT-032
2025-03-15T08:30:08,286,Paris,Paris,HOT-192
2025-03-05T16:46:30,49,Marseille,Marseille,HOT-001
2025-02-17T14:51:26,494,Nantes,Nantes,HOT-007
2024-12-18T21:20:02,3,Toulouse,Toulouse,HOT-197
2025-04-06T02:56:13,157,Paris,Paris,HOT-291
2025-04-09T23:38:48,289,Toulouse,Toulouse,HOT-036
2025-04-15T14:55:06,490,Marseille,Marseille,HOT-097
2025-06-06T11:55:22,326,Chamonix,Chamonix,HOT-256
2025-04-05T20:48:16,94,Nantes,Nantes,HOT-112
2025-06-02T09:20:46,177,Lyon,Lyon,HOT-080
2025-03-10T23:30:38,308,Toulouse,Toulouse,HOT-294
2025-04-14T04:06:13,91,Strasbourg,Strasbourg,HOT-091
2025-03-11T21:10:56,260,Marseille,Marseille,HOT-228
2024-12-10T04:55:53,16,Chamonix,Chamonix,HOT-020
2024-12-08T10:25:54,479,Nantes,Nantes,HOT-062
2025-03-20T11:54:21,414,Bordeaux,Bordeaux,HOT-150
2025-03-24T06:27:41,56,Toulouse,Toulouse,HOT-093
2025-02-25T00:35:33,303,Nantes,Nantes,HOT-086
2024-12-09T10:50:44,461,Lyon,Lyon,HOT-255
2024-12-10T09:33:56,99,Chamonix,Chamonix,HOT-080
2025-03-19T22:52:52,314,Toulouse,Toulouse,HOT-233
2025-04-26T09:16:41,476,Nantes,Nantes,HOT-200
2025-01-29T12:00:02,402,Strasbourg,Strasbourg,HOT-060
2025-03-21T04:20:11,343,Nantes,Nantes,HOT-034
2025-01-31T19:40:53,174,Nice,Nice,HOT-188
2024-12-10T11:30:23,73,Nice,Nice,HOT-252
2025-03-14T16:06:44,97,Lille,Lille,HOT-022
2025-05-14T01:12:12,184,Paris,Paris,HOT-246
2025-04-21T15:52:30,416,Chamonix,Chamonix,HOT-051
2025-04-17T00:50:14,435,Nantes,Nantes,HOT-047
2025-02-28T18:13:57,340,Toulouse,Toulouse,HOT-270
2025-05-12T16:37:47,289,Chamonix,Chamonix,HOT-273
2025-06-07T14:59:27,268,Lille,Lille,HOT-280
2025-06-01T19:28:02,330,Nice,Nice,HOT-145
2025-01-10T23:03:36,165,Marseille,Marseille,HOT-230
2024-12-27T22:20:55,391,Nice,Nice,HOT-150
2025-06-03T10:02:01,484,Lille,Lille,HOT-207
2024-12-25T20:28:16,223,Lille,Lille,HOT-043
2025-03-18T23:25:45,252,Paris,Paris,HOT-252
2025-01-05T01:31:43,54,Toulouse,Toulouse,HOT-288
2025-01-22T22:36:44,248,Chamonix,Chamonix,HOT-200
2025-01-13T10:05:03,157,Strasbourg,Strasbourg,HOT-148
2025-04-06T12:00:15,395,Paris,Paris,HOT-271
2025-03-19T09:04:43,426,Paris,Paris,HOT-097
2025-01-25T03:58:12,485,Lyon,Lyon,HOT-158
2025-05-14T10:47:25,457,Chamonix,Chamonix,HOT-293
2025-02-13T23:25:52,278,Marseille,Marseille,HOT-161
2025-01-28T01:26:22,379,Paris,Paris,HOT-274
2025-05-10T12:17:16,15,Paris,Paris,HOT-156
2025-02-22T05:17:15,198,Nice,Nice,HOT-181
2024-12-22T11:52:20,494,Nantes,Nantes,HOT-027
2025-02-17T14:09:44,422,Lille,Lille,HOT-261
2025-02-23T23:50:27,269,Marseille,Marseille,HOT-261
2025-03-06T06:42:02,190,Paris,Paris,HOT-110
2025-03-26T20:43:01,51,Strasbourg,Strasbourg,HOT-096
2025-01-23T09:02:49,457,Nice,Nice,HOT-164
2025-04-21T12:58:22,38,Nice,Nice,HOT-254
2025-01-20T00:11:13,106,Chamonix,Chamonix,HOT-008
2025-02-03T09:35:57,24,Lille,Lille,HOT-106
2025-04-18T23:28:52,461,Lyon,Lyon,HOT-149
2025-05-16T22:39:54,3,Nice,Nice,HOT-170
2025-05-20T18:57:47,91,Lille,Lille,HOT-117
2024-12-22T19:19:05,191,Lille,Lille,HOT-023
2025-04-13T02:14:43,80,Marseille,Marseille,HOT-127
2025-05-22T19:12:26,319,Bordeaux,Bordeaux,HOT-217
2025-04-12T08:20:37,349,Chamonix,Chamonix,HOT-159
2025-05-03T15:32:33,105,Bordeaux,Bordeaux,HOT-210
2024-12-13T07:16:35,354,Paris,Paris,HOT-213
2024-12-25T07:21:36,422,Lille,Lille,HOT-194
2025-02-23T20:20:59,143,Nice,Nice,HOT-250
2025-02-18T19:06:52,130,Chamonix,Chamonix,HOT-006
2025-02-18T09:21:13,321,Lille,Lille,HOT-022
2025-03-24T11:23:29,357,Strasbourg,Strasbourg,HOT-066
2025-03-09T13:57:38,340,Nice,Nice,HOT-037
2024-12-18T01:07:50,327,Lyon,Lyon,HOT-060
2025-04-09T19:04:38,82,Strasbourg,Strasbourg,HOT-035
2024-12-08T23:39:25,94,Nantes,Nantes,HOT-168
2025-04-22T15:06:42,86,Bordeaux,Bordeaux,HOT-204
2025-01-09T10:19:17,146,Nantes,Nantes,HOT-147
2024-12-23T04:57:40,146,Chamonix,Chamonix,HOT-134
2025-03-14T05:07:30,56,Lyon,Lyon,HOT-203
2025-05-20T07:08:18,422,Nice,Nice,HOT-045
2025-03-01T09:46:53,285,Strasbourg,Strasbourg,HOT-103
2025-04-11T09:06:06,66,Nantes,Nantes,HOT-019
2025-05-08T11:04:28,241,Strasbourg,Strasbourg,HOT-056
2025-02-09T11:26:56,58,Nice,Nice,HOT-020
2025-03-27T00:41:56,427,Lille,Lille,HOT-095
2025-05-22T18:00:03,43,Lyon,Lyon,HOT-124
2024-12-25T16:02:04,224,Chamonix,Chamonix,HOT-190
2025-05-29T21:38:43,225,Marseille,Marseille,HOT-227
2025-03-19T17:00:58,306,Paris,Paris,HOT-258
2025-06-03T15:10:33,393,Nice,Nice,HOT-108
2024-12-15T09:55:18,372,Toulouse,Toulouse,HOT-023
2025-01-20T18:24:20,292,Paris,Paris,HOT-079
2025-01-17T04:53:27,175,Bordeaux,Bordeaux,HOT-090
2025-05-31T03:51:09,180,Strasbourg,Strasbourg,HOT-103
2025-05-24T17:20:02,462,Paris,Paris,HOT-201
2025-04-20T13:54:38,195,Marseille,Marseille,HOT-150
2025-05-28T11:55:08,259,Lyon,Lyon,HOT-116
2025-03-27T05:01:18,95,Nice,Nice,HOT-172
2025-03-09T11:36:29,337,Strasbourg,Strasbourg,HOT-013
2025-01-28T19:00:38,447,Strasbourg,Strasbourg,HOT-036
2024-12-16T04:36:38,432,Nice,Nice,HOT-271
2025-06-04T14:30:37,148,Nantes,Nantes,HOT-083
2024-12-21T14:06:11,74,Nantes,Nantes,HOT-163
2025-04-19T01:17:06,30,Lyon,Lyon,HOT-034
2025-06-04T21:09:14,210,Nantes,Nantes,HOT-274
2025-01-30T14:14:56,9,Chamonix,Chamonix,HOT-087
2025-05-30T18:42:43,371,Toulouse,Toulouse,HOT-190
2025-03-22T14:19:21,20,Marseille,Marseille,HOT-054
2025-03-26T13:45:44,351,Nice,Nice,HOT-004
2025-04-13T22:37:38,196,Paris,Paris,HOT-289
2024-12-13T12:56:58,30,Lille,Lille,HOT-291
2025-01-10T23:28:07,62,Nice,Nice,HOT-019
2025-06-05T11:58:51,289,Nantes,Nantes,HOT-038
2025-05-21T06:53:45,11,Strasbourg,Strasbourg,HOT-293
2025-02-06T05:13:15,331,Lille,Lille,HOT-145
2024-12-10T04:35:17,352,Chamonix,Chamonix,HOT-199
2025-01-16T09:02:34,231,Nice,Nice,HOT-252
2025-03-31T03:24:09,314,Bordeaux,Bordeaux,HOT-177
2025-01-04T03:35:50,326,Strasbourg,Strasbourg,HOT-246
2025-05-02T05:22:33,471,Marseille,Marseille,HOT-233
2025-05-15T12:18:43,275,Toulouse,Toulouse,HOT-115
2025-04-24T13:05:31,74,Bordeaux,Bordeaux,HOT-090
2025-05-15T13:17:54,494,Lille,Lille,HOT-132
2025-02-22T11:48:36,452,Marseille,Marseille,HOT-189
2025-06-05T12:29:13,379,Paris,Paris,HOT-222
2024-12-22T02:10:14,413,Bordeaux,Bordeaux,HOT-074
2025-02-03T06:20:51,22,Strasbourg,Strasbourg,HOT-211
2025-01-07T16:41:20,364,Nantes,Nantes,HOT-117
2025-03-26T15:51:06,206,Marseille,Marseille,HOT-181
2025-01-22T20:17:51,107,Lille,Lille,HOT-216
2025-03-27T04:36:37,453,Lille,Lille,HOT-236
2025-05-18T05:22:10,376,Strasbourg,Strasbourg,HOT-228
2025-05-21T02:18:17,488,Lille,Lille,HOT-238
2025-02-20T17:13:02,187,Toulouse,Toulouse,HOT-167
2025-04-17T14:49:39,341,Lille,Lille,HOT-069
2025-05-30T05:43:44,371,Nantes,Nantes,HOT-106
2025-03-22T02:49:10,126,Nice,Nice,HOT-098
2025-02-09T13:35:21,292,Nice,Nice,HOT-187
2025-02-19T16:28:08,461,Strasbourg,Strasbourg,HOT-281
2025-05-02T21:00:37,442,Lille,Lille,HOT-192
2025-04-29T19:04:42,330,Bordeaux,Bordeaux,HOT-110
2025-01-03T07:49:59,202,Marseille,Marseille,HOT-241
2025-05-09T15:36:15,56,Nantes,Nantes,HOT-232
2025-04-20T00:02:09,154,Chamonix,Chamonix,HOT-212
2025-04-26T18:27:46,27,Nice,Nice,HOT-112
2024-12-22T09:06:56,173,Nantes,Nantes,HOT-081
2025-03-14T09:28:47,338,Lille,Lille,HOT-265
2025-04-30T21:41:43,222,Marseille,Marseille,HOT-227
2025-02-12T07:26:17,13,Nice,Nice,HOT-198
2024-12-17T13:51:34,291,Marseille,Marseille,HOT-140
2024-12-26T02:51:53,382,Chamonix,Chamonix,HOT-080
2025-03-02T00:35:42,329,Lille,Lille,HOT-295
2025-01-21T05:29:08,401,Nice,Nice,HOT-078
2025-05-19T00:07:23,211,Toulouse,Toulouse,HOT-240
2024-12-21T21:53:12,126,Marseille,Marseille,HOT-250
2025-02-11T06:53:36,162,Chamonix,Chamonix,HOT-272
2025-04-03T15:54:24,377,Paris,Paris,HOT-050
2025-05-05T11:26:31,403,Lyon,Lyon,HOT-044
2025-04-05T08:26:07,11,Paris,Paris,HOT-028
2025-04-01T19:21:13,170,Lyon,Lyon,HOT-161
2025-02-22T04:23:10,477,Toulouse,Toulouse,HOT-104
2025-05-06T08:38:35,381,Marseille,Marseille,HOT-110
2025-02-08T12:38:29,158,Lyon,Lyon,HOT-186
2024-12-12T21:40:54,320,Toulouse,Toulouse,HOT-299
2025-04-09T06:50:35,464,Strasbourg,Strasbourg,HOT-244
2025-01-29T05:24:44,174,Marseille,Marseille,HOT-149
2025-05-08T07:12:54,156,Lyon,Lyon,HOT-288
2025-03-04T15:19:55,82,Marseille,Marseille,HOT-084
2025-03-12T09:59:38,213,Lyon,Lyon,HOT-273
2025-01-20T10:49:05,467,Chamonix,Chamonix,HOT-210
2025-02-14T05:48:59,82,Nantes,Nantes,HOT-283
2025-03-24T12:57:31,322,Strasbourg,Strasbourg,HOT-144
2025-02-18T01:13:57,354,Nice,Nice,HOT-059
2025-03-01T00:10:24,340,Marseille,Marseille,HOT-228
2025-01-12T05:13:01,50,Paris,Paris,HOT-070
2025-04-18T03:13:25,451,Lille,Lille,HOT-243
2025-03-30T21:59:31,195,Strasbourg,Strasbourg,HOT-088
2025-04-14T10:34:13,393,Paris,Paris,HOT-186
2025-02-18T22:53:00,477,Strasbourg,Strasbourg,HOT-293
2024-12-23T18:58:46,94,Strasbourg,Strasbourg,HOT-011
2025-05-06T02:10:37,497,Strasbourg,Strasbourg,HOT-291
2025-04-06T06:34:30,177,Toulouse,Toulouse,HOT-044
2025-02-02T12:11:03,454,Toulouse,Toulouse,HOT-036
2025-05-11T02:49:22,91,Marseille,Marseille,HOT-154
2025-01-24T00:09:19,347,Lille,Lille,HOT-077
2025-04-24T14:56:33,57,Nice,Nice,HOT-165
2024-12-21T10:10:55,150,Lyon,Lyon,HOT-182
2024-12-23T01:56:27,309,Strasbourg,Strasbourg,HOT-009
2025-01-28T04:27:22,319,Chamonix,Chamonix,HOT-214
2025-01-06T02:20:16,87,Toulouse,Toulouse,HOT-130
2025-02-18T22:32:39,99,Nantes,Nantes,HOT-144
2025-04-24T08:16:19,267,Paris,Paris,HOT-251
2025-05-08T08:48:34,164,Marseille,Marseille,HOT-027
2025-04-09T05:48:30,333,Nice,Nice,HOT-157
2025-01-06T02:35:54,135,Strasbourg,Strasbourg,HOT-222
2025-04-29T18:39:34,173,Paris,Paris,HOT-140
2025-02-20T19:23:10,384,Strasbourg,Strasbourg,HOT-042
2025-02-06T15:26:37,171,Nantes,Nantes,HOT-017
2025-02-15T04:36:03,67,Chamonix,Chamonix,HOT-006
2024-12-27T20:10:45,377,Chamonix,Chamonix,HOT-010
2024-12-24T22:07:56,155,Lille,Lille,HOT-103
2024-12-08T03:49:39,464,Strasbourg,Strasbourg,HOT-195
2025-02-05T00:14:47,199,Paris,Paris,HOT-139
2025-03-03T12:14:07,357,Lille,Lille,HOT-172
2025-02-15T00:57:11,188,Nantes,Nantes,HOT-218
2025-05-03T23:44:52,209,Toulouse,Toulouse,HOT-068
2025-01-28T12:49:07,483,Toulouse,Toulouse,HOT-134
2024-12-27T00:02:56,283,Nice,Nice,HOT-251
2025-01-01T21:08:36,145,Bordeaux,Bordeaux,HOT-043
2024-12-24T02:27:02,468,Strasbourg,Strasbourg,HOT-044
2025-01-12T12:55:30,413,Toulouse,Toulouse,HOT-261
2025-02-28T20:07:34,459,Lyon,Lyon,HOT-012
2025-03-04T07:22:45,416,Marseille,Marseille,HOT-055
2025-03-25T07:21:16,125,Lyon,Lyon,HOT-091
2025-03-24T20:53:30,192,Lyon,Lyon,HOT-079
2025-03-16T15:45:48,293,Nice,Nice,HOT-045
2025-02-24T09:14:23,443,Lyon,Lyon,HOT-005
2024-12-27T04:59:45,371,Paris,Paris,HOT-175
2024-12-12T06:00:19,446,Chamonix,Chamonix,HOT-037
2024-12-24T13:16:12,80,Chamonix,Chamonix,HOT-236
2025-02-13T20:58:34,324,Toulouse,Toulouse,HOT-055
2025-03-24T18:28:03,314,Lyon,Lyon,HOT-029
2024-12-25T05:19:37,361,Marseille,Marseille,HOT-103
2025-04-02T01:29:10,471,Lyon,Lyon,HOT-096
2025-04-02T06:42:07,47,Lyon,Lyon,HOT-002
2025-05-08T11:21:55,222,Nice,Nice,HOT-108
2025-02-08T03:34:15,26,Lyon,Lyon,HOT-199
2025-05-23T20:50:04,165,Nantes,Nantes,HOT-099
2025-02-19T22:57:17,244,Nice,Nice,HOT-254
2024-12-09T13:07:39,310,Marseille,Marseille,HOT-241
2025-02-01T19:43:24,148,Chamonix,Chamonix,HOT-032
2025-02-25T12:06:38,227,Marseille,Marseille,HOT-260
2025-02-20T10:53:34,4,Lyon,Lyon,HOT-091
2025-05-07T10:48:26,499,Nice,Nice,HOT-135
2024-12-23T14:20:40,74,Nantes,Nantes,HOT-295
2025-04-26T21:37:59,499,Nice,Nice,HOT-064
2025-05-31T03:12:52,360,Lyon,Lyon,HOT-097
2025-03-25T19:14:43,96,Toulouse,Toulouse,HOT-117
2025-05-31T22:11:20,84,Lille,Lille,HOT-152
2025-01-23T06:52:41,308,Lille,Lille,HOT-260
2025-03-28T05:08:41,328,Bordeaux,Bordeaux,HOT-112
2025-03-18T08:08:21,219,Bordeaux,Bordeaux,HOT-177
2025-01-09T01:55:47,377,Nice,Nice,HOT-272
2025-04-19T05:25:12,4,Bordeaux,Bordeaux,HOT-145
2025-02-19T01:57:21,387,Marseille,Marseille,HOT-034
2025-01-09T01:33:05,32,Lyon,Lyon,HOT-253
2025-01-03T02:39:27,177,Paris,Paris,HOT-221
2025-01-28T08:52:09,41,Strasbourg,Strasbourg,HOT-007
2025-02-03T14:59:22,382,Lyon,Lyon,HOT-164
2025-01-28T06:28:56,302,Toulouse,Toulouse,HOT-034
2025-03-12T21:44:24,292,Bordeaux,Bordeaux,HOT-164
2025-01-04T11:43:18,231,Toulouse,Toulouse,HOT-246
2024-12-19T10:27:44,190,Strasbourg,Strasbourg,HOT-154
2025-01-08T14:51:32,391,Strasbourg,Strasbourg,HOT-161
2025-03-01T13:21:15,280,Nice,Nice,HOT-117
2025-01-29T17:41:29,301,Marseille,Marseille,HOT-022
2025-02-26T22:05:42,354,Toulouse,Toulouse,HOT-210
2025-02-03T08:33:46,239,Strasbourg,Strasbourg,HOT-167
2025-03-11T04:17:51,473,Lille,Lille,HOT-238
2025-05-08T03:06:25,445,Strasbourg,Strasbourg,HOT-232
2024-12-22T02:05:44,79,Marseille,Marseille,HOT-198
2025-02-15T06:34:48,215,Paris,Paris,HOT-072
2025-01-25T00:37:18,404,Toulouse,Toulouse,HOT-196
2025-01-24T00:48:32,446,Marseille,Marseille,HOT-205
2025-04-26T03:15:03,188,Paris,Paris,HOT-223
2025-04-07T12:29:03,406,Marseille,Marseille,HOT-078
2025-03-13T10:13:22,304,Marseille,Marseille,HOT-112
2025-04-01T10:57:16,49,Paris,Paris,HOT-201
2025-04-05T21:30:03,242,Marseille,Marseille,HOT-139
2025-01-14T02:56:12,173,Nice,Nice,HOT-012
2025-03-06T01:24:21,255,Lille,Lille,HOT-082
2024-12-27T22:08:36,156,Nantes,Nantes,HOT-143
2025-01-02T11:02:35,117,Nice,Nice,HOT-250
2025-02-04T07:25:31,311,Strasbourg,Strasbourg,HOT-222
2024-12-08T11:09:15,223,Marseille,Marseille,HOT-250
2025-02-21T23:40:27,497,Paris,Paris,HOT-181
2025-02-09T15:51:37,493,Lyon,Lyon,HOT-035
2025-05-19T13:49:07,488,Toulouse,Toulouse,HOT-245
2025-04-06T13:55:16,312,Bordeaux,Bordeaux,HOT-073
2025-02-18T22:01:53,121,Nantes,Nantes,HOT-254
2025-05-12T06:53:02,412,Nice,Nice,HOT-214
2025-05-23T13:45:05,252,Paris,Paris,HOT-158
2025-02-09T03:23:30,324,Marseille,Marseille,HOT-174
2025-03-02T15:12:13,323,Bordeaux,Bordeaux,HOT-220
2025-02-10T03:35:59,314,Lyon,Lyon,HOT-067
2025-02-28T18:25:59,272,Bordeaux,Bordeaux,HOT-175
2025-05-14T12:00:26,372,Toulouse,Toulouse,HOT-066
2025-05-16T01:34:06,190,Chamonix,Chamonix,HOT-243
2025-05-23T01:12:57,33,Paris,Paris,HOT-229
2025-04-12T13:40:03,190,Lille,Lille,HOT-127
2025-04-01T13:41:16,108,Toulouse,Toulouse,HOT-120
2025-01-02T14:00:07,466,Toulouse,Toulouse,HOT-244
2025-02-03T11:44:45,403,Bordeaux,Bordeaux,HOT-285
2025-02-07T10:01:26,175,Chamonix,Chamonix,HOT-170
2025-04-03T06:47:03,358,Nice,Nice,HOT-066
2025-04-21T03:54:47,495,Toulouse,Toulouse,HOT-294
2025-01-15T03:39:06,498,Nice,Nice,HOT-122
2025-03-10T03:57:47,417,Nice,Nice,HOT-251
2025-02-06T03:48:58,289,Strasbourg,Strasbourg,HOT-010
2025-01-10T15:27:56,161,Nantes,Nantes,HOT-049
2025-02-22T11:32:49,197,Marseille,Marseille,HOT-165
2025-02-07T02:54:19,42,Nantes,Nantes,HOT-252
2025-02-01T17:51:46,237,Chamonix,Chamonix,HOT-137
2025-04-28T20:22:43,35,Strasbourg,Strasbourg,HOT-200
2025-04-21T02:21:14,399,Nice,Nice,HOT-142
2025-04-09T01:09:19,365,Marseille,Marseille,HOT-187
2025-03-12T11:52:33,435,Paris,Paris,HOT-243
2025-03-28T23:24:29,127,Nice,Nice,HOT-002
2025-05-07T23:52:50,168,Toulouse,Toulouse,HOT-248
2025-01-23T05:23:42,288,Marseille,Marseille,HOT-140
2025-02-08T10:21:21,490,Toulouse,Toulouse,HOT-249
2025-02-18T04:09:39,161,Chamonix,Chamonix,HOT-275
2025-01-30T13:54:34,103,Nice,Nice,HOT-062
2025-05-14T16:45:22,152,Paris,Paris,HOT-100
2025-05-08T18:01:10,269,Nantes,Nantes,HOT-145
2025-02-21T10:49:35,128,Lille,Lille,HOT-217
2025-02-16T00:42:42,359,Paris,Paris,HOT-153
2024-12-29T06:22:18,134,Nice,Nice,HOT-074
2025-06-06T03:21:49,152,Paris,Paris,HOT-015
2025-03-26T15:20:59,334,Lille,Lille,HOT-041
2025-01-14T22:45:06,189,Strasbourg,Strasbourg,HOT-076
2025-04-01T03:35:38,229,Lille,Lille,HOT-285
2025-03-23T02:25:55,81,Chamonix,Chamonix,HOT-228
2025-01-11T02:08:15,389,Toulouse,Toulouse,HOT-056
2025-04-18T12:37:38,480,Bordeaux,Bordeaux,HOT-234
2025-05-05T04:58:29,142,Nice,Nice,HOT-233
2025-03-23T23:15:50,146,Marseille,Marseille,HOT-066
2024-12-12T09:03:15,166,Paris,Paris,HOT-064
2025-04-27T08:40:33,27,Toulouse,Toulouse,HOT-283
2025-03-06T18:55:53,245,Toulouse,Toulouse,HOT-073
2025-04-23T16:50:45,162,Lille,Lille,HOT-282
2025-01-16T20:38:54,14,Lille,Lille,HOT-166
2025-03-02T06:57:51,203,Marseille,Marseille,HOT-168
2025-05-11T01:06:00,314,Paris,Paris,HOT-145
2025-02-01T17:19:04,166,Chamonix,Chamonix,HOT-292
2025-05-17T13:40:12,21,Nantes,Nantes,HOT-029
2025-04-20T16:27:45,371,Marseille,Marseille,HOT-255
2024-12-20T13:55:07,33,Lyon,Lyon,HOT-072
2025-05-15T04:16:20,78,Lyon,Lyon,HOT-268
2025-05-20T18:35:39,84,Nice,Nice,HOT-048
2025-05-10T15:38:44,387,Toulouse,Toulouse,HOT-183
2025-05-10T12:47:50,174,Lyon,Lyon,HOT-212
2025-02-24T14:21:14,176,Lyon,Lyon,HOT-253
2025-04-16T19:55:09,206,Nantes,Nantes,HOT-032
2025-03-14T02:32:15,269,Lille,Lille,HOT-203
2025-01-03T04:14:16,356,Marseille,Marseille,HOT-281
2025-04-09T03:10:33,422,Lyon,Lyon,HOT-107
2025-02-03T22:55:06,230,Marseille,Marseille,HOT-060
2025-01-23T03:30:59,391,Bordeaux,Bordeaux,HOT-117
2025-01-25T05:11:53,123,Paris,Paris,HOT-286
2025-04-14T01:12:28,13,Paris,Paris,HOT-116
2025-01-06T01:58:32,246,Paris,Paris,HOT-022
2025-04-25T00:51:33,113,Nice,Nice,HOT-079
2025-02-27T07:32:07,489,Marseille,Marseille,HOT-257
2025-05-09T08:58:49,164,Toulouse,Toulouse,HOT-199
2025-02-18T08:31:14,388,Lille,Lille,HOT-010
2024-12-21T12:19:07,262,Bordeaux,Bordeaux,HOT-253
2025-03-04T08:25:07,13,Lille,Lille,HOT-282
2025-04-02T06:11:23,35,Paris,Paris,HOT-103
2025-03-10T05:00:42,302,Paris,Paris,HOT-107
2025-03-30T05:04:11,118,Chamonix,Chamonix,HOT-252
2025-02-22T23:30:11,4,Toulouse,Toulouse,HOT-042
2025-03-20T21:56:55,298,Toulouse,Toulouse,HOT-261
2025-03-15T12:36:07,461,Marseille,Marseille,HOT-204
2025-06-04T11:25:05,109,Marseille,Marseille,HOT-275
2025-06-03T20:57:16,4,Chamonix,Chamonix,HOT-145
2025-05-25T00:24:10,137,Nantes,Nantes,HOT-192
2025-04-20T11:12:47,262,Lille,Lille,HOT-082
2025-02-26T09:02:19,428,Nice,Nice,HOT-132
2025-03-22T17:11:11,172,Nice,Nice,HOT-168
2024-12-14T06:57:15,460,Bordeaux,Bordeaux,HOT-202
2025-05-09T16:38:33,62,Bordeaux,Bordeaux,HOT-232
2025-02-14T23:08:41,15,Strasbourg,Strasbourg,HOT-263
2025-04-22T09:28:07,395,Lille,Lille,HOT-105
2025-05-30T00:57:20,95,Lyon,Lyon,HOT-022
2025-05-13T21:11:39,199,Lyon,Lyon,HOT-106
2025-03-21T09:46:45,103,Chamonix,Chamonix,HOT-153
2025-04-01T11:01:03,427,Nice,Nice,HOT-156
2025-04-10T01:45:07,185,Strasbourg,Strasbourg,HOT-028
2025-06-02T17:02:05,332,Nice,Nice,HOT-291
2024-12-23T15:39:38,456,Bordeaux,Bordeaux,HOT-112
2024-12-28T09:18:52,262,Paris,Paris,HOT-159
2025-05-05T11:12:06,7,Nice,Nice,HOT-093
2025-01-24T08:27:22,441,Toulouse,Toulouse,HOT-106
2025-04-13T20:15:42,256,Lille,Lille,HOT-168
2025-04-15T05:18:50,235,Lille,Lille,HOT-085
2025-02-14T02:04:37,472,Strasbourg,Strasbourg,HOT-246
2025-01-08T10:48:34,288,Chamonix,Chamonix,HOT-147
2025-04-11T18:51:14,408,Nice,Nice,HOT-040
2025-04-05T02:54:07,316,Lyon,Lyon,HOT-001
2024-12-15T18:03:13,437,Paris,Paris,HOT-026
2025-03-26T12:24:46,439,Paris,Paris,HOT-141
2025-04-11T09:40:45,477,Paris,Paris,HOT-156
2025-04-17T16:51:50,228,Lille,Lille,HOT-291
2025-04-11T17:39:35,493,Marseille,Marseille,HOT-050
2025-02-22T17:58:11,28,Toulouse,Toulouse,HOT-111
2025-05-02T07:22:19,331,Nice,Nice,HOT-217
2025-02-09T12:58:07,380,Toulouse,Toulouse,HOT-039
2025-05-10T18:19:18,144,Lille,Lille,HOT-012
2025-02-28T17:41:03,153,Paris,Paris,HOT-062
2024-12-27T17:21:12,155,Marseille,Marseille,HOT-135
2024-12-09T04:46:20,234,Nice,Nice,HOT-062
2024-12-26T07:09:21,471,Paris,Paris,HOT-244
2025-01-26T09:25:27,90,Paris,Paris,HOT-058
2025-01-19T06:12:58,45,Nice,Nice,HOT-234
2025-03-16T07:32:23,446,Chamonix,Chamonix,HOT-286
2025-05-01T04:12:12,140,Bordeaux,Bordeaux,HOT-012
2025-03-17T21:23:20,360,Chamonix,Chamonix,HOT-246
2025-03-25T12:03:14,33,Marseille,Marseille,HOT-111
2025-03-29T21:01:38,34,Lille,Lille,HOT-194
2025-04-19T16:21:52,16,Paris,Paris,HOT-255
2025-03-28T20:24:26,222,Strasbourg,Strasbourg,HOT-212
2025-01-19T01:41:55,90,Paris,Paris,HOT-296
2025-03-03T17:05:41,460,Paris,Paris,HOT-033
2025-02-17T19:08:22,492,Bordeaux,Bordeaux,HOT-145
2025-02-21T02:26:00,369,Strasbourg,Strasbourg,HOT-104
2025-03-07T01:38:49,411,Bordeaux,Bordeaux,HOT-013
2025-05-06T02:59:30,344,Bordeaux,Bordeaux,HOT-097
2025-04-18T02:34:27,121,Strasbourg,Strasbourg,HOT-001
2025-03-31T10:38:38,333,Paris,Paris,HOT-289
2025-04-20T05:17:13,428,Lille,Lille,HOT-287
2025-03-14T07:57:20,488,Strasbourg,Strasbourg,HOT-119
2025-01-05T10:08:18,367,Paris,Paris,HOT-147
2025-02-12T03:16:50,187,Lyon,Lyon,HOT-189
2024-12-11T22:05:10,234,Strasbourg,Strasbourg,HOT-279
2025-03-10T21:29:32,84,Toulouse,Toulouse,HOT-191
2024-12-27T10:51:05,372,Nantes,Nantes,HOT-277
2025-02-02T12:25:48,75,Toulouse,Toulouse,HOT-178
2025-02-25T22:12:07,209,Marseille,Marseille,HOT-298
2025-06-03T21:40:42,206,Toulouse,Toulouse,HOT-240
2024-12-23T19:43:42,178,Bordeaux,Bordeaux,HOT-076
2024-12-29T16:32:18,417,Strasbourg,Strasbourg,HOT-278
2025-05-17T13:50:15,209,Toulouse,Toulouse,HOT-222
2025-04-27T22:21:54,45,Chamonix,Chamonix,HOT-130
2025-01-03T15:52:13,454,Marseille,Marseille,HOT-171
2025-02-12T18:56:43,474,Toulouse,Toulouse,HOT-239
2025-02-05T17:07:49,231,Nantes,Nantes,HOT-085
2025-02-11T18:25:21,456,Paris,Paris,HOT-176
2025-03-05T13:37:11,260,Marseille,Marseille,HOT-175
2025-05-08T10:34:45,277,Marseille,Marseille,HOT-294
2025-01-16T07:41:15,72,Nice,Nice,HOT-203
2025-03-18T08:11:14,42,Lille,Lille,HOT-058
2025-03-10T22:12:51,257,Nantes,Nantes,HOT-022
2025-02-12T18:48:47,267,Lyon,Lyon,HOT-295
2025-03-09T14:41:39,3,Bordeaux,Bordeaux,HOT-282
2024-12-26T02:34:20,341,Marseille,Marseille,HOT-117
2025-03-02T05:37:02,351,Toulouse,Toulouse,HOT-251
2025-04-26T08:21:06,60,Toulouse,Toulouse,HOT-192
2025-04-21T10:46:05,281,Lille,Lille,HOT-268
2025-03-05T00:10:22,337,Lille,Lille,HOT-113
2025-02-07T01:50:31,296,Toulouse,Toulouse,HOT-209
2024-12-20T04:40:16,353,Lyon,Lyon,HOT-116
2025-02-03T10:56:53,328,Strasbourg,Strasbourg,HOT-080
2024-12-15T19:51:15,428,Nice,Nice,HOT-001
2025-05-13T11:21:22,458,Nantes,Nantes,HOT-056
2025-04-24T04:05:10,254,Marseille,Marseille,HOT-037
2024-12-29T11:57:08,356,Bordeaux,Bordeaux,HOT-124
2024-12-11T12:52:13,387,Lille,Lille,HOT-156
2025-05-21T01:04:54,423,Nice,Nice,HOT-278
2025-02-11T18:28:30,327,Lyon,Lyon,HOT-098
2025-04-11T23:22:29,13,Paris,Paris,HOT-016
2024-12-28T09:16:59,152,Lyon,Lyon,HOT-107
2025-04-17T15:18:50,96,Lyon,Lyon,HOT-035
2025-05-11T12:07:11,130,Strasbourg,Strasbourg,HOT-061
2025-01-08T01:33:42,217,Toulouse,Toulouse,HOT-207
2025-06-05T17:22:07,6,Chamonix,Chamonix,HOT-154
2025-04-29T22:32:50,176,Lille,Lille,HOT-192
2025-01-23T12:19:58,107,Bordeaux,Bordeaux,HOT-220
2025-03-17T08:19:19,318,Chamonix,Chamonix,HOT-245
2025-01-10T00:37:37,326,Chamonix,Chamonix,HOT-022
2025-03-24T07:42:16,348,Strasbourg,Strasbourg,HOT-017
2025-01-07T05:54:09,256,Toulouse,Toulouse,HOT-180
2025-02-09T10:08:22,16,Bordeaux,Bordeaux,HOT-243
2025-03-25T20:42:04,441,Lille,Lille,HOT-276
2025-02-27T22:38:29,395,Lyon,Lyon,HOT-217
2025-03-06T20:56:40,353,Chamonix,Chamonix,HOT-180
2025-01-21T04:08:28,486,Strasbourg,Strasbourg,HOT-014
2025-05-11T01:25:39,195,Paris,Paris,HOT-250
2025-02-23T19:16:26,389,Lyon,Lyon,HOT-244
2025-04-08T10:30:42,130,Nantes,Nantes,HOT-048
2025-01-11T23:13:25,43,Nice,Nice,HOT-049
2025-01-12T08:14:31,233,Lille,Lille,HOT-173
2025-04-10T12:27:50,124,Chamonix,Chamonix,HOT-241
2025-04-13T18:53:34,18,Toulouse,Toulouse,HOT-159
2025-03-01T01:30:31,283,Strasbourg,Strasbourg,HOT-111
2025-02-21T23:09:49,315,Lille,Lille,HOT-049
2024-12-12T19:39:43,6,Marseille,Marseille,HOT-015
2025-04-29T08:05:41,479,Nantes,Nantes,HOT-228
2025-04-05T09:33:42,36,Nantes,Nantes,HOT-093
2025-05-27T15:08:53,238,Bordeaux,Bordeaux,HOT-290
2025-01-14T11:12:52,199,Nantes,Nantes,HOT-025
2025-03-04T10:47:15,130,Chamonix,Chamonix,HOT-061
2025-04-01T03:28:58,358,Nantes,Nantes,HOT-252
2025-02-28T13:28:38,90,Strasbourg,Strasbourg,HOT-151
2025-02-20T15:43:19,438,Marseille,Marseille,HOT-021
2024-12-08T00:21:17,149,Chamonix,Chamonix,HOT-170
2025-04-22T23:55:19,219,Lyon,Lyon,HOT-080
2025-01-17T20:38:18,496,Lyon,Lyon,HOT-102
2025-01-16T02:38:28,247,Strasbourg,Strasbourg,HOT-128
2025-01-30T04:47:49,3,Lille,Lille,HOT-091
2025-05-02T05:42:25,396,Lille,Lille,HOT-023
2025-04-22T19:22:27,155,Marseille,Marseille,HOT-115
2025-05-13T04:34:12,175,Chamonix,Chamonix,HOT-253
2025-05-10T17:16:57,118,Strasbourg,Strasbourg,HOT-060
2024-12-19T07:11:03,52,Marseille,Marseille,HOT-072
2025-03-29T06:15:08,68,Chamonix,Chamonix,HOT-289
2024-12-26T21:48:54,13,Strasbourg,Strasbourg,HOT-255
2025-05-11T09:34:01,188,Lille,Lille,HOT-011
2025-05-25T11:20:03,363,Nantes,Nantes,HOT-189
2025-03-21T09:42:00,326,Nantes,Nantes,HOT-055
2025-01-12T10:54:43,215,Strasbourg,Strasbourg,HOT-018
2025-02-16T04:20:06,143,Lille,Lille,HOT-286
2025-02-08T10:48:57,360,Lille,Lille,HOT-035
2025-01-14T10:02:55,34,Lyon,Lyon,HOT-135
2025-03-05T23:57:20,450,Toulouse,Toulouse,HOT-244
2024-12-29T06:41:05,206,Nantes,Nantes,HOT-125
2025-01-27T02:16:17,465,Marseille,Marseille,HOT-062
2025-04-16T09:18:40,13,Marseille,Marseille,HOT-045
2025-05-23T15:47:37,293,Marseille,Marseille,HOT-101
2025-03-12T04:46:36,229,Nantes,Nantes,HOT-192
2025-03-19T14:56:46,286,Bordeaux,Bordeaux,HOT-245
2025-04-10T06:04:40,35,Marseille,Marseille,HOT-299
2025-02-06T00:11:06,212,Lyon,Lyon,HOT-287
2025-04-02T01:42:06,21,Nice,Nice,HOT-104
2025-02-20T14:48:22,76,Bordeaux,Bordeaux,HOT-069
2025-04-04T20:31:11,383,Lille,Lille,HOT-006
2025-02-21T09:00:13,191,Paris,Paris,HOT-262
2025-03-31T03:15:22,404,Paris,Paris,HOT-058
2024-12-29T07:58:34,269,Bordeaux,Bordeaux,HOT-272
2025-02-12T17:03:44,5,Bordeaux,Bordeaux,HOT-071
2025-02-13T11:59:05,164,Nice,Nice,HOT-246
2025-05-20T08:00:52,411,Nice,Nice,HOT-097
2025-03-06T01:24:03,340,Strasbourg,Strasbourg,HOT-245
2025-04-06T00:44:05,246,Nice,Nice,HOT-051
2025-01-09T15:39:09,89,Lille,Lille,HOT-284
2025-05-14T03:54:40,325,Nantes,Nantes,HOT-037
2025-04-16T22:46:03,75,Marseille,Marseille,HOT-262
2025-04-23T05:45:37,75,Lyon,Lyon,HOT-245
2025-05-11T14:44:41,263,Lyon,Lyon,HOT-290
2025-02-02T21:48:34,85,Nice,Nice,HOT-212
2025-06-03T12:59:14,430,Toulouse,Toulouse,HOT-116
2025-04-05T11:19:17,424,Bordeaux,Bordeaux,HOT-209
2025-03-31T18:00:00,31,Lille,Lille,HOT-022
2024-12-23T14:35:20,446,Toulouse,Toulouse,HOT-203
2025-04-16T15:52:34,15,Nice,Nice,HOT-192
2025-01-02T03:51:28,201,Strasbourg,Strasbourg,HOT-116
2025-02-05T23:10:02,384,Marseille,Marseille,HOT-246
2024-12-30T00:53:28,315,Nantes,Nantes,HOT-209
2025-01-22T11:26:44,331,Marseille,Marseille,HOT-124
2025-02-04T10:47:24,307,Nantes,Nantes,HOT-148
2024-12-29T20:38:15,255,Lyon,Lyon,HOT-222
2025-01-11T16:39:55,308,Paris,Paris,HOT-214
2025-02-17T15:20:54,34,Nantes,Nantes,HOT-044
2025-04-20T19:15:52,361,Marseille,Marseille,HOT-021
2025-01-03T14:23:40,190,Bordeaux,Bordeaux,HOT-202
2025-03-16T08:13:57,144,Strasbourg,Strasbourg,HOT-175
2025-02-20T13:59:10,156,Nantes,Nantes,HOT-168
2025-02-26T08:45:05,471,Bordeaux,Bordeaux,HOT-241
2025-04-01T23:09:42,262,Strasbourg,Strasbourg,HOT-198
2025-01-02T22:07:27,388,Chamonix,Chamonix,HOT-287
2025-03-28T18:24:23,473,Chamonix,Chamonix,HOT-294
2025-02-19T15:50:02,71,Strasbourg,Strasbourg,HOT-173
2025-02-27T07:07:11,47,Strasbourg,Strasbourg,HOT-176
2025-01-12T05:17:27,273,Nantes,Nantes,HOT-033
2025-03-11T15:39:49,129,Bordeaux,Bordeaux,HOT-139
2025-04-09T13:16:06,448,Bordeaux,Bordeaux,HOT-263
2025-03-21T11:59:06,117,Toulouse,Toulouse,HOT-166
2025-04-20T19:14:51,465,Nice,Nice,HOT-290
2025-06-03T15:13:00,98,Toulouse,Toulouse,HOT-157
2025-04-11T10:44:45,99,Toulouse,Toulouse,HOT-266
2025-06-05T20:58:07,347,Lille,Lille,HOT-143
2025-01-09T18:56:55,136,Chamonix,Chamonix,HOT-218
2025-03-24T21:41:46,343,Nice,Nice,HOT-072
2025-01-08T13:15:56,411,Bordeaux,Bordeaux,HOT-098
2025-03-12T05:30:48,352,Toulouse,Toulouse,HOT-278
2025-02-01T05:41:01,284,Toulouse,Toulouse,HOT-105
2025-01-03T09:26:43,409,Strasbourg,Strasbourg,HOT-298
2025-01-12T11:33:31,267,Marseille,Marseille,HOT-061
2025-02-06T05:39:54,371,Bordeaux,Bordeaux,HOT-127
2025-05-19T15:33:05,106,Chamonix,Chamonix,HOT-173
2025-03-04T17:25:58,94,Strasbourg,Strasbourg,HOT-192
2025-04-06T10:16:33,126,Lille,Lille,HOT-248
2024-12-17T13:27:45,368,Bordeaux,Bordeaux,HOT-291
2025-05-24T05:14:31,236,Nantes,Nantes,HOT-175
2025-02-14T20:51:35,75,Bordeaux,Bordeaux,HOT-037
2024-12-09T00:16:41,130,Lyon,Lyon,HOT-193
2025-03-11T06:03:26,417,Nantes,Nantes,HOT-202
2025-01-02T15:54:50,2,Lyon,Lyon,HOT-097
2025-01-14T00:58:50,416,Bordeaux,Bordeaux,HOT-254
2025-05-14T10:47:51,233,Nantes,Nantes,HOT-299
2025-02-19T16:55:32,421,Bordeaux,Bordeaux,HOT-262
2025-03-26T04:46:41,291,Lille,Lille,HOT-102
2025-03-15T07:07:40,137,Paris,Paris,HOT-219
2025-04-12T23:08:30,322,Strasbourg,Strasbourg,HOT-056
2025-03-13T06:20:34,244,Lille,Lille,HOT-199
2025-02-24T14:19:13,161,Lyon,Lyon,HOT-072
2025-04-19T02:32:01,93,Lyon,Lyon,HOT-186
2025-03-12T15:13:29,390,Paris,Paris,HOT-022
2025-02-25T20:35:39,434,Lyon,Lyon,HOT-143
2025-04-24T01:07:09,56,Nantes,Nantes,HOT-275
2025-05-19T05:47:44,138,Marseille,Marseille,HOT-050
2025-03-03T08:06:54,474,Lille,Lille,HOT-105
2025-03-12T01:07:15,21,Chamonix,Chamonix,HOT-031
2025-01-08T15:04:25,6,Lyon,Lyon,HOT-173
2024-12-23T04:53:20,320,Bordeaux,Bordeaux,HOT-146
2025-03-26T22:33:39,221,Nice,Nice,HOT-119
2024-12-13T03:26:14,113,Chamonix,Chamonix,HOT-293
2025-05-10T16:41:23,385,Bordeaux,Bordeaux,HOT-283
2025-05-03T22:23:49,182,Nice,Nice,HOT-078
2025-01-18T23:21:29,12,Nantes,Nantes,HOT-163
2025-02-01T20:51:13,391,Nice,Nice,HOT-088
2024-12-13T11:59:10,413,Lille,Lille,HOT-105
2025-01-29T12:31:24,278,Chamonix,Chamonix,HOT-009
2025-01-19T19:27:44,489,Marseille,Marseille,HOT-047
2025-03-21T13:03:13,293,Chamonix,Chamonix,HOT-139
2025-02-01T04:55:02,415,Strasbourg,Strasbourg,HOT-064
2025-01-08T19:31:36,49,Nice,Nice,HOT-209
2025-05-07T18:07:44,114,Nice,Nice,HOT-236
2025-03-05T22:53:17,313,Marseille,Marseille,HOT-089
2025-03-26T23:44:17,470,Nice,Nice,HOT-144
2025-04-30T08:00:07,55,Paris,Paris,HOT-123
2025-05-06T03:56:56,344,Bordeaux,Bordeaux,HOT-223
2025-05-04T21:03:35,297,Chamonix,Chamonix,HOT-198
2025-03-13T07:56:36,229,Nice,Nice,HOT-119
2025-03-23T21:31:32,52,Lyon,Lyon,HOT-210
2025-03-16T08:08:40,365,Strasbourg,Strasbourg,HOT-227
2024-12-29T03:13:03,77,Lille,Lille,HOT-195
2025-03-28T08:39:25,12,Nantes,Nantes,HOT-140
2024-12-29T07:51:27,106,Strasbourg,Strasbourg,HOT-224
2025-01-28T04:04:08,405,Nantes,Nantes,HOT-176
2025-05-06T15:54:16,165,Paris,Paris,HOT-256
2025-03-22T14:40:27,260,Chamonix,Chamonix,HOT-199
2025-05-16T00:23:31,430,Strasbourg,Strasbourg,HOT-106
2025-02-16T09:18:57,191,Marseille,Marseille,HOT-040
2025-03-22T09:43:16,308,Lille,Lille,HOT-087
2025-05-15T21:15:39,404,Lille,Lille,HOT-107
2025-05-03T02:29:44,112,Toulouse,Toulouse,HOT-181
2024-12-15T05:32:06,208,Bordeaux,Bordeaux,HOT-128
2025-05-03T17:29:31,367,Bordeaux,Bordeaux,HOT-119
2025-04-25T18:18:24,195,Chamonix,Chamonix,HOT-241
2025-03-02T20:32:00,492,Paris,Paris,HOT-289
2025-03-23T05:48:24,125,Lyon,Lyon,HOT-232
2025-01-18T14:05:43,366,Paris,Paris,HOT-200
2025-02-27T16:58:50,293,Toulouse,Toulouse,HOT-185
2024-12-27T00:54:40,196,Paris,Paris,HOT-252
2025-04-29T01:34:19,224,Strasbourg,Strasbourg,HOT-218
2025-05-17T08:01:33,46,Lille,Lille,HOT-131
2025-04-13T01:56:49,179,Nice,Nice,HOT-138
2025-05-02T01:08:23,188,Bordeaux,Bordeaux,HOT-246
2025-01-24T05:11:49,81,Marseille,Marseille,HOT-113
2025-02-02T23:02:25,438,Chamonix,Chamonix,HOT-265
2025-05-26T00:31:31,307,Nantes,Nantes,HOT-101
2024-12-13T09:49:14,434,Paris,Paris,HOT-196
2025-03-04T11:31:14,187,Paris,Paris,HOT-118
2025-01-27T04:25:25,47,Marseille,Marseille,HOT-048
2025-02-12T20:06:09,316,Nantes,Nantes,HOT-026
2025-05-23T13:45:27,129,Lyon,Lyon,HOT-269
2025-05-14T17:50:49,478,Bordeaux,Bordeaux,HOT-232
2024-12-24T00:59:10,77,Bordeaux,Bordeaux,HOT-073
2025-03-02T09:49:48,440,Lille,Lille,HOT-143
2025-05-24T04:09:43,446,Marseille,Marseille,HOT-118
2024-12-29T22:40:28,210,Bordeaux,Bordeaux,HOT-086
2025-05-06T18:19:17,267,Lyon,Lyon,HOT-119
2025-05-13T19:17:33,447,Lyon,Lyon,HOT-027
2025-01-22T03:51:53,294,Marseille,Marseille,HOT-148
2025-01-16T21:43:09,281,Strasbourg,Strasbourg,HOT-217
2025-05-13T13:45:52,459,Marseille,Marseille,HOT-121
2025-04-29T09:08:30,9,Nice,Nice,HOT-040
2025-03-31T07:32:24,35,Lyon,Lyon,HOT-138
2025-04-19T23:12:41,419,Marseille,Marseille,HOT-274
2025-02-13T05:40:27,64,Strasbourg,Strasbourg,HOT-284
2025-05-23T08:23:37,390,Toulouse,Toulouse,HOT-092
2025-04-24T03:58:10,79,Nantes,Nantes,HOT-096
2025-04-04T15:38:32,126,Paris,Paris,HOT-167
2025-04-09T00:32:27,438,Marseille,Marseille,HOT-140
2025-02-28T07:01:09,263,Paris,Paris,HOT-257
2025-01-08T09:08:47,259,Paris,Paris,HOT-202
2025-04-05T19:05:19,70,Marseille,Marseille,HOT-025
2025-01-03T04:29:53,241,Marseille,Marseille,HOT-068
2025-05-08T13:16:44,124,Chamonix,Chamonix,HOT-189
2025-01-16T06:32:00,294,Bordeaux,Bordeaux,HOT-237
2025-05-14T02:56:24,126,Strasbourg,Strasbourg,HOT-090
2025-01-16T08:02:20,364,Lyon,Lyon,HOT-128
2025-05-12T13:14:27,83,Chamonix,Chamonix,HOT-022
2024-12-18T16:14:37,35,Lille,Lille,HOT-070
2025-03-27T20:21:18,1,Bordeaux,Bordeaux,HOT-236
2025-02-13T06:32:05,271,Strasbourg,Strasbourg,HOT-203
2025-03-20T12:13:27,282,Nantes,Nantes,HOT-207
2025-01-30T17:34:02,456,Nantes,Nantes,HOT-239
2025-04-02T01:10:28,493,Nantes,Nantes,HOT-182
2025-03-21T18:27:34,403,Chamonix,Chamonix,HOT-296
2025-01-08T20:18:41,368,Lille,Lille,HOT-129
2025-02-07T23:57:04,269,Lille,Lille,HOT-086
2025-04-22T20:44:40,258,Strasbourg,Strasbourg,HOT-065
2025-02-01T23:23:33,413,Paris,Paris,HOT-106
2025-02-01T08:00:24,38,Chamonix,Chamonix,HOT-189
2025-03-28T08:45:26,432,Bordeaux,Bordeaux,HOT-060
2025-01-28T01:31:30,310,Lille,Lille,HOT-196
2025-05-22T18:15:51,193,Bordeaux,Bordeaux,HOT-192
2025-03-17T00:57:49,13,Toulouse,Toulouse,HOT-250
2025-05-30T22:38:37,102,Paris,Paris,HOT-111
2025-04-18T01:22:49,223,Marseille,Marseille,HOT-231
2025-05-14T10:38:04,443,Chamonix,Chamonix,HOT-072
2024-12-25T15:23:51,333,Bordeaux,Bordeaux,HOT-203
2025-01-02T11:30:22,126,Marseille,Marseille,HOT-009
2025-05-01T19:18:29,462,Nice,Nice,HOT-225
2025-05-08T17:12:06,130,Strasbourg,Strasbourg,HOT-205
2025-02-25T01:47:36,239,Strasbourg,Strasbourg,HOT-191
2025-06-03T13:23:19,452,Nice,Nice,HOT-238
2024-12-18T15:54:30,67,Lille,Lille,HOT-027
2025-01-30T00:02:14,126,Marseille,Marseille,HOT-052
2025-05-24T12:21:02,152,Toulouse,Toulouse,HOT-028
2025-04-13T12:18:51,180,Strasbourg,Strasbourg,HOT-198
2024-12-31T18:57:28,455,Lille,Lille,HOT-040
2025-04-22T08:30:02,307,Bordeaux,Bordeaux,HOT-182
2025-05-24T07:50:09,421,Nantes,Nantes,HOT-283
2025-01-01T22:00:01,245,Paris,Paris,HOT-246
2025-01-24T15:11:47,35,Toulouse,Toulouse,HOT-170
2025-01-04T13:09:35,100,Bordeaux,Bordeaux,HOT-260
2025-04-24T06:57:23,85,Paris,Paris,HOT-052
2025-02-07T16:41:44,75,Nantes,Nantes,HOT-139
2025-05-17T00:37:16,31,Paris,Paris,HOT-261
2025-01-24T05:18:17,112,Nantes,Nantes,HOT-191
2025-05-04T00:20:24,13,Strasbourg,Strasbourg,HOT-207
2025-05-19T22:52:13,172,Chamonix,Chamonix,HOT-236
2025-04-17T11:05:51,178,Chamonix,Chamonix,HOT-168
2025-02-21T09:44:03,146,Toulouse,Toulouse,HOT-027
2025-03-12T04:39:32,411,Nantes,Nantes,HOT-064
2025-01-03T18:11:02,453,Strasbourg,Strasbourg,HOT-250
2025-03-29T06:36:50,222,Nantes,Nantes,HOT-019
2025-04-08T22:49:22,342,Nantes,Nantes,HOT-290
2025-01-28T07:55:43,260,Lyon,Lyon,HOT-079
2025-04-08T01:26:09,478,Lille,Lille,HOT-170
2025-02-25T14:02:41,339,Strasbourg,Strasbourg,HOT-137
2025-02-18T00:02:45,74,Marseille,Marseille,HOT-101
2025-03-04T22:03:00,48,Chamonix,Chamonix,HOT-197
2024-12-21T19:32:50,142,Lille,Lille,HOT-113
2025-04-09T04:32:07,22,Paris,Paris,HOT-156
2025-05-10T10:42:50,7,Marseille,Marseille,HOT-100
2025-05-27T01:17:46,215,Chamonix,Chamonix,HOT-100
2025-05-05T10:52:34,214,Marseille,Marseille,HOT-219
2024-12-25T05:28:09,281,Chamonix,Chamonix,HOT-131
2025-02-23T09:02:12,470,Nice,Nice,HOT-001
2025-03-17T06:32:56,34,Marseille,Marseille,HOT-020
2025-05-01T17:56:54,136,Strasbourg,Strasbourg,HOT-034
2025-01-30T04:14:30,113,Strasbourg,Strasbourg,HOT-085
2025-04-21T01:10:10,474,Strasbourg,Strasbourg,HOT-059
2025-06-06T23:15:31,41,Strasbourg,Strasbourg,HOT-176
2025-05-26T12:12:40,316,Toulouse,Toulouse,HOT-241
2025-02-16T19:36:44,490,Bordeaux,Bordeaux,HOT-296
2025-03-05T10:39:05,286,Nantes,Nantes,HOT-170
2025-03-11T22:04:05,324,Toulouse,Toulouse,HOT-270
2025-02-08T16:53:40,80,Chamonix,Chamonix,HOT-267
2025-03-30T03:43:31,350,Bordeaux,Bordeaux,HOT-126
2024-12-07T15:08:29,116,Paris,Paris,HOT-223
2025-05-24T21:01:11,248,Bordeaux,Bordeaux,HOT-169
2025-05-06T11:20:52,482,Nantes,Nantes,HOT-154
2025-05-20T15:42:07,256,Lille,Lille,HOT-027
2025-04-28T10:21:27,488,Chamonix,Chamonix,HOT-154
2024-12-25T05:41:15,411,Bordeaux,Bordeaux,HOT-055
2025-04-28T02:00:20,422,Marseille,Marseille,HOT-285
2025-03-06T04:08:40,115,Nice,Nice,HOT-128
2025-04-09T10:11:14,238,Marseille,Marseille,HOT-051
2025-04-15T02:45:02,358,Nantes,Nantes,HOT-259
2025-04-21T13:13:05,186,Lille,Lille,HOT-205
2025-02-14T17:03:18,215,Chamonix,Chamonix,HOT-170
2025-05-21T05:23:54,154,Lyon,Lyon,HOT-125
2024-12-19T10:45:30,84,Chamonix,Chamonix,HOT-247
2025-05-10T15:44:38,486,Lyon,Lyon,HOT-161
2025-03-20T22:12:52,475,Paris,Paris,HOT-224
2025-02-22T09:06:23,208,Lille,Lille,HOT-079
2025-01-18T10:46:37,213,Strasbourg,Strasbourg,HOT-016
2025-02-28T13:53:53,171,Toulouse,Toulouse,HOT-061
2025-05-16T07:41:05,158,Nice,Nice,HOT-250
2025-01-17T06:54:55,451,Strasbourg,Strasbourg,HOT-203
2025-03-13T05:09:17,302,Nice,Nice,HOT-208
2025-01-28T07:05:18,221,Nice,Nice,HOT-147
2025-02-07T20:16:36,125,Chamonix,Chamonix,HOT-085
2025-05-16T23:58:37,173,Marseille,Marseille,HOT-168
2025-01-31T05:15:20,304,Lille,Lille,HOT-043
2025-02-10T17:40:09,52,Lyon,Lyon,HOT-043
2025-03-23T10:16:05,408,Paris,Paris,HOT-077
2025-03-29T08:58:55,277,Lille,Lille,HOT-253
2025-01-01T12:13:45,460,Lyon,Lyon,HOT-078
2025-03-27T02:01:46,27,Paris,Paris,HOT-242
2025-05-21T16:11:35,91,Paris,Paris,HOT-069
2025-03-11T09:27:16,150,Toulouse,Toulouse,HOT-183
2025-05-09T05:22:38,342,Chamonix,Chamonix,HOT-045
2025-02-11T21:33:31,21,Marseille,Marseille,HOT-159
2025-05-29T18:40:43,170,Lyon,Lyon,HOT-020
2025-04-18T16:32:19,299,Lyon,Lyon,HOT-021
2025-05-04T03:58:38,315,Paris,Paris,HOT-099
2024-12-16T13:13:10,405,Marseille,Marseille,HOT-201
2024-12-16T01:43:32,422,Strasbourg,Strasbourg,HOT-056
2024-12-26T11:40:04,137,Chamonix,Chamonix,HOT-150
2025-04-07T17:49:27,316,Nantes,Nantes,HOT-037
2025-05-08T08:48:25,426,Chamonix,Chamonix,HOT-146
2025-05-18T14:55:51,71,Lyon,Lyon,HOT-237
2025-03-06T09:25:20,311,Bordeaux,Bordeaux,HOT-081
2024-12-10T07:29:33,330,Nantes,Nantes,HOT-050
2024-12-31T06:36:11,255,Chamonix,Chamonix,HOT-115
2025-06-05T15:05:14,353,Bordeaux,Bordeaux,HOT-017
2025-05-22T16:33:44,202,Toulouse,Toulouse,HOT-084
2025-01-06T19:52:21,356,Strasbourg,Strasbourg,HOT-232
2025-03-02T20:09:27,184,Nantes,Nantes,HOT-157
2025-03-05T19:08:41,151,Lille,Lille,HOT-215
2024-12-07T06:45:58,414,Nice,Nice,HOT-159
2025-02-28T05:18:19,342,Toulouse,Toulouse,HOT-108
2025-01-15T10:29:14,124,Strasbourg,Strasbourg,HOT-077
2025-04-19T20:41:12,361,Marseille,Marseille,HOT-019
2025-06-01T17:45:39,41,Paris,Paris,HOT-061
2025-01-01T18:22:32,76,Lyon,Lyon,HOT-230
2025-05-27T10:43:21,65,Marseille,Marseille,HOT-038
2025-04-12T08:49:21,145,Toulouse,Toulouse,HOT-164
2025-02-03T18:24:40,297,Nice,Nice,HOT-247
2025-01-07T00:30:17,223,Lille,Lille,HOT-063
2025-05-25T22:43:27,477,Nantes,Nantes,HOT-155
2025-06-06T06:25:56,480,Nice,Nice,HOT-243
2025-05-26T08:50:42,336,Paris,Paris,HOT-187
2025-01-29T08:38:21,81,Lille,Lille,HOT-099
2024-12-25T06:36:43,177,Lyon,Lyon,HOT-026
2025-04-13T06:13:01,17,Bordeaux,Bordeaux,HOT-200
2025-02-15T03:22:00,96,Strasbourg,Strasbourg,HOT-238
2025-01-24T18:30:53,338,Lille,Lille,HOT-166
2024-12-23T03:43:25,231,Marseille,Marseille,HOT-168
2025-02-17T08:32:01,382,Lille,Lille,HOT-162
2025-04-15T04:27:05,491,Chamonix,Chamonix,HOT-095
2025-05-31T15:37:50,4,Marseille,Marseille,HOT-129
2025-04-12T03:45:41,213,Lyon,Lyon,HOT-250
2025-01-08T07:01:08,449,Toulouse,Toulouse,HOT-076
2024-12-17T04:57:44,22,Marseille,Marseille,HOT-123
2025-02-22T02:42:06,263,Chamonix,Chamonix,HOT-254
2025-04-07T15:08:36,491,Bordeaux,Bordeaux,HOT-104
2025-02-04T11:23:32,370,Marseille,Marseille,HOT-214
2025-04-27T02:58:01,20,Paris,Paris,HOT-185
2025-04-21T23:14:56,365,Toulouse,Toulouse,HOT-191
2025-05-02T19:15:11,173,Paris,Paris,HOT-054
2025-01-21T14:48:19,248,Nantes,Nantes,HOT-104
2025-02-28T11:58:38,109,Marseille,Marseille,HOT-171
2025-04-13T10:23:55,349,Nantes,Nantes,HOT-141
2024-12-24T20:38:06,272,Lille,Lille,HOT-271
2025-04-22T19:05:12,303,Chamonix,Chamonix,HOT-101
2024-12-25T15:12:15,223,Paris,Paris,HOT-233
2024-12-07T08:40:43,494,Chamonix,Chamonix,HOT-281
2025-01-17T14:13:51,149,Nantes,Nantes,HOT-234
2025-03-09T17:41:47,23,Bordeaux,Bordeaux,HOT-171
2024-12-22T06:50:12,10,Lille,Lille,HOT-033
2025-01-01T22:02:31,243,Lille,Lille,HOT-238
2025-04-01T10:21:47,469,Chamonix,Chamonix,HOT-293
2025-01-20T01:44:30,119,Toulouse,Toulouse,HOT-115
2025-03-18T00:24:06,231,Bordeaux,Bordeaux,HOT-154
2025-04-18T04:33:55,457,Paris,Paris,HOT-118
2025-03-03T13:46:41,343,Chamonix,Chamonix,HOT-131
2024-12-08T22:53:47,203,Bordeaux,Bordeaux,HOT-003
2024-12-08T17:11:25,272,Nice,Nice,HOT-021
2025-04-21T05:20:00,114,Strasbourg,Strasbourg,HOT-123
2025-02-11T20:47:15,204,Paris,Paris,HOT-221
2025-05-14T19:37:12,25,Lyon,Lyon,HOT-141
2024-12-30T13:37:25,275,Nantes,Nantes,HOT-214
2025-05-23T05:05:32,9,Nantes,Nantes,HOT-157
2025-02-27T03:44:30,394,Chamonix,Chamonix,HOT-027
2025-04-20T22:02:06,255,Chamonix,Chamonix,HOT-110
2025-01-01T19:35:49,274,Nantes,Nantes,HOT-148
2025-03-09T21:51:38,400,Lyon,Lyon,HOT-121
2024-12-20T21:41:59,474,Lille,Lille,HOT-288
2025-01-20T14:35:09,372,Toulouse,Toulouse,HOT-091
2025-02-19T12:51:04,280,Nice,Nice,HOT-008
2024-12-24T11:55:44,351,Lille,Lille,HOT-041
2025-04-28T01:13:13,169,Nice,Nice,HOT-246
2025-05-12T15:38:49,11,Lyon,Lyon,HOT-067
2024-12-27T00:57:40,477,Bordeaux,Bordeaux,HOT-087
2024-12-27T04:34:12,337,Bordeaux,Bordeaux,HOT-132
2025-02-05T23:56:23,213,Marseille,Marseille,HOT-219
2025-02-16T12:34:39,105,Marseille,Marseille,HOT-186
2025-05-27T05:19:20,50,Bordeaux,Bordeaux,HOT-159
2025-02-03T06:14:49,278,Nantes,Nantes,HOT-036
2025-01-02T18:41:05,40,Marseille,Marseille,HOT-063
2025-02-19T11:13:31,437,Paris,Paris,HOT-123
2025-05-06T08:12:11,34,Bordeaux,Bordeaux,HOT-092
2025-05-14T02:11:07,59,Strasbourg,Strasbourg,HOT-173
2025-05-02T09:35:09,63,Nantes,Nantes,HOT-274
2025-05-25T23:04:08,239,Nantes,Nantes,HOT-063
2025-01-02T00:07:21,247,Chamonix,Chamonix,HOT-143
2025-04-10T17:34:39,403,Lyon,Lyon,HOT-183
2025-04-17T15:18:13,404,Lyon,Lyon,HOT-181
2025-01-03T21:21:34,91,Lille,Lille,HOT-097
2024-12-20T10:26:14,280,Bordeaux,Bordeaux,HOT-010
2025-03-20T03:57:49,467,Chamonix,Chamonix,HOT-045
2025-03-26T12:44:36,33,Marseille,Marseille,HOT-075
2024-12-08T19:06:40,176,Marseille,Marseille,HOT-268
2025-04-04T15:54:35,418,Nantes,Nantes,HOT-100
2025-04-12T08:55:47,246,Toulouse,Toulouse,HOT-016
2025-01-08T00:27:16,175,Lille,Lille,HOT-222
2025-03-02T14:37:41,54,Nantes,Nantes,HOT-207
2025-02-13T08:16:10,109,Marseille,Marseille,HOT-098
2025-04-26T10:23:36,318,Strasbourg,Strasbourg,HOT-035
2025-01-17T12:31:35,382,Nice,Nice,HOT-254
2025-04-08T02:40:52,286,Strasbourg,Strasbourg,HOT-199
2025-05-01T10:48:05,165,Toulouse,Toulouse,HOT-102
2025-01-05T13:04:14,461,Paris,Paris,HOT-019
2025-06-03T18:38:00,232,Nice,Nice,HOT-002
2025-02-25T02:19:23,293,Toulouse,Toulouse,HOT-009
2025-04-05T18:44:18,341,Toulouse,Toulouse,HOT-174
2025-04-19T11:14:46,213,Paris,Paris,HOT-162
2025-03-03T01:16:27,442,Strasbourg,Strasbourg,HOT-044
2025-05-23T03:19:55,69,Lyon,Lyon,HOT-267
2025-01-18T08:02:58,288,Lyon,Lyon,HOT-070
2024-12-23T23:36:41,243,Strasbourg,Strasbourg,HOT-284
2025-05-30T06:02:31,283,Toulouse,Toulouse,HOT-062
2024-12-26T15:49:02,320,Paris,Paris,HOT-163
2025-01-03T08:07:28,126,Bordeaux,Bordeaux,HOT-275
2025-05-02T06:16:01,421,Lille,Lille,HOT-151
2024-12-31T01:34:13,20,Lyon,Lyon,HOT-029
2025-03-31T15:13:46,481,Bordeaux,Bordeaux,HOT-071
2025-04-27T21:42:19,357,Bordeaux,Bordeaux,HOT-195
2025-02-19T17:20:04,79,Bordeaux,Bordeaux,HOT-175
2025-02-13T09:53:27,436,Lille,Lille,HOT-039
2025-02-28T12:42:45,272,Toulouse,Toulouse,HOT-039
2025-02-06T05:18:33,256,Bordeaux,Bordeaux,HOT-154
2025-05-09T18:18:02,209,Paris,Paris,HOT-014
2025-01-03T07:16:19,146,Toulouse,Toulouse,HOT-095
2025-01-24T06:23:03,365,Lyon,Lyon,HOT-071
2025-01-29T22:22:44,477,Nantes,Nantes,HOT-052
2025-04-11T07:45:56,186,Lyon,Lyon,HOT-049
2024-12-23T12:14:36,136,Toulouse,Toulouse,HOT-163
2025-01-24T08:09:29,455,Lyon,Lyon,HOT-094
2025-03-24T14:37:52,296,Nice,Nice,HOT-299
2025-04-02T20:28:29,410,Lyon,Lyon,HOT-119
2025-04-02T15:51:19,26,Bordeaux,Bordeaux,HOT-160
2025-04-26T04:33:24,431,Nantes,Nantes,HOT-278
2025-04-04T03:12:18,468,Lyon,Lyon,HOT-282
2025-01-31T11:26:35,479,Chamonix,Chamonix,HOT-280
2025-05-07T09:52:40,153,Nantes,Nantes,HOT-153
2025-04-20T05:28:04,52,Lille,Lille,HOT-021
2024-12-12T08:37:36,160,Lille,Lille,HOT-048
2025-05-20T19:04:46,337,Toulouse,Toulouse,HOT-138
2025-05-20T15:14:54,380,Paris,Paris,HOT-071
2025-04-14T00:00:27,36,Lyon,Lyon,HOT-003
2025-05-26T05:15:59,55,Strasbourg,Strasbourg,HOT-022
2025-02-03T17:24:14,241,Toulouse,Toulouse,HOT-208
2025-01-16T01:03:45,278,Lyon,Lyon,HOT-136
2025-03-17T16:30:06,82,Chamonix,Chamonix,HOT-288
2025-04-04T00:06:01,459,Nice,Nice,HOT-042
2025-03-16T02:09:48,172,Marseille,Marseille,HOT-095
2025-01-12T18:46:21,333,Chamonix,Chamonix,HOT-054
2025-05-01T08:49:12,323,Paris,Paris,HOT-241
2025-02-21T05:18:29,112,Marseille,Marseille,HOT-087
2025-02-02T12:56:30,378,Nantes,Nantes,HOT-123
2025-04-11T14:59:07,209,Paris,Paris,HOT-268
2024-12-17T17:55:36,449,Bordeaux,Bordeaux,HOT-296
2025-05-08T08:23:46,407,Nice,Nice,HOT-253
2025-05-30T12:11:30,281,Nice,Nice,HOT-031
2025-05-10T06:53:23,221,Nice,Nice,HOT-199
2025-01-22T15:01:34,99,Nantes,Nantes,HOT-150
2025-03-13T05:57:36,177,Marseille,Marseille,HOT-208
2025-02-20T01:58:23,499,Chamonix,Chamonix,HOT-211
2024-12-29T01:02:22,467,Chamonix,Chamonix,HOT-148
2025-01-22T23:08:18,138,Nice,Nice,HOT-064
2025-03-14T03:50:22,362,Lille,Lille,HOT-131
2025-04-10T01:17:43,332,Chamonix,Chamonix,HOT-255
2025-04-01T11:31:46,1,Lyon,Lyon,HOT-208
2024-12-20T22:33:21,303,Nice,Nice,HOT-130
2025-03-19T17:36:34,354,Marseille,Marseille,HOT-296
2025-05-28T17:22:21,95,Chamonix,Chamonix,HOT-062
2024-12-09T11:51:08,496,Nice,Nice,HOT-068
2025-02-15T06:27:20,365,Paris,Paris,HOT-119
2025-06-06T12:01:09,128,Paris,Paris,HOT-037
2025-02-06T14:29:08,351,Lille,Lille,HOT-069
2025-01-01T18:42:03,495,Nice,Nice,HOT-142
2025-02-20T06:24:46,492,Lyon,Lyon,HOT-295
2025-05-23T07:18:00,2,Nice,Nice,HOT-057
2025-05-19T01:30:54,425,Paris,Paris,HOT-212
2025-03-27T12:27:38,55,Toulouse,Toulouse,HOT-106
2025-02-26T20:58:56,229,Marseille,Marseille,HOT-076
2025-02-16T02:33:41,371,Lyon,Lyon,HOT-189
2025-03-23T05:49:14,167,Lille,Lille,HOT-194
2025-04-18T18:21:24,338,Nantes,Nantes,HOT-141
2025-01-09T16:47:02,228,Nice,Nice,HOT-075
2025-05-04T06:10:35,106,Lille,Lille,HOT-181
2025-03-08T14:42:12,97,Nice,Nice,HOT-251
2025-05-05T17:47:12,251,Bordeaux,Bordeaux,HOT-224
2024-12-21T07:46:57,26,Bordeaux,Bordeaux,HOT-002
2024-12-10T09:23:39,222,Strasbourg,Strasbourg,HOT-082
2025-03-31T04:55:42,32,Paris,Paris,HOT-235
2024-12-20T06:20:26,269,Bordeaux,Bordeaux,HOT-105
2024-12-09T19:53:53,212,Lyon,Lyon,HOT-148
2025-01-27T01:29:17,73,Bordeaux,Bordeaux,HOT-144
2025-01-18T01:03:03,91,Lille,Lille,HOT-008
2024-12-14T21:13:21,243,Nantes,Nantes,HOT-034
2025-06-04T07:08:50,301,Strasbourg,Strasbourg,HOT-179
2024-12-18T21:25:17,156,Nice,Nice,HOT-231
2025-05-09T09:58:26,103,Bordeaux,Bordeaux,HOT-245
2025-02-22T10:18:50,494,Lille,Lille,HOT-139
2025-03-15T12:35:33,83,Strasbourg,Strasbourg,HOT-113
2025-01-31T18:44:45,225,Marseille,Marseille,HOT-009
2025-04-08T04:58:04,400,Nice,Nice,HOT-249
2025-04-24T12:42:29,197,Nice,Nice,HOT-283
2025-03-14T10:40:24,261,Marseille,Marseille,HOT-057
2025-05-05T02:36:28,138,Toulouse,Toulouse,HOT-268
2025-02-25T19:40:10,131,Lyon,Lyon,HOT-140
2025-02-27T09:37:11,442,Nantes,Nantes,HOT-159
2025-04-22T10:17:26,383,Lille,Lille,HOT-011
2025-02-23T06:21:53,33,Chamonix,Chamonix,HOT-055
2024-12-23T03:45:27,124,Bordeaux,Bordeaux,HOT-130
2025-04-10T12:44:10,415,Nice,Nice,HOT-285
2025-03-21T08:11:21,439,Chamonix,Chamonix,HOT-295
2025-03-21T13:16:18,410,Nantes,Nantes,HOT-094
2025-04-05T18:36:12,322,Strasbourg,Strasbourg,HOT-271
2025-01-05T19:09:30,2,Marseille,Marseille,HOT-011
2025-01-30T00:42:34,168,Nantes,Nantes,HOT-215
2024-12-23T09:12:24,291,Toulouse,Toulouse,HOT-001
2025-02-05T07:53:12,247,Nice,Nice,HOT-096
2024-12-22T11:52:59,56,Bordeaux,Bordeaux,HOT-218
2025-03-16T10:28:07,129,Bordeaux,Bordeaux,HOT-103
2025-06-03T23:26:13,322,Lille,Lille,HOT-290
2025-01-15T14:35:06,289,Toulouse,Toulouse,HOT-050
2025-05-13T01:26:56,195,Strasbourg,Strasbourg,HOT-101
2025-01-06T07:43:33,456,Nice,Nice,HOT-167
2025-03-21T07:22:31,24,Toulouse,Toulouse,HOT-183
2025-02-08T14:22:58,242,Nice,Nice,HOT-273
2025-02-21T00:33:24,171,Strasbourg,Strasbourg,HOT-117
2025-03-31T00:36:40,221,Nantes,Nantes,HOT-009
2025-04-09T07:38:29,354,Lyon,Lyon,HOT-053
2025-05-04T08:29:54,290,Marseille,Marseille,HOT-119
2025-05-18T04:47:28,211,Paris,Paris,HOT-105
2025-04-12T08:05:16,240,Lille,Lille,HOT-274
2025-04-18T09:33:56,379,Lyon,Lyon,HOT-053
2025-04-11T00:56:01,349,Nantes,Nantes,HOT-226
2024-12-19T23:44:05,368,Marseille,Marseille,HOT-114
2025-02-05T09:06:38,378,Nice,Nice,HOT-112
2025-04-21T19:40:54,190,Lyon,Lyon,HOT-019
2025-03-02T02:26:55,132,Paris,Paris,HOT-210
2025-04-27T21:28:07,62,Bordeaux,Bordeaux,HOT-231
2025-05-20T12:26:36,458,Nice,Nice,HOT-048
2025-01-22T11:44:49,175,Nice,Nice,HOT-061
2024-12-18T09:28:38,48,Bordeaux,Bordeaux,HOT-275
2025-01-23T14:58:27,383,Nice,Nice,HOT-023
2024-12-23T21:23:48,244,Bordeaux,Bordeaux,HOT-278
2025-06-04T16:41:37,86,Paris,Paris,HOT-251
2025-03-01T12:27:23,419,Nice,Nice,HOT-211
2024-12-29T16:09:09,455,Toulouse,Toulouse,HOT-052
2025-03-05T04:28:55,46,Nantes,Nantes,HOT-299
2025-04-05T01:07:33,118,Chamonix,Chamonix,HOT-143
2025-04-04T08:58:50,1,Lille,Lille,HOT-179
2024-12-17T20:04:05,479,Toulouse,Toulouse,HOT-232
2025-02-05T05:00:44,285,Marseille,Marseille,HOT-014
2025-04-15T11:46:18,379,Lyon,Lyon,HOT-293
2025-04-30T04:09:30,11,Bordeaux,Bordeaux,HOT-099
2025-04-13T22:21:44,89,Marseille,Marseille,HOT-120
2025-04-29T23:20:00,378,Paris,Paris,HOT-092
2025-01-10T06:11:07,101,Nice,Nice,HOT-102
2024-12-30T08:15:39,68,Bordeaux,Bordeaux,HOT-236
2024-12-09T14:38:20,32,Strasbourg,Strasbourg,HOT-116
2025-04-23T14:40:19,317,Marseille,Marseille,HOT-017
2025-01-02T19:04:09,61,Nice,Nice,HOT-188
2025-04-22T08:50:28,322,Bordeaux,Bordeaux,HOT-222
2024-12-09T08:30:49,79,Lyon,Lyon,HOT-082
2025-01-07T23:07:53,243,Lille,Lille,HOT-004
2025-03-13T13:04:04,88,Toulouse,Toulouse,HOT-018
2025-02-12T11:22:44,273,Marseille,Marseille,HOT-216
2025-03-18T16:59:51,56,Lyon,Lyon,HOT-081
2025-03-17T14:02:57,109,Lyon,Lyon,HOT-079
2025-05-08T04:36:01,213,Lyon,Lyon,HOT-223
2025-05-15T20:46:33,118,Marseille,Marseille,HOT-137
2025-04-26T02:37:36,366,Nantes,Nantes,HOT-285
2025-01-26T11:47:40,453,Nantes,Nantes,HOT-169
2025-01-08T13:43:11,454,Strasbourg,Strasbourg,HOT-081
2025-02-17T08:39:11,425,Chamonix,Chamonix,HOT-273
2024-12-31T19:09:20,339,Chamonix,Chamonix,HOT-111
2025-05-01T17:49:38,489,Strasbourg,Strasbourg,HOT-218
2025-05-07T19:55:03,89,Chamonix,Chamonix,HOT-228
2025-05-25T18:14:06,143,Toulouse,Toulouse,HOT-134
2025-01-28T08:08:57,311,Nice,Nice,HOT-011
2025-04-28T11:20:40,101,Lille,Lille,HOT-152
2025-05-28T06:36:29,193,Nantes,Nantes,HOT-239
2024-12-30T01:48:01,475,Lyon,Lyon,HOT-298
2025-05-05T22:44:30,60,Marseille,Marseille,HOT-028
2025-05-30T21:26:31,118,Nantes,Nantes,HOT-058
2024-12-12T20:25:34,287,Strasbourg,Strasbourg,HOT-203
2025-02-10T04:52:50,466,Chamonix,Chamonix,HOT-070
2025-05-12T21:00:40,28,Nantes,Nantes,HOT-093
2025-02-28T12:24:49,276,Nice,Nice,HOT-065
2025-01-28T23:08:15,124,Paris,Paris,HOT-261
2025-03-18T20:57:13,440,Chamonix,Chamonix,HOT-279
2024-12-19T13:16:52,453,Lyon,Lyon,HOT-124
2025-01-27T05:03:01,276,Nantes,Nantes,HOT-043
2025-04-24T11:16:58,174,Nantes,Nantes,HOT-276
2025-03-29T03:00:27,48,Bordeaux,Bordeaux,HOT-134
2025-04-08T00:07:51,171,Nantes,Nantes,HOT-070
2024-12-22T02:47:18,424,Marseille,Marseille,HOT-023
2025-03-13T11:49:52,219,Strasbourg,Strasbourg,HOT-106
2025-03-05T12:59:29,72,Nice,Nice,HOT-046
2025-03-16T08:01:55,266,Marseille,Marseille,HOT-227
2025-02-15T01:54:54,37,Lille,Lille,HOT-280
2024-12-17T21:58:51,42,Toulouse,Toulouse,HOT-236
2025-03-14T03:58:02,85,Bordeaux,Bordeaux,HOT-173
2025-05-23T00:31:22,16,Paris,Paris,HOT-006
2025-03-27T05:29:49,400,Paris,Paris,HOT-013
2025-01-08T13:20:23,442,Paris,Paris,HOT-043
2025-02-16T13:09:55,166,Marseille,Marseille,HOT-042
2025-01-06T16:44:01,43,Nice,Nice,HOT-247
2025-01-25T16:32:35,488,Lyon,Lyon,HOT-225
2025-05-06T07:35:24,402,Nantes,Nantes,HOT-191
2024-12-27T03:11:15,30,Chamonix,Chamonix,HOT-014
2025-05-29T19:12:32,369,Marseille,Marseille,HOT-181
2025-03-28T14:14:28,161,Lille,Lille,HOT-059
2025-04-17T01:14:42,407,Nantes,Nantes,HOT-149
2025-04-26T12:00:26,386,Bordeaux,Bordeaux,HOT-134
2024-12-29T13:06:34,82,Lyon,Lyon,HOT-280
2025-01-20T12:03:28,417,Marseille,Marseille,HOT-296
2025-04-29T23:54:03,277,Strasbourg,Strasbourg,HOT-148
2025-03-15T22:54:43,252,Nantes,Nantes,HOT-040
2024-12-07T15:35:10,78,Marseille,Marseille,HOT-148
2024-12-15T16:50:51,257,Chamonix,Chamonix,HOT-022
2025-05-22T21:23:48,161,Lille,Lille,HOT-241
2025-05-23T17:09:15,21,Nantes,Nantes,HOT-223
2024-12-09T12:52:57,240,Paris,Paris,HOT-023
2025-01-23T15:18:30,307,Paris,Paris,HOT-002
2024-12-16T01:54:20,339,Bordeaux,Bordeaux,HOT-126
2025-03-08T18:11:54,194,Toulouse,Toulouse,HOT-175
2025-02-15T19:52:10,46,Toulouse,Toulouse,HOT-265
2025-02-19T12:25:47,141,Nantes,Nantes,HOT-077
2025-06-03T20:10:57,208,Lille,Lille,HOT-289
2025-01-05T07:03:40,63,Nice,Nice,HOT-212
2025-01-10T21:38:04,77,Bordeaux,Bordeaux,HOT-262
2025-06-05T23:08:11,117,Toulouse,Toulouse,HOT-190
2025-05-22T15:47:12,339,Paris,Paris,HOT-188
2024-12-14T00:25:20,159,Marseille,Marseille,HOT-296
2025-03-24T12:09:09,193,Paris,Paris,HOT-283
2025-05-12T02:24:19,366,Paris,Paris,HOT-241
2025-06-02T14:55:15,28,Lille,Lille,HOT-107
2025-04-24T19:11:39,124,Lille,Lille,HOT-286
2025-04-29T23:22:08,236,Chamonix,Chamonix,HOT-182
2025-04-13T11:24:53,403,Paris,Paris,HOT-270
2025-02-26T14:01:07,95,Marseille,Marseille,HOT-034
2025-01-19T17:55:59,32,Bordeaux,Bordeaux,HOT-025
2025-02-07T15:19:19,476,Lyon,Lyon,HOT-201
2025-01-24T08:36:23,130,Nantes,Nantes,HOT-064
2025-02-25T23:30:44,456,Nantes,Nantes,HOT-271
2025-06-02T23:48:31,379,Paris,Paris,HOT-134
2025-04-26T00:24:04,321,Bordeaux,Bordeaux,HOT-091
2025-02-07T06:37:18,281,Strasbourg,Strasbourg,HOT-256
2025-01-28T19:46:11,451,Nice,Nice,HOT-265
2025-05-16T13:02:28,100,Lille,Lille,HOT-097
2024-12-22T06:35:46,271,Lyon,Lyon,HOT-205
2025-03-28T03:10:00,138,Nice,Nice,HOT-080
2025-02-17T13:01:41,345,Lyon,Lyon,HOT-073
2024-12-30T08:03:53,357,Lille,Lille,HOT-152
2025-03-14T15:17:47,372,Marseille,Marseille,HOT-268
2025-04-16T21:32:28,293,Bordeaux,Bordeaux,HOT-209
2025-05-31T06:57:57,153,Marseille,Marseille,HOT-011
2024-12-17T09:05:10,125,Lille,Lille,HOT-067
2025-01-10T23:25:16,189,Nantes,Nantes,HOT-221
2025-01-19T11:44:01,110,Lyon,Lyon,HOT-159
2025-05-12T08:06:10,492,Bordeaux,Bordeaux,HOT-043
2025-03-17T07:17:51,237,Paris,Paris,HOT-200
2024-12-16T01:39:31,150,Lille,Lille,HOT-081
2025-02-23T00:03:40,182,Toulouse,Toulouse,HOT-149
2024-12-20T12:50:11,444,Paris,Paris,HOT-096
2025-05-26T10:41:29,207,Nice,Nice,HOT-189
2025-03-07T11:06:43,175,Nantes,Nantes,HOT-096
2025-05-24T07:37:07,151,Nice,Nice,HOT-012
2025-01-30T23:15:41,343,Lyon,Lyon,HOT-241
2025-05-06T08:30:55,194,Bordeaux,Bordeaux,HOT-211
2025-05-20T04:53:10,406,Bordeaux,Bordeaux,HOT-149
2025-02-05T11:34:21,263,Chamonix,Chamonix,HOT-272
2025-02-08T16:56:56,259,Paris,Paris,HOT-116
2024-12-23T22:12:06,375,Lyon,Lyon,HOT-189
2025-03-24T13:12:31,124,Nantes,Nantes,HOT-257
2025-03-05T20:12:27,266,Marseille,Marseille,HOT-142
2024-12-08T16:45:18,170,Marseille,Marseille,HOT-239
2025-02-16T18:54:17,313,Paris,Paris,HOT-175
2025-01-15T02:48:41,20,Bordeaux,Bordeaux,HOT-030
2025-02-01T18:32:51,437,Bordeaux,Bordeaux,HOT-123
2025-03-26T15:08:45,105,Nice,Nice,HOT-107
2025-05-08T11:41:05,497,Toulouse,Toulouse,HOT-100
2025-02-04T03:56:10,425,Nantes,Nantes,HOT-132
2025-04-29T18:17:24,301,Toulouse,Toulouse,HOT-063
2025-04-07T01:41:24,203,Nice,Nice,HOT-073
2025-01-23T06:08:22,413,Lyon,Lyon,HOT-047
2025-03-07T05:40:16,49,Chamonix,Chamonix,HOT-233
2025-02-16T15:53:44,270,Strasbourg,Strasbourg,HOT-064
2025-04-01T01:05:44,279,Paris,Paris,HOT-102
2025-03-12T22:50:36,124,Chamonix,Chamonix,HOT-047
2025-05-06T04:15:17,324,Nice,Nice,HOT-253
2025-05-06T19:30:24,111,Marseille,Marseille,HOT-208
2025-01-14T02:21:02,330,Toulouse,Toulouse,HOT-116
2025-04-28T09:08:33,21,Lille,Lille,HOT-018
2025-05-30T23:59:09,371,Lyon,Lyon,HOT-043
2025-03-23T06:46:00,471,Chamonix,Chamonix,HOT-259
2025-05-03T19:43:12,255,Toulouse,Toulouse,HOT-200
2025-05-10T17:07:18,49,Strasbourg,Strasbourg,HOT-257
2025-01-23T17:59:24,440,Lille,Lille,HOT-283
2025-01-05T09:18:22,369,Nantes,Nantes,HOT-005
2024-12-08T09:20:21,6,Marseille,Marseille,HOT-107
2025-06-06T04:54:12,421,Paris,Paris,HOT-016
2025-02-24T18:31:22,301,Lyon,Lyon,HOT-172
2024-12-11T19:02:45,399,Lille,Lille,HOT-058
2025-01-21T09:27:51,282,Marseille,Marseille,HOT-269
2025-03-22T07:23:58,474,Paris,Paris,HOT-126
2025-02-12T10:04:03,353,Lille,Lille,HOT-171
2025-04-09T15:19:11,242,Strasbourg,Strasbourg,HOT-136
2025-05-19T04:18:52,374,Bordeaux,Bordeaux,HOT-062
2025-04-20T19:22:39,492,Lille,Lille,HOT-002
2025-05-26T11:39:28,452,Chamonix,Chamonix,HOT-110
2024-12-09T00:19:52,201,Toulouse,Toulouse,HOT-178
2025-02-10T04:54:36,69,Paris,Paris,HOT-040
2024-12-07T10:25:46,160,Chamonix,Chamonix,HOT-037
2025-05-03T12:28:56,414,Lyon,Lyon,HOT-270
2025-04-13T18:52:26,328,Chamonix,Chamonix,HOT-147
2025-02-18T05:11:02,56,Nantes,Nantes,HOT-150
2025-05-21T00:16:14,116,Nice,Nice,HOT-204
2025-04-29T11:19:50,272,Strasbourg,Strasbourg,HOT-176
2025-04-27T08:41:01,430,Paris,Paris,HOT-072
2025-02-04T20:43:10,388,Lille,Lille,HOT-100
2024-12-27T08:03:13,88,Marseille,Marseille,HOT-111
2025-01-15T23:53:28,311,Chamonix,Chamonix,HOT-259
2025-03-20T00:43:50,76,Lyon,Lyon,HOT-123
2025-01-22T09:33:27,232,Bordeaux,Bordeaux,HOT-172
2025-02-26T16:05:59,173,Lille,Lille,HOT-040
2025-03-12T16:38:12,48,Bordeaux,Bordeaux,HOT-019
2024-12-18T18:44:50,357,Bordeaux,Bordeaux,HOT-067
2025-01-03T19:07:28,267,Nantes,Nantes,HOT-209
2025-04-24T08:09:25,482,Paris,Paris,HOT-188
2025-01-30T11:41:47,323,Paris,Paris,HOT-173
2024-12-25T05:09:06,122,Strasbourg,Strasbourg,HOT-203
2024-12-15T16:12:22,220,Lille,Lille,HOT-024
2025-06-04T01:03:57,266,Lyon,Lyon,HOT-060
2025-01-21T02:21:23,383,Marseille,Marseille,HOT-219
2025-05-30T09:16:43,400,Paris,Paris,HOT-022
2025-05-20T07:57:05,484,Nice,Nice,HOT-029
2025-03-18T01:52:10,267,Nice,Nice,HOT-185
2025-02-25T08:36:01,200,Lille,Lille,HOT-046
2025-04-22T05:47:57,419,Paris,Paris,HOT-198
2025-05-30T01:18:42,79,Strasbourg,Strasbourg,HOT-038
2025-02-17T11:33:16,165,Nice,Nice,HOT-052
2025-03-06T04:11:07,488,Marseille,Marseille,HOT-112
2025-05-01T09:04:47,131,Toulouse,Toulouse,HOT-183
2024-12-23T15:17:24,27,Lille,Lille,HOT-261
2025-03-29T22:12:12,282,Marseille,Marseille,HOT-224
2024-12-25T17:02:14,293,Lyon,Lyon,HOT-249
2025-03-15T07:04:48,321,Strasbourg,Strasbourg,HOT-218
2025-01-02T01:50:08,391,Nantes,Nantes,HOT-074
2025-04-09T21:15:23,319,Nice,Nice,HOT-269
2025-05-15T08:55:12,426,Bordeaux,Bordeaux,HOT-149
2025-02-21T17:25:34,384,Paris,Paris,HOT-060
2024-12-21T16:21:05,124,Bordeaux,Bordeaux,HOT-284
2025-04-01T02:03:01,3,Nantes,Nantes,HOT-230
2025-03-27T09:51:09,400,Nice,Nice,HOT-176
2024-12-19T05:52:31,153,Nice,Nice,HOT-245
2025-03-01T14:46:59,442,Nantes,Nantes,HOT-271
2025-04-14T18:49:42,70,Lille,Lille,HOT-024
2025-01-01T12:45:39,109,Nice,Nice,HOT-192
2025-01-22T03:03:08,315,Lyon,Lyon,HOT-028
2025-02-01T18:55:29,53,Toulouse,Toulouse,HOT-232
2025-01-26T19:55:19,354,Paris,Paris,HOT-025
2025-05-21T09:09:41,260,Toulouse,Toulouse,HOT-290
2025-02-06T07:39:50,298,Lyon,Lyon,HOT-149
2025-06-04T23:17:03,147,Chamonix,Chamonix,HOT-094
2025-05-11T15:41:34,479,Paris,Paris,HOT-232
2025-02-21T10:54:29,131,Chamonix,Chamonix,HOT-085
2025-04-22T05:14:02,207,Chamonix,Chamonix,HOT-294
2025-05-17T16:33:01,320,Lille,Lille,HOT-294
2025-04-28T22:36:31,414,Lille,Lille,HOT-152
2025-02-08T12:03:31,426,Nantes,Nantes,HOT-234
2025-02-06T21:52:21,46,Nantes,Nantes,HOT-152
2025-03-05T01:37:14,75,Nantes,Nantes,HOT-188
2025-01-28T23:01:20,297,Lille,Lille,HOT-292
2025-01-21T12:19:24,128,Marseille,Marseille,HOT-170
2024-12-21T15:41:05,290,Lyon,Lyon,HOT-151
2025-01-15T12:19:31,11,Nantes,Nantes,HOT-159
2025-01-02T13:56:35,292,Chamonix,Chamonix,HOT-100
2025-05-07T14:23:09,489,Marseille,Marseille,HOT-098
2025-05-05T16:45:34,56,Marseille,Marseille,HOT-115
2025-03-30T16:33:11,151,Marseille,Marseille,HOT-221
2024-12-28T07:27:58,207,Chamonix,Chamonix,HOT-287
2025-01-06T07:52:54,492,Paris,Paris,HOT-209
2024-12-27T16:01:00,319,Paris,Paris,HOT-286
2025-01-08T01:39:32,243,Marseille,Marseille,HOT-204
2025-03-04T10:44:56,328,Lyon,Lyon,HOT-235
2025-03-07T15:35:25,392,Lille,Lille,HOT-016
2025-02-06T03:07:02,329,Strasbourg,Strasbourg,HOT-090
2025-02-24T02:06:06,384,Nice,Nice,HOT-159
2024-12-30T14:17:24,288,Nice,Nice,HOT-267
2025-03-21T05:12:19,311,Nice,Nice,HOT-167
2025-02-14T17:21:23,344,Chamonix,Chamonix,HOT-186
2025-05-05T17:38:44,333,Nice,Nice,HOT-267
2025-01-16T11:16:15,71,Nantes,Nantes,HOT-009
2025-03-04T21:42:08,429,Bordeaux,Bordeaux,HOT-002
2025-02-05T00:26:03,460,Toulouse,Toulouse,HOT-209
2025-03-07T02:58:03,455,Lyon,Lyon,HOT-073
2025-01-27T14:38:33,462,Chamonix,Chamonix,HOT-223
2025-05-21T16:28:15,175,Paris,Paris,HOT-282
2024-12-30T10:27:13,412,Marseille,Marseille,HOT-208
2024-12-24T17:00:28,303,Toulouse,Toulouse,HOT-279
2025-01-06T18:09:25,347,Marseille,Marseille,HOT-223
2025-05-12T23:17:25,339,Bordeaux,Bordeaux,HOT-048
2025-04-19T08:51:48,402,Nantes,Nantes,HOT-196
2025-02-04T05:21:38,294,Lille,Lille,HOT-177
2025-05-16T14:51:25,209,Lyon,Lyon,HOT-111
2025-04-22T23:46:42,8,Nantes,Nantes,HOT-247
2025-04-21T11:18:10,415,Lille,Lille,HOT-051
2025-04-03T07:12:34,345,Marseille,Marseille,HOT-098
2024-12-14T23:33:59,414,Nantes,Nantes,HOT-161
2025-01-17T21:41:08,293,Toulouse,Toulouse,HOT-062
2025-05-18T11:18:28,129,Nice,Nice,HOT-137
2025-05-22T11:32:12,205,Nantes,Nantes,HOT-077
2025-02-08T19:14:43,124,Chamonix,Chamonix,HOT-160
2025-01-04T22:51:18,436,Nantes,Nantes,HOT-140
2024-12-24T20:41:56,321,Paris,Paris,HOT-016
2025-04-24T05:50:59,427,Marseille,Marseille,HOT-245
2025-01-24T08:23:58,386,Nice,Nice,HOT-001
2025-02-14T05:29:51,4,Nantes,Nantes,HOT-223
2025-02-22T02:14:56,308,Lille,Lille,HOT-200
2025-03-16T20:30:41,33,Paris,Paris,HOT-060
2024-12-16T15:44:33,427,Lille,Lille,HOT-258
2025-04-17T15:31:09,104,Lyon,Lyon,HOT-042
2025-02-03T04:18:53,343,Nice,Nice,HOT-172
2025-01-26T16:04:52,422,Paris,Paris,HOT-025
2025-05-15T09:30:38,485,Lyon,Lyon,HOT-193
2025-01-09T21:53:54,271,Paris,Paris,HOT-143
2024-12-13T04:28:08,42,Bordeaux,Bordeaux,HOT-038
2025-02-23T16:13:13,440,Toulouse,Toulouse,HOT-028
2025-05-22T02:20:48,233,Lille,Lille,HOT-091
2025-03-04T23:01:34,442,Nantes,Nantes,HOT-101
2025-03-25T02:32:54,447,Chamonix,Chamonix,HOT-227
2025-05-01T09:54:51,329,Lille,Lille,HOT-074
2025-03-23T23:21:55,26,Toulouse,Toulouse,HOT-113
2025-01-24T16:00:49,327,Bordeaux,Bordeaux,HOT-139
2024-12-25T13:04:04,9,Strasbourg,Strasbourg,HOT-226
2025-03-06T20:53:37,227,Chamonix,Chamonix,HOT-145
2024-12-26T22:32:19,201,Marseille,Marseille,HOT-030
2025-05-12T06:02:47,366,Strasbourg,Strasbourg,HOT-072
2025-05-10T07:02:15,372,Lille,Lille,HOT-211
2025-01-03T07:05:56,344,Marseille,Marseille,HOT-071
2024-12-30T17:37:45,177,Paris,Paris,HOT-285
2024-12-09T11:20:21,409,Lyon,Lyon,HOT-252
2024-12-19T03:00:55,372,Strasbourg,Strasbourg,HOT-197
2025-05-17T09:25:53,473,Paris,Paris,HOT-083
2025-05-07T19:09:12,290,Chamonix,Chamonix,HOT-035
2025-01-19T07:33:14,394,Bordeaux,Bordeaux,HOT-012
2025-01-01T12:47:35,204,Nantes,Nantes,HOT-274
2025-01-14T14:58:58,135,Lyon,Lyon,HOT-100
2025-05-16T02:12:44,102,Nice,Nice,HOT-233
2025-02-22T22:27:45,119,Lyon,Lyon,HOT-068
2025-02-17T10:22:44,489,Toulouse,Toulouse,HOT-184
2025-04-19T09:56:14,367,Marseille,Marseille,HOT-104
2025-04-08T13:00:56,177,Lille,Lille,HOT-056
2025-06-07T05:01:54,240,Nantes,Nantes,HOT-041
2025-04-11T08:03:57,238,Paris,Paris,HOT-105
2024-12-23T11:16:05,435,Marseille,Marseille,HOT-053
2025-03-30T05:26:30,41,Chamonix,Chamonix,HOT-084
2025-03-30T23:07:38,1,Lille,Lille,HOT-058
2025-01-26T09:48:27,113,Lille,Lille,HOT-122
2025-06-03T07:08:35,423,Nantes,Nantes,HOT-163
2025-05-13T23:17:31,68,Strasbourg,Strasbourg,HOT-254
2024-12-21T17:04:54,280,Chamonix,Chamonix,HOT-177
2024-12-11T09:12:44,193,Lyon,Lyon,HOT-098
2024-12-19T16:04:39,112,Strasbourg,Strasbourg,HOT-039
2025-01-14T13:11:58,457,Nantes,Nantes,HOT-152
2025-05-31T09:33:09,158,Bordeaux,Bordeaux,HOT-026
2025-04-11T14:07:59,372,Marseille,Marseille,HOT-297
2025-03-03T06:09:21,166,Paris,Paris,HOT-073
2025-05-13T07:13:16,443,Lille,Lille,HOT-151
2025-01-01T03:49:41,262,Paris,Paris,HOT-049
2024-12-25T00:16:03,221,Bordeaux,Bordeaux,HOT-146
2025-05-31T21:35:06,28,Nice,Nice,HOT-232
2025-05-20T16:12:20,105,Bordeaux,Bordeaux,HOT-053
2025-05-17T04:41:45,204,Strasbourg,Strasbourg,HOT-274
2025-05-13T05:18:13,56,Marseille,Marseille,HOT-238
2025-02-09T12:45:02,380,Strasbourg,Strasbourg,HOT-263
2024-12-30T22:38:11,88,Marseille,Marseille,HOT-039
2024-12-15T10:35:43,8,Marseille,Marseille,HOT-048
2025-03-06T16:00:29,450,Strasbourg,Strasbourg,HOT-275
2024-12-16T23:36:17,424,Marseille,Marseille,HOT-053
2025-01-08T18:30:09,322,Nice,Nice,HOT-134
2025-06-04T14:22:55,266,Lille,Lille,HOT-088
2025-03-28T14:06:37,294,Nantes,Nantes,HOT-175
2025-03-01T06:16:16,377,Strasbourg,Strasbourg,HOT-225
2025-05-15T16:56:51,120,Lille,Lille,HOT-119
2025-04-26T19:42:30,448,Nantes,Nantes,HOT-125
2025-02-21T20:26:36,449,Lyon,Lyon,HOT-264
2025-03-13T11:43:57,91,Nantes,Nantes,HOT-164
2024-12-12T21:00:48,210,Paris,Paris,HOT-174
2025-02-19T11:15:52,118,Chamonix,Chamonix,HOT-231
2025-04-18T19:37:08,492,Paris,Paris,HOT-253
2025-02-28T00:00:52,403,Chamonix,Chamonix,HOT-279
2025-01-09T16:57:21,369,Lille,Lille,HOT-207
2025-02-13T21:06:40,349,Lyon,Lyon,HOT-233
2025-01-17T20:15:56,245,Paris,Paris,HOT-207
2025-06-01T12:37:14,441,Strasbourg,Strasbourg,HOT-121
2025-01-12T11:48:12,461,Lille,Lille,HOT-266
2025-01-29T13:07:26,400,Marseille,Marseille,HOT-008
2025-01-30T11:49:58,187,Paris,Paris,HOT-193
2025-03-03T18:10:48,277,Marseille,Marseille,HOT-044
2025-05-27T16:40:09,338,Marseille,Marseille,HOT-093
2025-01-05T00:17:19,115,Toulouse,Toulouse,HOT-168
2024-12-13T21:05:39,346,Marseille,Marseille,HOT-045
2025-04-05T09:33:36,202,Toulouse,Toulouse,HOT-008
2025-04-06T09:11:16,398,Toulouse,Toulouse,HOT-277
2025-04-05T22:56:17,230,Lyon,Lyon,HOT-136
2025-01-23T21:03:22,208,Chamonix,Chamonix,HOT-077
2025-04-11T20:09:07,376,Lyon,Lyon,HOT-268
2025-02-02T10:54:21,334,Marseille,Marseille,HOT-038
2025-03-14T00:37:10,293,Marseille,Marseille,HOT-168
2025-02-25T03:38:20,291,Lille,Lille,HOT-234
2025-05-27T13:39:44,387,Chamonix,Chamonix,HOT-021
2025-03-24T02:00:40,286,Chamonix,Chamonix,HOT-274
2025-03-10T04:03:43,396,Bordeaux,Bordeaux,HOT-121
2024-12-18T23:47:57,221,Chamonix,Chamonix,HOT-278
2024-12-24T04:25:41,148,Nantes,Nantes,HOT-009
2025-01-30T11:28:00,488,Marseille,Marseille,HOT-065
2025-02-19T12:35:48,457,Paris,Paris,HOT-170
2025-01-02T19:10:56,409,Paris,Paris,HOT-118
2025-02-26T13:23:31,340,Nantes,Nantes,HOT-222
2025-01-14T21:09:24,369,Chamonix,Chamonix,HOT-129
2025-04-10T22:35:38,260,Bordeaux,Bordeaux,HOT-067
2025-05-27T22:23:44,153,Chamonix,Chamonix,HOT-173
2025-05-10T22:49:40,434,Chamonix,Chamonix,HOT-263
2025-03-19T06:05:14,284,Lyon,Lyon,HOT-044
2025-01-24T12:43:43,146,Toulouse,Toulouse,HOT-232
2025-04-08T15:08:40,321,Nantes,Nantes,HOT-260
2025-05-11T21:59:25,235,Paris,Paris,HOT-226
2025-03-22T17:14:23,47,Toulouse,Toulouse,HOT-092
2025-05-10T11:52:05,121,Nantes,Nantes,HOT-206
2024-12-10T22:37:56,230,Lille,Lille,HOT-245
2025-02-19T10:11:10,101,Nantes,Nantes,HOT-096
2025-05-07T23:36:27,14,Chamonix,Chamonix,HOT-232
2025-04-24T16:09:51,141,Lille,Lille,HOT-040
2025-02-14T21:11:59,494,Chamonix,Chamonix,HOT-033
2025-03-10T07:06:27,369,Strasbourg,Strasbourg,HOT-254
2025-03-22T21:15:10,313,Nantes,Nantes,HOT-253
2025-05-07T21:22:03,197,Nantes,Nantes,HOT-077
2025-03-11T06:23:10,439,Chamonix,Chamonix,HOT-295
2025-02-11T22:55:52,469,Lille,Lille,HOT-259
2025-06-02T08:59:57,255,Marseille,Marseille,HOT-067
2025-03-26T23:44:28,164,Nantes,Nantes,HOT-296
2025-03-14T16:56:18,101,Strasbourg,Strasbourg,HOT-020
2025-02-07T14:24:04,405,Nantes,Nantes,HOT-163
2025-02-20T13:36:14,349,Nantes,Nantes,HOT-001
2025-01-28T15:56:15,205,Marseille,Marseille,HOT-122
2025-01-11T01:37:07,189,Paris,Paris,HOT-138
2024-12-12T05:04:42,453,Paris,Paris,HOT-185
2025-02-07T01:41:35,387,Lille,Lille,HOT-196
2025-04-02T02:22:48,373,Chamonix,Chamonix,HOT-170
2025-01-18T16:19:27,352,Strasbourg,Strasbourg,HOT-292
2024-12-12T20:10:48,20,Paris,Paris,HOT-064
2025-05-30T02:10:57,86,Bordeaux,Bordeaux,HOT-278
2025-05-13T13:42:08,91,Toulouse,Toulouse,HOT-192
2025-05-07T07:52:02,138,Bordeaux,Bordeaux,HOT-094
2025-01-30T16:51:26,479,Nantes,Nantes,HOT-202
2024-12-18T12:40:15,236,Chamonix,Chamonix,HOT-202
2025-05-13T04:12:58,101,Marseille,Marseille,HOT-181
2025-03-08T17:49:28,424,Chamonix,Chamonix,HOT-151
2025-03-19T22:56:57,96,Nice,Nice,HOT-069
2025-02-14T13:22:26,350,Nantes,Nantes,HOT-295
2025-05-05T01:21:34,434,Bordeaux,Bordeaux,HOT-201
2025-03-30T13:12:06,426,Nice,Nice,HOT-100
2025-01-21T08:21:58,280,Chamonix,Chamonix,HOT-053
2025-01-07T03:31:17,175,Lille,Lille,HOT-085
2024-12-26T14:16:33,134,Lyon,Lyon,HOT-168
2025-01-24T06:42:49,96,Nantes,Nantes,HOT-173
2025-04-13T16:49:34,370,Strasbourg,Strasbourg,HOT-092
2025-01-22T23:28:10,468,Toulouse,Toulouse,HOT-200
2025-01-27T21:43:19,86,Chamonix,Chamonix,HOT-088
2025-03-20T18:47:23,207,Chamonix,Chamonix,HOT-114
2025-05-14T15:46:50,445,Nice,Nice,HOT-176
2025-05-09T19:02:55,272,Chamonix,Chamonix,HOT-190
2025-06-03T06:21:18,53,Nice,Nice,HOT-259
2025-04-29T06:33:55,55,Nantes,Nantes,HOT-201
2024-12-18T00:10:09,190,Toulouse,Toulouse,HOT-014
2025-05-04T12:20:45,488,Strasbourg,Strasbourg,HOT-266
2025-01-18T18:08:53,135,Lille,Lille,HOT-287
2025-03-28T22:32:08,167,Paris,Paris,HOT-165
2025-05-20T12:36:56,388,Strasbourg,Strasbourg,HOT-148
2025-05-10T23:43:33,423,Bordeaux,Bordeaux,HOT-115
2025-02-20T13:47:46,4,Nice,Nice,HOT-157
2025-02-14T01:07:31,322,Chamonix,Chamonix,HOT-062
2025-06-06T17:59:31,450,Nantes,Nantes,HOT-296
2025-05-19T02:40:30,39,Lyon,Lyon,HOT-247
2025-05-20T06:37:51,307,Strasbourg,Strasbourg,HOT-085
2025-01-09T21:10:22,25,Nice,Nice,HOT-268
2025-01-10T08:18:11,427,Toulouse,Toulouse,HOT-298
2025-01-22T02:01:27,121,Bordeaux,Bordeaux,HOT-020
2025-04-01T04:57:25,45,Toulouse,Toulouse,HOT-108
2025-02-06T21:37:25,202,Bordeaux,Bordeaux,HOT-046
2025-05-12T16:49:41,167,Bordeaux,Bordeaux,HOT-233
2025-04-29T11:26:06,56,Toulouse,Toulouse,HOT-168
2025-04-21T14:47:29,104,Lyon,Lyon,HOT-111
2025-02-14T19:40:00,374,Marseille,Marseille,HOT-188
2025-06-02T15:04:17,318,Nice,Nice,HOT-215
2025-04-01T00:29:49,244,Nantes,Nantes,HOT-050
2024-12-12T15:04:05,122,Lille,Lille,HOT-230
2025-04-22T17:56:38,436,Toulouse,Toulouse,HOT-024
2025-04-22T04:27:57,9,Chamonix,Chamonix,HOT-137
2025-02-13T10:34:25,488,Marseille,Marseille,HOT-056
2025-03-27T09:03:47,146,Lyon,Lyon,HOT-019
2025-03-26T14:12:45,398,Toulouse,Toulouse,HOT-091
2025-01-03T17:51:38,234,Lille,Lille,HOT-271
2025-03-26T11:53:37,486,Lyon,Lyon,HOT-269
2025-01-12T16:50:54,243,Nantes,Nantes,HOT-031
2025-05-18T14:54:21,310,Marseille,Marseille,HOT-245
2025-05-13T12:21:33,4,Bordeaux,Bordeaux,HOT-185
2025-05-27T08:17:33,67,Nice,Nice,HOT-264
2025-03-12T17:33:32,270,Nantes,Nantes,HOT-179
2025-03-22T10:05:59,206,Marseille,Marseille,HOT-071
2025-02-05T03:54:28,479,Toulouse,Toulouse,HOT-286
2025-01-10T05:46:11,415,Lille,Lille,HOT-214
2025-03-12T09:12:55,30,Toulouse,Toulouse,HOT-299
2024-12-14T12:32:23,260,Lille,Lille,HOT-231
2024-12-24T16:14:45,276,Strasbourg,Strasbourg,HOT-144
2024-12-18T01:22:40,153,Marseille,Marseille,HOT-071
2025-01-21T07:43:10,253,Toulouse,Toulouse,HOT-262
2025-04-02T23:34:04,173,Bordeaux,Bordeaux,HOT-278
2025-01-18T15:20:22,324,Toulouse,Toulouse,HOT-217
2024-12-11T00:29:14,494,Toulouse,Toulouse,HOT-163
2025-03-19T09:02:38,404,Chamonix,Chamonix,HOT-148
2025-03-09T23:12:22,92,Nantes,Nantes,HOT-066
2024-12-07T06:48:05,156,Chamonix,Chamonix,HOT-061
2025-02-09T13:36:30,496,Lyon,Lyon,HOT-220
2025-06-03T09:19:20,171,Paris,Paris,HOT-070
2025-04-05T09:41:29,478,Paris,Paris,HOT-021
2025-01-15T06:30:29,22,Marseille,Marseille,HOT-158
2025-05-12T17:55:26,191,Nice,Nice,HOT-119
2025-01-01T11:44:29,38,Nice,Nice,HOT-068
2025-02-11T07:40:06,330,Lyon,Lyon,HOT-167
2025-04-25T08:47:15,445,Toulouse,Toulouse,HOT-036
2025-01-10T14:38:20,107,Paris,Paris,HOT-166
2025-06-03T13:26:41,175,Strasbourg,Strasbourg,HOT-018
2025-05-11T23:11:06,268,Nice,Nice,HOT-218
2025-05-20T02:15:54,285,Marseille,Marseille,HOT-052
2025-05-24T17:48:03,146,Bordeaux,Bordeaux,HOT-146
2025-02-07T23:38:57,436,Nantes,Nantes,HOT-269
2024-12-18T17:10:01,316,Lille,Lille,HOT-198
2024-12-11T09:44:15,301,Chamonix,Chamonix,HOT-252
2025-01-04T20:00:14,74,Strasbourg,Strasbourg,HOT-114
2025-03-31T01:24:46,217,Strasbourg,Strasbourg,HOT-226
2025-04-22T23:44:20,369,Bordeaux,Bordeaux,HOT-212
2025-06-03T06:11:25,77,Paris,Paris,HOT-067
2025-01-03T15:45:55,188,Nantes,Nantes,HOT-086
2025-05-06T12:25:32,471,Toulouse,Toulouse,HOT-148
2024-12-28T16:32:36,108,Lyon,Lyon,HOT-270
2025-05-20T12:30:10,112,Marseille,Marseille,HOT-279
2025-03-19T08:19:40,414,Lyon,Lyon,HOT-069
2025-05-23T06:37:35,98,Lyon,Lyon,HOT-065
2025-02-16T00:07:33,103,Chamonix,Chamonix,HOT-074
2024-12-21T05:38:16,450,Paris,Paris,HOT-157
2025-02-17T16:40:31,320,Lyon,Lyon,HOT-031
2025-04-22T23:00:04,194,Paris,Paris,HOT-047
2025-04-14T17:24:36,267,Nice,Nice,HOT-213
2025-02-21T23:13:30,135,Strasbourg,Strasbourg,HOT-082
2025-03-30T22:39:06,105,Nantes,Nantes,HOT-238
2024-12-26T18:27:36,177,Paris,Paris,HOT-273
2025-02-10T12:06:15,85,Strasbourg,Strasbourg,HOT-207
2025-02-03T17:56:37,266,Lyon,Lyon,HOT-234
2025-02-07T19:03:21,91,Marseille,Marseille,HOT-180
2025-01-02T15:31:37,246,Strasbourg,Strasbourg,HOT-165
2025-01-06T17:38:14,134,Toulouse,Toulouse,HOT-288
2025-04-28T08:37:26,322,Bordeaux,Bordeaux,HOT-248
2025-03-01T23:34:13,70,Lille,Lille,HOT-080
2025-05-09T21:52:11,442,Chamonix,Chamonix,HOT-017
2025-04-10T06:48:41,167,Marseille,Marseille,HOT-047
2025-03-11T18:07:57,262,Strasbourg,Strasbourg,HOT-196
2025-04-12T05:00:55,461,Nantes,Nantes,HOT-124
2025-02-06T18:15:50,374,Lyon,Lyon,HOT-201
2025-01-09T23:27:33,28,Nantes,Nantes,HOT-094
2025-04-23T11:19:38,368,Strasbourg,Strasbourg,HOT-062
2025-03-26T06:37:12,331,Strasbourg,Strasbourg,HOT-090
2025-04-20T19:50:30,33,Strasbourg,Strasbourg,HOT-111
2025-05-28T21:27:12,102,Strasbourg,Strasbourg,HOT-112
2025-06-05T12:20:54,475,Chamonix,Chamonix,HOT-299
2025-04-05T07:42:26,495,Marseille,Marseille,HOT-015
2025-05-08T23:15:49,167,Marseille,Marseille,HOT-089
2025-02-14T10:32:37,80,Chamonix,Chamonix,HOT-291
2025-01-19T11:58:36,466,Chamonix,Chamonix,HOT-110
2025-04-15T09:13:06,380,Lille,Lille,HOT-088
2025-03-31T12:19:21,490,Lyon,Lyon,HOT-219
2025-05-14T07:14:52,410,Toulouse,Toulouse,HOT-039
2025-01-10T04:48:50,328,Bordeaux,Bordeaux,HOT-121
2025-02-18T15:00:49,284,Nantes,Nantes,HOT-074
2025-02-04T17:30:57,122,Marseille,Marseille,HOT-167
2025-04-28T16:16:50,335,Toulouse,Toulouse,HOT-126
2025-04-19T20:15:05,405,Chamonix,Chamonix,HOT-277
2025-02-02T08:09:57,105,Toulouse,Toulouse,HOT-285
2024-12-31T21:06:09,482,Bordeaux,Bordeaux,HOT-137
2025-01-10T15:47:48,214,Lyon,Lyon,HOT-251
2025-04-27T16:12:52,372,Strasbourg,Strasbourg,HOT-253
2024-12-07T11:59:41,113,Marseille,Marseille,HOT-202
2025-04-22T11:12:45,149,Nice,Nice,HOT-011
2025-03-28T09:13:11,293,Toulouse,Toulouse,HOT-134
2025-02-21T04:36:39,444,Bordeaux,Bordeaux,HOT-296
2025-05-21T08:25:51,416,Strasbourg,Strasbourg,HOT-060
2025-05-05T19:56:45,93,Strasbourg,Strasbourg,HOT-299
2025-03-27T08:16:38,225,Paris,Paris,HOT-096
2024-12-13T10:31:50,293,Marseille,Marseille,HOT-226
2025-01-11T12:10:42,36,Marseille,Marseille,HOT-029
2025-04-03T02:57:02,170,Nice,Nice,HOT-240
2025-02-06T22:36:51,389,Nantes,Nantes,HOT-255
2025-06-03T23:57:55,369,Lyon,Lyon,HOT-110
2025-05-13T04:55:46,252,Toulouse,Toulouse,HOT-071
2025-04-04T20:51:31,297,Nantes,Nantes,HOT-266
2025-01-19T01:03:45,125,Marseille,Marseille,HOT-077
2025-04-10T08:35:10,15,Lyon,Lyon,HOT-069
2025-03-26T23:16:16,407,Toulouse,Toulouse,HOT-204
2024-12-27T08:48:17,374,Paris,Paris,HOT-281
2025-06-07T00:53:51,97,Marseille,Marseille,HOT-020
2025-03-13T12:00:21,453,Paris,Paris,HOT-136
2025-01-03T11:03:42,390,Nantes,Nantes,HOT-251
2025-02-09T10:58:22,311,Strasbourg,Strasbourg,HOT-266
2025-04-30T21:10:04,258,Nantes,Nantes,HOT-292
2024-12-22T06:13:16,225,Toulouse,Toulouse,HOT-108
2025-01-22T08:45:27,355,Toulouse,Toulouse,HOT-264
2025-02-12T11:52:06,183,Marseille,Marseille,HOT-122
2025-02-07T04:40:51,327,Nantes,Nantes,HOT-202
2025-01-08T18:01:41,474,Paris,Paris,HOT-021
2025-04-09T16:27:40,104,Paris,Paris,HOT-143
2025-05-28T01:30:27,155,Nice,Nice,HOT-199
2024-12-24T09:06:33,331,Lyon,Lyon,HOT-294
2025-05-15T16:50:15,438,Chamonix,Chamonix,HOT-165
2025-04-23T19:38:10,57,Strasbourg,Strasbourg,HOT-035
2025-04-16T06:09:24,178,Marseille,Marseille,HOT-108
2025-04-10T06:03:01,447,Chamonix,Chamonix,HOT-048
2025-04-27T18:20:05,12,Marseille,Marseille,HOT-296
2025-05-28T07:43:15,86,Chamonix,Chamonix,HOT-179
2025-02-10T08:19:19,340,Paris,Paris,HOT-048
2025-03-03T21:03:44,156,Nice,Nice,HOT-245
2024-12-09T08:43:24,142,Nantes,Nantes,HOT-099
2025-01-27T15:35:44,30,Chamonix,Chamonix,HOT-101
2025-01-16T20:48:56,467,Paris,Paris,HOT-296
2025-01-24T14:33:38,213,Strasbourg,Strasbourg,HOT-043
2025-04-20T18:03:02,108,Chamonix,Chamonix,HOT-256
2024-12-20T07:33:45,48,Chamonix,Chamonix,HOT-059
2025-02-13T04:58:36,75,Lille,Lille,HOT-025
2025-01-25T23:43:43,325,Marseille,Marseille,HOT-078
2025-05-08T23:23:42,60,Nice,Nice,HOT-081
2024-12-28T03:05:37,61,Strasbourg,Strasbourg,HOT-210
2025-04-26T00:59:12,239,Marseille,Marseille,HOT-028
2024-12-07T09:35:12,59,Chamonix,Chamonix,HOT-046
2024-12-16T11:59:58,60,Lyon,Lyon,HOT-196
2025-02-20T02:12:48,207,Lyon,Lyon,HOT-067
2025-03-02T05:52:11,468,Marseille,Marseille,HOT-022
2025-04-28T09:42:26,62,Chamonix,Chamonix,HOT-017
2025-02-26T15:20:30,229,Marseille,Marseille,HOT-176
2025-01-08T10:48:33,339,Nantes,Nantes,HOT-225
2025-05-27T21:55:37,478,Nice,Nice,HOT-102
2025-02-25T13:05:06,474,Chamonix,Chamonix,HOT-110
2025-03-12T21:32:41,19,Bordeaux,Bordeaux,HOT-293
2025-05-27T08:57:54,99,Lille,Lille,HOT-195
2025-02-18T16:32:40,173,Nice,Nice,HOT-275
2025-02-13T08:28:19,7,Marseille,Marseille,HOT-234
2025-03-23T04:16:20,334,Bordeaux,Bordeaux,HOT-267
2025-02-18T00:51:45,54,Marseille,Marseille,HOT-145
2024-12-26T20:18:26,91,Lyon,Lyon,HOT-047
2025-05-17T02:08:11,146,Paris,Paris,HOT-286
2025-03-10T06:11:52,350,Lille,Lille,HOT-269
2025-05-09T07:21:51,72,Toulouse,Toulouse,HOT-005
2025-05-23T22:23:03,296,Toulouse,Toulouse,HOT-069
2025-03-29T09:32:59,77,Chamonix,Chamonix,HOT-147
2025-04-12T13:21:14,193,Marseille,Marseille,HOT-009
2025-05-03T09:17:13,431,Chamonix,Chamonix,HOT-100
2025-04-19T14:00:56,359,Toulouse,Toulouse,HOT-180
2025-01-19T22:54:28,370,Lille,Lille,HOT-034
2025-01-07T17:39:01,415,Paris,Paris,HOT-110
2025-03-04T18:46:04,367,Chamonix,Chamonix,HOT-177
2024-12-21T11:07:36,66,Chamonix,Chamonix,HOT-255
2025-05-11T08:07:57,422,Paris,Paris,HOT-050
2025-05-20T09:09:17,118,Strasbourg,Strasbourg,HOT-061
2024-12-13T15:19:51,73,Bordeaux,Bordeaux,HOT-098
2025-02-02T09:59:23,218,Toulouse,Toulouse,HOT-282
2024-12-11T01:11:10,168,Nantes,Nantes,HOT-188
2025-02-07T00:56:40,199,Bordeaux,Bordeaux,HOT-067
2025-01-26T20:33:33,109,Paris,Paris,HOT-133
2024-12-27T11:40:12,483,Lyon,Lyon,HOT-080
2024-12-21T13:24:54,14,Marseille,Marseille,HOT-247
2025-02-11T12:33:28,477,Paris,Paris,HOT-217
2025-01-09T04:21:49,64,Toulouse,Toulouse,HOT-083
2025-05-28T13:40:32,246,Nice,Nice,HOT-286
2025-02-18T01:22:36,254,Bordeaux,Bordeaux,HOT-031
2025-01-07T09:29:07,86,Chamonix,Chamonix,HOT-032
2025-04-28T06:54:49,227,Lyon,Lyon,HOT-221
2024-12-21T17:09:09,219,Chamonix,Chamonix,HOT-012
2025-03-23T09:02:11,212,Nice,Nice,HOT-067
2025-05-30T13:10:41,65,Bordeaux,Bordeaux,HOT-272
2024-12-25T05:30:55,333,Lyon,Lyon,HOT-176
2025-02-10T18:34:47,164,Bordeaux,Bordeaux,HOT-082
2025-04-01T11:59:56,424,Paris,Paris,HOT-114
2025-04-05T07:24:28,360,Bordeaux,Bordeaux,HOT-017
2025-05-29T14:21:06,128,Paris,Paris,HOT-064
2025-03-10T21:19:57,9,Chamonix,Chamonix,HOT-186
2025-04-22T22:50:44,465,Lille,Lille,HOT-255
2024-12-13T04:03:17,289,Strasbourg,Strasbourg,HOT-189
2025-02-28T21:43:42,217,Bordeaux,Bordeaux,HOT-034
2025-04-13T01:46:36,190,Strasbourg,Strasbourg,HOT-179
2025-01-08T04:33:31,191,Bordeaux,Bordeaux,HOT-218
2025-04-04T01:55:16,432,Marseille,Marseille,HOT-127
2025-05-28T22:10:00,129,Strasbourg,Strasbourg,HOT-055
2025-03-01T11:08:11,71,Bordeaux,Bordeaux,HOT-237
2025-01-06T15:46:22,223,Paris,Paris,HOT-057
2024-12-17T13:12:14,23,Nantes,Nantes,HOT-031
2024-12-26T19:30:42,394,Lyon,Lyon,HOT-264
2025-02-09T10:37:43,63,Paris,Paris,HOT-107
2025-01-16T01:33:02,14,Lille,Lille,HOT-284
2025-01-13T01:00:24,118,Lyon,Lyon,HOT-231
2025-02-24T14:59:54,205,Bordeaux,Bordeaux,HOT-047
2025-04-21T12:47:17,251,Marseille,Marseille,HOT-217
2025-03-24T17:58:01,265,Paris,Paris,HOT-279
2025-04-26T08:33:27,7,Nantes,Nantes,HOT-050
2025-06-04T21:06:06,416,Toulouse,Toulouse,HOT-230
2025-04-27T21:32:29,55,Marseille,Marseille,HOT-016
2025-03-22T00:46:59,445,Lyon,Lyon,HOT-176
2025-01-27T15:50:22,361,Paris,Paris,HOT-238
2025-04-14T10:13:31,44,Nice,Nice,HOT-261
2025-01-30T19:36:31,22,Lille,Lille,HOT-232
2025-02-02T21:36:12,53,Nice,Nice,HOT-028
2025-01-22T06:40:16,237,Nice,Nice,HOT-171
2024-12-25T18:37:00,41,Paris,Paris,HOT-148
2024-12-16T18:56:02,185,Nantes,Nantes,HOT-142
2025-02-21T10:40:23,252,Bordeaux,Bordeaux,HOT-103
2025-03-28T04:15:23,411,Lille,Lille,HOT-090
2025-03-23T21:13:46,59,Nice,Nice,HOT-013
2025-05-19T05:37:18,9,Chamonix,Chamonix,HOT-223
2025-03-12T11:36:03,94,Toulouse,Toulouse,HOT-273
2025-01-05T23:23:49,441,Nantes,Nantes,HOT-182
2024-12-17T17:37:37,229,Lille,Lille,HOT-220
2025-02-15T05:12:02,306,Bordeaux,Bordeaux,HOT-255
2024-12-07T21:23:52,16,Nice,Nice,HOT-062
2025-02-28T04:24:15,288,Paris,Paris,HOT-171
2024-12-24T03:59:37,102,Nice,Nice,HOT-207
2025-02-02T08:18:57,81,Strasbourg,Strasbourg,HOT-131
2025-05-16T03:15:21,430,Lille,Lille,HOT-202
2025-04-14T16:51:14,224,Marseille,Marseille,HOT-041
2025-04-07T12:45:03,181,Chamonix,Chamonix,HOT-033
2025-04-02T16:49:23,269,Nice,Nice,HOT-071
2025-03-10T10:06:31,359,Strasbourg,Strasbourg,HOT-010
2025-01-14T22:10:05,17,Paris,Paris,HOT-137
2024-12-25T23:36:28,207,Lille,Lille,HOT-218
2024-12-12T03:33:11,52,Bordeaux,Bordeaux,HOT-170
2025-01-16T08:05:12,321,Chamonix,Chamonix,HOT-013
2025-01-09T07:45:06,387,Lyon,Lyon,HOT-060
2025-04-10T01:48:00,26,Strasbourg,Strasbourg,HOT-249
2025-02-01T19:33:21,342,Strasbourg,Strasbourg,HOT-064
2024-12-23T01:27:57,468,Bordeaux,Bordeaux,HOT-020
2025-03-09T02:36:55,11,Bordeaux,Bordeaux,HOT-121
2025-05-19T23:51:54,279,Nantes,Nantes,HOT-035
2024-12-29T13:55:36,421,Chamonix,Chamonix,HOT-139
2025-02-05T00:38:49,294,Paris,Paris,HOT-162
2025-05-08T13:24:21,128,Lyon,Lyon,HOT-163
2025-02-22T07:56:53,402,Marseille,Marseille,HOT-022
2025-03-08T14:22:34,131,Chamonix,Chamonix,HOT-257
2025-03-12T02:58:20,20,Chamonix,Chamonix,HOT-153
2025-05-29T22:02:50,332,Chamonix,Chamonix,HOT-255
2025-04-14T12:17:09,476,Lille,Lille,HOT-271
2025-01-27T14:37:34,253,Nice,Nice,HOT-034
2024-12-24T20:20:41,102,Strasbourg,Strasbourg,HOT-225
2025-04-10T18:55:48,351,Lyon,Lyon,HOT-213
2025-03-22T19:25:37,196,Chamonix,Chamonix,HOT-285
2025-02-20T09:37:24,384,Bordeaux,Bordeaux,HOT-053
2025-01-12T01:13:30,211,Lille,Lille,HOT-051
2025-02-17T04:41:49,77,Nice,Nice,HOT-249
2025-05-28T02:18:40,147,Paris,Paris,HOT-249
2025-02-19T05:16:46,246,Chamonix,Chamonix,HOT-137
2025-02-16T21:09:09,128,Nice,Nice,HOT-090
2025-01-12T09:09:20,391,Toulouse,Toulouse,HOT-224
2025-03-03T17:04:46,94,Nice,Nice,HOT-264
2024-12-15T19:32:45,343,Chamonix,Chamonix,HOT-149
2025-01-27T06:39:51,299,Chamonix,Chamonix,HOT-059
2025-03-02T12:57:18,313,Strasbourg,Strasbourg,HOT-008
2025-03-07T10:56:35,35,Bordeaux,Bordeaux,HOT-085
2025-01-27T07:09:10,453,Lille,Lille,HOT-072
2025-01-20T01:58:53,14,Nice,Nice,HOT-240
2025-05-18T16:41:09,27,Nantes,Nantes,HOT-236
2025-01-28T07:12:20,420,Nantes,Nantes,HOT-088
2025-03-26T17:11:44,55,Lyon,Lyon,HOT-211
2024-12-19T02:52:35,29,Marseille,Marseille,HOT-015
2025-01-05T11:56:09,323,Bordeaux,Bordeaux,HOT-049
2025-05-02T05:17:09,436,Nantes,Nantes,HOT-043
2025-04-21T09:24:21,121,Toulouse,Toulouse,HOT-293
2025-04-15T18:14:40,263,Chamonix,Chamonix,HOT-259
2024-12-25T22:16:58,454,Chamonix,Chamonix,HOT-230
2024-12-23T19:02:28,462,Marseille,Marseille,HOT-058
2025-04-15T21:22:46,43,Strasbourg,Strasbourg,HOT-012
2025-02-11T21:48:00,375,Nantes,Nantes,HOT-258
2025-05-13T02:00:31,321,Chamonix,Chamonix,HOT-149
2025-03-22T06:57:04,476,Nantes,Nantes,HOT-016
2025-02-25T12:56:01,418,Lyon,Lyon,HOT-280
2025-05-03T00:57:38,476,Lille,Lille,HOT-134
2025-03-31T15:56:25,156,Nantes,Nantes,HOT-071
2025-01-20T07:54:08,83,Lyon,Lyon,HOT-232
2025-03-24T15:35:16,485,Toulouse,Toulouse,HOT-268
2024-12-18T23:49:15,263,Nice,Nice,HOT-293
2025-05-19T10:00:53,226,Nantes,Nantes,HOT-192
2025-02-20T07:39:40,225,Paris,Paris,HOT-277
2025-05-15T01:39:39,89,Paris,Paris,HOT-014
2025-03-18T15:01:33,133,Nantes,Nantes,HOT-024
2025-02-26T10:34:58,215,Strasbourg,Strasbourg,HOT-164
2025-03-21T03:17:38,243,Lyon,Lyon,HOT-093
2025-04-19T13:35:05,432,Nice,Nice,HOT-195
2025-05-24T11:38:06,289,Lyon,Lyon,HOT-154
2025-06-06T23:22:36,305,Lille,Lille,HOT-047
2025-03-09T08:27:29,392,Lyon,Lyon,HOT-081
2025-03-28T08:39:29,262,Strasbourg,Strasbourg,HOT-139
2025-05-27T08:25:15,406,Marseille,Marseille,HOT-217
2025-01-21T21:47:15,287,Nantes,Nantes,HOT-078
2025-03-09T15:09:33,238,Lille,Lille,HOT-297
2025-02-03T04:22:04,483,Strasbourg,Strasbourg,HOT-026
2024-12-22T11:34:23,137,Paris,Paris,HOT-182
2025-02-21T19:32:16,118,Lyon,Lyon,HOT-133
2025-05-31T10:51:46,464,Lyon,Lyon,HOT-298
2025-05-21T23:15:50,217,Lyon,Lyon,HOT-182
2025-04-24T20:31:19,219,Paris,Paris,HOT-254
2024-12-13T21:27:45,461,Nantes,Nantes,HOT-128
2025-03-14T15:34:42,91,Strasbourg,Strasbourg,HOT-146
2025-03-28T01:41:38,346,Nantes,Nantes,HOT-286
2025-05-31T00:02:27,115,Toulouse,Toulouse,HOT-194
2025-03-17T12:09:35,182,Lyon,Lyon,HOT-236
2025-05-11T13:59:06,298,Lille,Lille,HOT-094
2025-03-28T02:55:52,150,Paris,Paris,HOT-216
2025-04-17T17:09:27,360,Bordeaux,Bordeaux,HOT-193
2025-04-06T14:17:54,197,Nantes,Nantes,HOT-128
2025-01-04T18:46:19,369,Bordeaux,Bordeaux,HOT-220
2024-12-30T12:10:12,14,Bordeaux,Bordeaux,HOT-232
2025-05-03T04:22:17,262,Bordeaux,Bordeaux,HOT-078
2025-03-04T08:17:34,34,Strasbourg,Strasbourg,HOT-006
2025-01-09T17:17:25,79,Nantes,Nantes,HOT-174
2025-01-08T14:39:37,53,Lille,Lille,HOT-073
2025-01-17T07:05:44,82,Toulouse,Toulouse,HOT-297
2025-05-13T03:18:58,390,Nice,Nice,HOT-209
2025-01-13T13:47:05,141,Nantes,Nantes,HOT-280
2024-12-31T15:41:07,65,Paris,Paris,HOT-258
2024-12-15T10:30:00,496,Chamonix,Chamonix,HOT-114
2025-02-27T08:41:10,137,Nantes,Nantes,HOT-205
2024-12-22T08:50:23,273,Nantes,Nantes,HOT-117
2025-04-18T19:12:41,315,Paris,Paris,HOT-224
2025-03-01T16:41:44,71,Bordeaux,Bordeaux,HOT-203
2025-01-15T08:37:41,246,Marseille,Marseille,HOT-270
2025-05-15T21:02:32,228,Chamonix,Chamonix,HOT-295
2025-04-07T22:42:07,35,Lille,Lille,HOT-012
2025-01-04T20:46:43,320,Lyon,Lyon,HOT-046
2025-05-18T02:50:30,154,Lyon,Lyon,HOT-110
2025-04-01T16:44:21,425,Lyon,Lyon,HOT-128
2025-01-26T05:27:13,184,Chamonix,Chamonix,HOT-084
2025-02-07T05:45:24,421,Nice,Nice,HOT-209
2025-06-02T00:16:21,56,Nice,Nice,HOT-110
2025-04-27T08:09:42,244,Lille,Lille,HOT-001
2025-06-02T15:58:31,175,Marseille,Marseille,HOT-128
2025-05-12T22:06:37,23,Bordeaux,Bordeaux,HOT-165
2024-12-20T03:54:52,285,Nantes,Nantes,HOT-049
2024-12-24T01:11:36,206,Toulouse,Toulouse,HOT-012
2025-02-20T12:17:21,466,Marseille,Marseille,HOT-185
2025-03-25T04:27:40,465,Bordeaux,Bordeaux,HOT-155
2025-02-22T07:25:28,254,Marseille,Marseille,HOT-135
2025-03-24T08:22:30,64,Chamonix,Chamonix,HOT-050
2025-02-08T11:28:37,220,Toulouse,Toulouse,HOT-017
2025-05-22T11:46:26,447,Nice,Nice,HOT-149
2025-01-29T18:48:18,141,Paris,Paris,HOT-291
2025-03-18T01:32:18,214,Lille,Lille,HOT-033
2025-03-06T02:46:59,241,Strasbourg,Strasbourg,HOT-034
2025-06-03T05:54:01,396,Nantes,Nantes,HOT-065
2025-05-25T18:15:50,359,Bordeaux,Bordeaux,HOT-276
2024-12-09T13:14:08,294,Nantes,Nantes,HOT-022
2025-05-08T21:12:27,280,Nantes,Nantes,HOT-002
2025-04-22T03:46:23,444,Lille,Lille,HOT-237
2025-04-07T03:16:35,427,Nantes,Nantes,HOT-075
2025-03-31T05:55:08,50,Bordeaux,Bordeaux,HOT-041
2025-03-18T14:55:53,227,Bordeaux,Bordeaux,HOT-212
2025-05-07T22:32:07,265,Lyon,Lyon,HOT-116
2025-02-26T15:03:54,430,Toulouse,Toulouse,HOT-095
2024-12-28T23:59:30,471,Lille,Lille,HOT-193
2025-02-25T15:03:27,485,Bordeaux,Bordeaux,HOT-280
2025-01-05T04:59:59,217,Chamonix,Chamonix,HOT-276
2025-01-04T22:16:37,317,Nice,Nice,HOT-298
2025-03-27T04:08:06,203,Chamonix,Chamonix,HOT-282
2025-03-31T07:35:15,226,Bordeaux,Bordeaux,HOT-260
2025-03-30T07:05:17,196,Chamonix,Chamonix,HOT-160
2025-05-03T09:54:39,353,Lyon,Lyon,HOT-168
2025-06-07T14:42:08,175,Chamonix,Chamonix,HOT-134
2024-12-26T14:36:02,161,Paris,Paris,HOT-057
2025-06-04T18:05:37,64,Chamonix,Chamonix,HOT-070
2024-12-27T15:54:36,370,Chamonix,Chamonix,HOT-093
2025-03-26T09:54:44,30,Strasbourg,Strasbourg,HOT-185
2025-05-07T12:33:27,127,Lille,Lille,HOT-023
2024-12-26T18:15:56,180,Lyon,Lyon,HOT-037
2025-05-08T17:27:22,243,Lyon,Lyon,HOT-217
2025-01-31T16:54:19,350,Paris,Paris,HOT-117
2025-05-24T14:20:37,427,Chamonix,Chamonix,HOT-276
2025-03-21T03:50:56,386,Nantes,Nantes,HOT-203
2025-05-27T01:20:46,107,Lille,Lille,HOT-161
2025-02-11T22:09:45,128,Lille,Lille,HOT-065
2025-05-26T14:53:47,52,Nantes,Nantes,HOT-297
2025-02-24T22:30:08,134,Toulouse,Toulouse,HOT-191
2025-01-27T10:34:55,307,Paris,Paris,HOT-195
2025-02-19T12:43:41,249,Paris,Paris,HOT-026
2025-04-13T07:08:52,13,Chamonix,Chamonix,HOT-294
2025-03-11T10:36:18,155,Marseille,Marseille,HOT-153
2025-03-28T05:26:15,272,Chamonix,Chamonix,HOT-129
2025-04-04T09:35:07,92,Paris,Paris,HOT-151
2025-03-09T00:10:23,472,Lille,Lille,HOT-193
2024-12-14T10:13:07,350,Bordeaux,Bordeaux,HOT-286
2025-01-09T14:07:30,315,Lille,Lille,HOT-221
2025-01-29T15:08:20,255,Lille,Lille,HOT-026
2025-02-23T09:36:39,168,Lille,Lille,HOT-135
2025-01-04T02:01:05,83,Paris,Paris,HOT-160
2025-04-06T04:50:39,162,Lille,Lille,HOT-187
2025-04-04T08:09:18,251,Strasbourg,Strasbourg,HOT-175
2025-04-18T08:26:02,276,Paris,Paris,HOT-293
2025-04-20T20:18:42,231,Bordeaux,Bordeaux,HOT-164
2025-02-23T03:45:59,494,Nice,Nice,HOT-099
2024-12-14T16:21:20,401,Nantes,Nantes,HOT-015
2025-02-22T00:08:38,218,Marseille,Marseille,HOT-125
2025-05-28T21:19:56,439,Toulouse,Toulouse,HOT-133
2025-05-26T19:51:20,410,Lille,Lille,HOT-196
2025-02-09T12:29:25,402,Marseille,Marseille,HOT-095
2025-04-20T05:38:36,395,Lille,Lille,HOT-173
2025-01-22T06:48:57,359,Bordeaux,Bordeaux,HOT-028
2024-12-16T17:19:43,56,Lille,Lille,HOT-172
2025-04-30T23:03:43,310,Chamonix,Chamonix,HOT-178
2025-03-09T10:17:36,118,Paris,Paris,HOT-005
2025-06-03T23:01:05,356,Lille,Lille,HOT-083
2025-01-28T07:18:35,439,Marseille,Marseille,HOT-061
2025-05-30T08:05:06,90,Marseille,Marseille,HOT-151
2025-02-17T11:18:56,93,Strasbourg,Strasbourg,HOT-220
2024-12-11T01:54:29,494,Strasbourg,Strasbourg,HOT-243
2025-02-10T18:11:10,160,Lille,Lille,HOT-069
2025-05-14T20:54:38,392,Toulouse,Toulouse,HOT-035
2025-05-10T06:18:10,200,Paris,Paris,HOT-054
2025-02-03T23:57:16,41,Marseille,Marseille,HOT-144
2025-02-05T12:44:41,364,Lyon,Lyon,HOT-048
2025-01-30T14:07:34,191,Nantes,Nantes,HOT-129
2025-05-19T19:33:56,274,Nantes,Nantes,HOT-199
2025-03-12T14:43:39,31,Paris,Paris,HOT-275
2025-05-22T19:16:48,8,Lyon,Lyon,HOT-243
2025-04-21T08:03:47,302,Nantes,Nantes,HOT-203
2025-04-19T03:15:28,247,Strasbourg,Strasbourg,HOT-287
2024-12-26T05:20:32,66,Nice,Nice,HOT-041
2025-05-24T20:59:01,89,Chamonix,Chamonix,HOT-184
2025-01-20T09:58:28,228,Paris,Paris,HOT-140
2025-01-02T05:53:52,229,Marseille,Marseille,HOT-210
2025-02-03T11:57:23,406,Bordeaux,Bordeaux,HOT-085
2025-04-30T13:37:10,327,Lille,Lille,HOT-039
2025-03-03T04:39:40,76,Lyon,Lyon,HOT-085
2025-05-06T10:51:41,28,Nice,Nice,HOT-271
2025-05-16T12:13:54,129,Nice,Nice,HOT-246
2025-02-07T10:58:15,176,Nice,Nice,HOT-221
2025-01-28T11:12:15,178,Chamonix,Chamonix,HOT-198
2025-04-27T16:04:03,444,Nantes,Nantes,HOT-025
2025-02-26T01:55:04,237,Nantes,Nantes,HOT-180
2025-04-03T15:01:23,499,Marseille,Marseille,HOT-189
2025-04-11T12:07:10,136,Nantes,Nantes,HOT-090
2024-12-24T11:43:22,159,Marseille,Marseille,HOT-064
2025-01-12T15:27:35,344,Nantes,Nantes,HOT-120
2025-03-02T22:09:52,258,Toulouse,Toulouse,HOT-130
2025-01-17T04:46:02,186,Bordeaux,Bordeaux,HOT-025
2025-06-02T12:31:17,17,Lille,Lille,HOT-131
2025-05-16T03:35:31,157,Toulouse,Toulouse,HOT-147
2025-02-24T05:10:03,334,Strasbourg,Strasbourg,HOT-174
2025-04-30T00:40:08,379,Marseille,Marseille,HOT-101
2025-03-11T05:21:53,433,Lyon,Lyon,HOT-058
2025-05-03T15:06:41,72,Nice,Nice,HOT-079
2025-03-17T10:41:13,479,Strasbourg,Strasbourg,HOT-147
2025-05-24T13:00:34,395,Nantes,Nantes,HOT-252
2025-02-17T18:09:50,350,Chamonix,Chamonix,HOT-044
2025-05-15T13:50:04,231,Strasbourg,Strasbourg,HOT-204
2024-12-18T01:33:15,392,Nice,Nice,HOT-125
2025-03-17T04:56:49,341,Bordeaux,Bordeaux,HOT-086
2025-05-09T20:13:43,251,Marseille,Marseille,HOT-016
2025-01-07T00:28:53,99,Nantes,Nantes,HOT-276
2024-12-19T21:24:48,195,Marseille,Marseille,HOT-038
2025-02-05T13:33:17,460,Strasbourg,Strasbourg,HOT-182
2025-04-23T22:26:57,366,Paris,Paris,HOT-278
2025-03-15T13:27:11,32,Lyon,Lyon,HOT-199
2025-02-23T11:31:37,493,Nice,Nice,HOT-022
2025-01-02T11:47:24,131,Toulouse,Toulouse,HOT-100
2025-05-07T17:05:10,17,Lille,Lille,HOT-118
2025-05-21T10:56:23,167,Nantes,Nantes,HOT-258
2025-03-18T22:58:01,425,Marseille,Marseille,HOT-137
2025-05-26T21:36:10,320,Nice,Nice,HOT-170
2025-03-27T13:49:16,435,Nice,Nice,HOT-157
2024-12-12T18:31:27,7,Paris,Paris,HOT-054
2025-01-09T21:17:27,264,Lyon,Lyon,HOT-203
2025-01-13T13:57:31,226,Strasbourg,Strasbourg,HOT-259
2025-05-26T02:15:11,147,Nantes,Nantes,HOT-035
2025-05-17T21:21:03,432,Lille,Lille,HOT-177
2025-01-15T03:04:14,89,Bordeaux,Bordeaux,HOT-131
2025-05-18T16:12:36,131,Toulouse,Toulouse,HOT-134
2024-12-18T08:10:47,135,Lille,Lille,HOT-028
2025-01-24T14:19:30,423,Nantes,Nantes,HOT-108
2024-12-13T13:44:18,420,Nantes,Nantes,HOT-186
2025-03-05T18:49:15,353,Lyon,Lyon,HOT-244
2024-12-16T23:14:21,309,Chamonix,Chamonix,HOT-112
2025-06-03T09:57:03,231,Nantes,Nantes,HOT-055
2025-02-15T03:05:08,8,Toulouse,Toulouse,HOT-124
2025-04-22T23:26:53,330,Chamonix,Chamonix,HOT-064
2025-01-14T19:32:05,76,Nantes,Nantes,HOT-234
2025-01-29T08:26:37,492,Nantes,Nantes,HOT-263
2025-02-16T16:15:37,339,Bordeaux,Bordeaux,HOT-276
2025-05-16T01:26:00,377,Lille,Lille,HOT-291
2025-03-07T07:01:51,297,Lille,Lille,HOT-271
2025-03-15T05:40:32,264,Marseille,Marseille,HOT-032
2025-02-22T05:30:04,157,Toulouse,Toulouse,HOT-247
2025-04-09T12:50:25,297,Marseille,Marseille,HOT-246
2025-06-04T09:27:02,54,Bordeaux,Bordeaux,HOT-231
2024-12-31T04:54:19,349,Marseille,Marseille,HOT-130
2025-04-18T10:07:07,193,Nice,Nice,HOT-019
2024-12-13T02:03:03,415,Lyon,Lyon,HOT-277
2025-01-23T03:07:45,383,Lille,Lille,HOT-130
2025-02-17T11:26:13,90,Bordeaux,Bordeaux,HOT-068
2025-03-12T01:31:38,464,Nice,Nice,HOT-286
2025-04-01T12:03:35,333,Nice,Nice,HOT-231
2025-03-03T18:36:31,84,Nantes,Nantes,HOT-121
2025-01-10T15:12:57,122,Chamonix,Chamonix,HOT-053
2025-05-25T04:21:01,78,Lyon,Lyon,HOT-282
2025-03-09T07:19:47,256,Paris,Paris,HOT-201
2025-03-31T02:40:34,472,Marseille,Marseille,HOT-291
2025-03-24T05:01:02,108,Marseille,Marseille,HOT-265
2025-02-13T01:36:55,444,Nantes,Nantes,HOT-026
2025-02-11T23:55:57,365,Chamonix,Chamonix,HOT-286
2025-01-07T21:38:41,474,Nice,Nice,HOT-086
2025-05-18T19:21:56,75,Lyon,Lyon,HOT-023
2025-05-29T20:15:02,418,Lyon,Lyon,HOT-008
2025-01-26T09:03:31,95,Nice,Nice,HOT-090
2025-05-01T14:01:40,456,Paris,Paris,HOT-009
2025-05-17T11:45:06,33,Nantes,Nantes,HOT-198
2025-04-19T21:53:32,237,Lille,Lille,HOT-195
2024-12-24T16:52:22,59,Paris,Paris,HOT-016
2025-01-31T12:08:08,261,Chamonix,Chamonix,HOT-286
2024-12-12T11:32:40,471,Strasbourg,Strasbourg,HOT-198
2025-02-20T05:08:33,63,Paris,Paris,HOT-281
2024-12-16T19:00:24,43,Bordeaux,Bordeaux,HOT-097
2025-01-07T18:49:10,191,Lille,Lille,HOT-048
2025-05-21T22:42:42,148,Paris,Paris,HOT-121
2025-03-28T06:31:55,460,Nantes,Nantes,HOT-149
2025-05-07T13:53:16,476,Toulouse,Toulouse,HOT-125
2025-01-17T18:24:47,329,Lyon,Lyon,HOT-262
2025-05-22T14:02:37,387,Paris,Paris,HOT-248
2025-01-19T03:11:12,142,Lille,Lille,HOT-282
2025-04-11T20:37:30,329,Marseille,Marseille,HOT-100
2025-01-19T20:42:51,162,Bordeaux,Bordeaux,HOT-210
2025-04-17T17:54:17,444,Chamonix,Chamonix,HOT-162
2025-01-16T07:03:08,427,Lyon,Lyon,HOT-018
2025-01-28T09:38:11,2,Nice,Nice,HOT-009
2025-04-12T16:13:59,235,Lille,Lille,HOT-094
2025-02-24T16:03:28,2,Toulouse,Toulouse,HOT-143
2025-03-16T19:40:48,484,Toulouse,Toulouse,HOT-195
2024-12-11T01:04:00,225,Lyon,Lyon,HOT-170
2025-05-24T01:05:01,11,Paris,Paris,HOT-224
2025-05-07T16:05:41,222,Lille,Lille,HOT-217
2025-05-05T04:45:51,138,Lyon,Lyon,HOT-038
2025-04-18T14:53:50,7,Lille,Lille,HOT-190
2024-12-08T21:05:01,154,Lyon,Lyon,HOT-047
2025-03-09T05:04:09,361,Nice,Nice,HOT-145
2025-06-02T03:35:09,1,Strasbourg,Strasbourg,HOT-278
2025-01-01T20:14:40,166,Lyon,Lyon,HOT-205
2025-04-11T20:35:10,315,Chamonix,Chamonix,HOT-138
2025-01-09T18:47:22,396,Chamonix,Chamonix,HOT-241
2025-04-02T21:08:26,22,Nantes,Nantes,HOT-008
2025-05-11T15:54:59,189,Nantes,Nantes,HOT-100
2024-12-08T19:03:35,221,Lille,Lille,HOT-281
2025-01-19T14:27:36,104,Bordeaux,Bordeaux,HOT-284
2025-01-25T03:50:26,73,Lille,Lille,HOT-274
2025-04-04T06:42:14,372,Chamonix,Chamonix,HOT-290
2025-05-12T11:35:12,319,Lille,Lille,HOT-082
2025-02-04T11:09:41,199,Chamonix,Chamonix,HOT-236
2025-04-24T13:13:39,402,Paris,Paris,HOT-271
2025-04-23T21:30:41,120,Nantes,Nantes,HOT-222
2025-04-10T23:00:11,286,Nantes,Nantes,HOT-267
2025-01-29T14:58:23,460,Chamonix,Chamonix,HOT-061
2025-02-27T10:41:56,242,Nantes,Nantes,HOT-249
2025-05-30T00:52:09,401,Chamonix,Chamonix,HOT-038
2025-02-18T06:07:07,187,Paris,Paris,HOT-190
2025-05-21T12:17:43,412,Chamonix,Chamonix,HOT-220
2025-02-12T20:43:07,93,Toulouse,Toulouse,HOT-233
2025-03-06T06:42:06,433,Lyon,Lyon,HOT-292
2025-01-25T02:00:54,233,Lille,Lille,HOT-012
2025-01-18T12:32:38,355,Chamonix,Chamonix,HOT-122
2025-03-07T18:35:11,65,Paris,Paris,HOT-045
2025-02-03T19:42:51,68,Lille,Lille,HOT-184
2025-04-17T15:34:44,233,Nantes,Nantes,HOT-296
2025-03-18T05:57:52,287,Marseille,Marseille,HOT-195
2025-05-16T05:10:58,8,Bordeaux,Bordeaux,HOT-041
2025-04-07T05:49:52,284,Paris,Paris,HOT-293
2025-02-22T06:28:51,189,Marseille,Marseille,HOT-038
2025-03-30T15:31:25,402,Strasbourg,Strasbourg,HOT-185
2024-12-27T00:25:30,172,Nantes,Nantes,HOT-161
2024-12-08T13:51:29,498,Lyon,Lyon,HOT-236
2025-03-16T11:26:34,250,Strasbourg,Strasbourg,HOT-149
2025-04-14T18:24:58,362,Lyon,Lyon,HOT-071
2025-05-19T21:36:14,250,Bordeaux,Bordeaux,HOT-198
2025-05-19T03:24:11,309,Marseille,Marseille,HOT-039
2025-02-17T19:39:11,50,Nantes,Nantes,HOT-283
2025-03-26T04:11:45,75,Bordeaux,Bordeaux,HOT-048
2025-04-11T20:26:56,312,Chamonix,Chamonix,HOT-207
2025-04-01T10:47:48,482,Marseille,Marseille,HOT-224
2025-04-04T09:59:43,137,Marseille,Marseille,HOT-084
2025-01-31T00:59:09,73,Chamonix,Chamonix,HOT-245
2025-02-03T02:36:53,172,Nantes,Nantes,HOT-039
2025-04-19T01:12:45,231,Paris,Paris,HOT-136
2024-12-28T03:25:11,370,Toulouse,Toulouse,HOT-137
2025-03-10T16:40:47,470,Marseille,Marseille,HOT-054
2024-12-19T13:07:06,422,Nantes,Nantes,HOT-178
2025-02-10T10:48:41,349,Bordeaux,Bordeaux,HOT-191
2025-01-29T20:07:17,249,Paris,Paris,HOT-164
2025-04-10T13:00:14,223,Nantes,Nantes,HOT-065
2025-02-08T06:51:52,2,Chamonix,Chamonix,HOT-073
2025-05-23T10:27:28,65,Toulouse,Toulouse,HOT-255
2025-01-29T21:59:36,426,Paris,Paris,HOT-295
2025-01-26T20:38:56,10,Paris,Paris,HOT-033
2025-04-13T13:21:18,324,Lille,Lille,HOT-113
2025-04-24T05:33:11,474,Toulouse,Toulouse,HOT-210
2025-05-29T10:22:45,141,Paris,Paris,HOT-236
2025-04-12T15:40:11,88,Nice,Nice,HOT-070
2025-02-03T04:05:01,143,Strasbourg,Strasbourg,HOT-091
2025-01-12T17:26:15,258,Marseille,Marseille,HOT-287
2025-01-05T06:20:14,313,Toulouse,Toulouse,HOT-144
2025-03-17T14:22:44,3,Paris,Paris,HOT-046
2025-05-04T18:59:07,249,Nantes,Nantes,HOT-265
2025-01-22T19:30:17,94,Marseille,Marseille,HOT-135
2025-05-30T20:27:41,368,Strasbourg,Strasbourg,HOT-124
2024-12-18T04:12:18,47,Marseille,Marseille,HOT-215
2025-05-12T13:11:28,38,Lille,Lille,HOT-278
2025-05-22T14:59:42,474,Toulouse,Toulouse,HOT-004
2025-05-11T22:54:07,247,Lyon,Lyon,HOT-031
2025-05-13T10:37:29,403,Toulouse,Toulouse,HOT-288
2025-04-02T15:58:26,329,Paris,Paris,HOT-047
2025-02-23T14:51:04,60,Chamonix,Chamonix,HOT-191
2025-04-14T09:54:37,1,Chamonix,Chamonix,HOT-092
2025-02-07T04:59:36,433,Strasbourg,Strasbourg,HOT-056
2025-04-18T08:10:04,418,Lyon,Lyon,HOT-162
2025-01-03T07:44:05,96,Lille,Lille,HOT-042
2025-04-26T05:02:22,383,Paris,Paris,HOT-186
2024-12-12T02:14:46,117,Strasbourg,Strasbourg,HOT-028
2025-04-13T10:00:14,421,Chamonix,Chamonix,HOT-070
2025-03-13T17:32:29,103,Paris,Paris,HOT-017
2025-02-02T13:14:00,237,Lyon,Lyon,HOT-221
2025-01-26T12:37:48,304,Toulouse,Toulouse,HOT-008
2025-06-01T06:07:49,3,Strasbourg,Strasbourg,HOT-132
2025-02-26T10:16:24,464,Lyon,Lyon,HOT-259
2025-02-23T17:11:01,294,Bordeaux,Bordeaux,HOT-288
2025-02-20T13:06:30,365,Toulouse,Toulouse,HOT-151
2025-04-29T05:02:11,117,Marseille,Marseille,HOT-291
2024-12-14T00:12:52,268,Strasbourg,Strasbourg,HOT-212
2025-03-30T08:42:12,304,Nantes,Nantes,HOT-294
2025-04-23T15:27:23,110,Lille,Lille,HOT-177
2025-03-28T05:31:37,68,Chamonix,Chamonix,HOT-132
2025-05-14T14:31:12,143,Strasbourg,Strasbourg,HOT-060
2025-01-13T00:41:05,212,Lyon,Lyon,HOT-264
2025-02-11T18:53:25,474,Marseille,Marseille,HOT-243
2025-04-27T05:35:02,104,Bordeaux,Bordeaux,HOT-276
2025-04-24T16:09:28,43,Nice,Nice,HOT-037
2025-01-19T07:54:13,19,Bordeaux,Bordeaux,HOT-171
2025-04-19T10:05:25,24,Marseille,Marseille,HOT-181
2025-03-20T23:11:46,397,Nantes,Nantes,HOT-207
2025-04-10T02:22:22,114,Marseille,Marseille,HOT-036
2025-05-08T13:30:05,240,Bordeaux,Bordeaux,HOT-110
2025-03-09T12:42:10,498,Toulouse,Toulouse,HOT-225
2025-06-01T04:20:08,132,Nantes,Nantes,HOT-124
2025-04-16T14:45:00,173,Marseille,Marseille,HOT-216
2025-02-14T18:20:01,272,Paris,Paris,HOT-208
2025-03-15T15:52:28,442,Bordeaux,Bordeaux,HOT-280
2025-02-03T10:37:31,223,Paris,Paris,HOT-220
2025-05-20T07:33:19,230,Nice,Nice,HOT-281
2025-01-09T03:48:40,113,Bordeaux,Bordeaux,HOT-154
2025-05-19T09:16:34,477,Nantes,Nantes,HOT-258
2025-04-13T20:19:21,100,Nantes,Nantes,HOT-156
2025-05-26T08:22:40,496,Marseille,Marseille,HOT-163
2025-03-25T13:14:26,410,Nice,Nice,HOT-196
2025-01-11T07:46:13,472,Bordeaux,Bordeaux,HOT-208
2025-02-02T04:44:56,469,Marseille,Marseille,HOT-277
2024-12-26T02:28:45,25,Toulouse,Toulouse,HOT-172
2025-03-08T13:36:50,28,Strasbourg,Strasbourg,HOT-228
2024-12-31T23:52:44,475,Bordeaux,Bordeaux,HOT-026
2025-04-30T00:32:54,202,Toulouse,Toulouse,HOT-230
2025-01-26T09:01:15,318,Toulouse,Toulouse,HOT-181
2025-04-26T23:13:50,41,Toulouse,Toulouse,HOT-204
2025-05-13T02:46:17,82,Nice,Nice,HOT-290
2025-03-25T16:53:32,94,Paris,Paris,HOT-018
2025-05-04T07:04:21,277,Toulouse,Toulouse,HOT-167
2025-06-02T08:45:20,55,Paris,Paris,HOT-253
2025-01-11T16:46:35,323,Bordeaux,Bordeaux,HOT-015
2025-04-18T03:18:19,342,Chamonix,Chamonix,HOT-053
2025-05-30T20:00:53,456,Nice,Nice,HOT-052
2025-02-10T07:46:36,487,Lyon,Lyon,HOT-052
2025-04-13T05:30:09,237,Nantes,Nantes,HOT-199
2024-12-24T11:47:00,49,Chamonix,Chamonix,HOT-010
2025-01-19T07:23:33,73,Toulouse,Toulouse,HOT-152
2025-02-14T03:21:24,361,Strasbourg,Strasbourg,HOT-200
2025-01-19T12:23:58,28,Marseille,Marseille,HOT-087
2025-04-30T15:53:08,325,Paris,Paris,HOT-208
2025-05-25T08:47:04,368,Chamonix,Chamonix,HOT-190
2025-02-04T18:44:13,471,Nice,Nice,HOT-162
2025-02-26T19:09:37,419,Bordeaux,Bordeaux,HOT-043
2025-05-09T04:23:01,350,Marseille,Marseille,HOT-001
2025-05-28T08:36:23,458,Lyon,Lyon,HOT-070
2025-02-09T11:39:57,94,Strasbourg,Strasbourg,HOT-161
2025-02-17T07:46:54,402,Chamonix,Chamonix,HOT-183
2025-01-26T17:54:36,447,Paris,Paris,HOT-006
2025-03-30T20:34:24,81,Lille,Lille,HOT-026
2025-02-02T05:59:37,41,Toulouse,Toulouse,HOT-057
2025-03-07T04:53:50,173,Nice,Nice,HOT-094
2025-05-21T10:33:37,465,Toulouse,Toulouse,HOT-133
2024-12-30T00:31:03,226,Chamonix,Chamonix,HOT-174
2025-03-08T12:28:31,17,Strasbourg,Strasbourg,HOT-145
2024-12-17T13:46:07,23,Strasbourg,Strasbourg,HOT-052
2025-05-24T09:18:06,392,Strasbourg,Strasbourg,HOT-098
2025-04-09T08:07:09,433,Marseille,Marseille,HOT-238
2025-03-30T11:16:15,305,Nantes,Nantes,HOT-026
2025-03-29T20:04:16,477,Toulouse,Toulouse,HOT-188
2025-04-06T16:04:35,330,Paris,Paris,HOT-119
2024-12-20T23:30:19,342,Lyon,Lyon,HOT-025
2025-03-08T20:19:09,5,Lille,Lille,HOT-148
2025-05-28T20:38:31,491,Chamonix,Chamonix,HOT-111
2025-01-13T22:15:21,497,Bordeaux,Bordeaux,HOT-007
2025-03-14T08:00:35,105,Chamonix,Chamonix,HOT-061
2024-12-30T09:59:55,2,Bordeaux,Bordeaux,HOT-179
2025-05-24T14:26:55,65,Paris,Paris,HOT-110
2025-04-18T07:53:51,220,Paris,Paris,HOT-260
2025-02-19T06:19:24,314,Bordeaux,Bordeaux,HOT-033
2025-03-20T00:50:33,37,Nantes,Nantes,HOT-154
2025-02-03T02:03:16,321,Chamonix,Chamonix,HOT-049
2025-02-25T08:50:07,490,Nice,Nice,HOT-173
2024-12-17T15:33:47,451,Chamonix,Chamonix,HOT-090
2025-05-25T06:04:02,492,Nantes,Nantes,HOT-184
2025-05-22T00:39:43,178,Nice,Nice,HOT-192
2025-01-05T10:17:40,352,Chamonix,Chamonix,HOT-175
2025-01-02T19:47:04,76,Paris,Paris,HOT-186
2025-01-15T01:03:57,199,Lyon,Lyon,HOT-018
2025-02-11T16:34:24,31,Lille,Lille,HOT-250
2025-02-24T14:35:17,292,Chamonix,Chamonix,HOT-007
2025-03-27T17:13:44,330,Paris,Paris,HOT-204
2025-05-29T12:34:33,293,Lille,Lille,HOT-281
2025-06-01T04:46:33,31,Lyon,Lyon,HOT-280
2025-03-06T00:03:12,199,Strasbourg,Strasbourg,HOT-245
2025-01-03T23:05:20,135,Paris,Paris,HOT-124
2025-02-06T14:04:11,246,Nantes,Nantes,HOT-137
2025-05-23T14:39:47,356,Marseille,Marseille,HOT-112
2025-04-25T02:52:22,340,Nice,Nice,HOT-292
2025-01-11T04:08:22,435,Bordeaux,Bordeaux,HOT-158
2025-05-07T09:44:42,298,Toulouse,Toulouse,HOT-116
2024-12-22T20:13:29,11,Paris,Paris,HOT-202
2025-03-11T19:54:27,252,Strasbourg,Strasbourg,HOT-194
2025-02-09T17:46:54,389,Marseille,Marseille,HOT-172
2025-04-08T16:26:31,168,Paris,Paris,HOT-112
2025-01-10T11:40:36,83,Toulouse,Toulouse,HOT-006
2025-02-06T00:13:53,38,Strasbourg,Strasbourg,HOT-109
2025-04-09T08:35:44,195,Toulouse,Toulouse,HOT-131
2024-12-18T09:58:44,67,Lille,Lille,HOT-095
2024-12-08T01:34:57,147,Lyon,Lyon,HOT-236
2025-03-04T22:20:12,276,Bordeaux,Bordeaux,HOT-095
2025-01-29T06:20:54,299,Paris,Paris,HOT-096
2025-01-16T19:24:31,339,Chamonix,Chamonix,HOT-077
2025-05-03T23:02:02,113,Nice,Nice,HOT-158
2025-05-06T08:35:03,170,Lyon,Lyon,HOT-036
2025-01-08T21:22:33,8,Paris,Paris,HOT-293
2025-03-29T01:16:13,21,Lille,Lille,HOT-024
2025-05-04T14:22:06,183,Nice,Nice,HOT-003
2025-01-06T21:58:38,327,Nantes,Nantes,HOT-285
2025-03-12T05:12:38,468,Lille,Lille,HOT-262
2025-05-08T14:57:50,130,Nice,Nice,HOT-008
2025-05-04T10:06:22,78,Lyon,Lyon,HOT-046
2025-05-07T13:31:33,197,Lille,Lille,HOT-228
2024-12-24T05:55:06,113,Marseille,Marseille,HOT-004
2025-01-01T06:41:29,145,Toulouse,Toulouse,HOT-234
2025-04-05T11:17:57,172,Chamonix,Chamonix,HOT-285
2025-03-01T08:51:28,405,Nantes,Nantes,HOT-231
2025-04-09T03:52:55,166,Chamonix,Chamonix,HOT-096
2025-02-28T12:48:37,45,Marseille,Marseille,HOT-217
2025-02-23T11:33:57,160,Marseille,Marseille,HOT-203
2025-02-28T11:01:10,24,Nice,Nice,HOT-124
2025-03-09T20:27:45,215,Marseille,Marseille,HOT-005
2025-02-19T14:00:00,453,Marseille,Marseille,HOT-235
2024-12-08T01:22:33,190,Toulouse,Toulouse,HOT-267
2024-12-14T11:25:43,96,Lyon,Lyon,HOT-131
2025-03-20T19:13:24,237,Strasbourg,Strasbourg,HOT-013
2025-01-14T20:57:13,356,Chamonix,Chamonix,HOT-065
2025-04-28T00:44:03,1,Strasbourg,Strasbourg,HOT-059
2025-02-17T14:23:40,47,Toulouse,Toulouse,HOT-083
2024-12-09T21:13:12,116,Nantes,Nantes,HOT-004
2025-05-29T08:40:01,93,Nice,Nice,HOT-221
2025-02-07T17:14:17,359,Marseille,Marseille,HOT-051
2025-05-03T02:46:55,332,Chamonix,Chamonix,HOT-088
2025-05-17T22:44:35,35,Toulouse,Toulouse,HOT-269
2025-03-20T06:24:46,403,Lyon,Lyon,HOT-268
2025-01-13T03:46:04,294,Strasbourg,Strasbourg,HOT-003
2024-12-10T15:06:40,352,Toulouse,Toulouse,HOT-290
2025-04-17T13:29:27,49,Lille,Lille,HOT-055
2024-12-07T22:50:04,396,Lyon,Lyon,HOT-258
2025-04-07T20:11:19,224,Nice,Nice,HOT-275
2025-04-28T14:27:18,191,Toulouse,Toulouse,HOT-282
2025-01-24T11:12:57,282,Lyon,Lyon,HOT-161
2025-01-20T02:05:26,292,Strasbourg,Strasbourg,HOT-241
2025-04-20T19:40:32,86,Lyon,Lyon,HOT-196
2025-05-26T10:39:47,285,Nantes,Nantes,HOT-023
2025-02-12T00:24:08,363,Paris,Paris,HOT-174
2025-02-05T18:04:17,470,Nice,Nice,HOT-246
2025-01-01T04:28:37,274,Chamonix,Chamonix,HOT-111
2024-12-27T02:16:16,35,Nantes,Nantes,HOT-193
2025-02-19T15:05:27,312,Marseille,Marseille,HOT-261
2025-03-14T21:20:02,466,Chamonix,Chamonix,HOT-246
2025-03-31T11:01:13,461,Marseille,Marseille,HOT-261
2025-02-04T14:12:57,142,Toulouse,Toulouse,HOT-160
2025-01-08T13:59:11,444,Paris,Paris,HOT-050
2024-12-19T19:52:32,264,Marseille,Marseille,HOT-087
2025-05-16T03:00:23,370,Strasbourg,Strasbourg,HOT-084
2024-12-16T00:40:44,1,Paris,Paris,HOT-091
2025-02-03T01:20:21,283,Nice,Nice,HOT-151
2025-02-01T14:58:18,275,Marseille,Marseille,HOT-118
2025-03-05T16:23:12,70,Marseille,Marseille,HOT-031
2025-04-27T11:33:31,130,Lyon,Lyon,HOT-143
2025-03-18T04:20:09,143,Strasbourg,Strasbourg,HOT-143
2025-04-01T22:54:04,336,Nice,Nice,HOT-068
2025-03-18T22:10:52,474,Nantes,Nantes,HOT-057
2025-02-10T18:02:31,34,Lille,Lille,HOT-185
2025-03-01T08:38:33,296,Chamonix,Chamonix,HOT-101
2025-05-28T13:52:30,359,Paris,Paris,HOT-065
2025-04-19T12:14:36,377,Paris,Paris,HOT-066
2025-01-02T03:07:12,19,Nice,Nice,HOT-026
2025-02-11T16:52:00,142,Marseille,Marseille,HOT-113
2025-05-31T04:22:08,437,Marseille,Marseille,HOT-067
2025-03-12T08:00:51,368,Strasbourg,Strasbourg,HOT-255
2025-02-14T21:50:47,184,Marseille,Marseille,HOT-053
2025-05-01T19:24:29,125,Toulouse,Toulouse,HOT-100
2025-01-12T17:44:42,22,Marseille,Marseille,HOT-258
2025-01-08T04:01:44,48,Lille,Lille,HOT-172
2025-06-01T06:02:58,454,Paris,Paris,HOT-209
2025-06-03T10:45:48,130,Lille,Lille,HOT-101
2025-05-13T19:50:56,2,Paris,Paris,HOT-177
2025-02-23T11:33:26,367,Chamonix,Chamonix,HOT-119
2024-12-10T20:44:37,479,Strasbourg,Strasbourg,HOT-234
2025-01-20T12:07:20,236,Toulouse,Toulouse,HOT-204
2025-01-19T17:01:45,463,Chamonix,Chamonix,HOT-050
2025-04-27T08:28:06,313,Nantes,Nantes,HOT-115
2025-01-01T15:04:45,68,Lyon,Lyon,HOT-012
2025-01-17T03:50:02,334,Marseille,Marseille,HOT-046
2025-04-28T16:39:40,213,Lyon,Lyon,HOT-241
2024-12-11T09:44:21,153,Lille,Lille,HOT-021
2025-03-31T15:47:02,441,Marseille,Marseille,HOT-299
2025-03-15T03:22:44,384,Nantes,Nantes,HOT-112
2025-01-08T23:08:31,62,Paris,Paris,HOT-135
2024-12-31T01:35:33,127,Nantes,Nantes,HOT-142
2025-02-16T08:03:21,35,Chamonix,Chamonix,HOT-199
2025-04-24T05:37:45,201,Marseille,Marseille,HOT-078
2025-04-12T11:21:14,291,Lyon,Lyon,HOT-104
2025-05-09T23:11:46,481,Lyon,Lyon,HOT-215
2024-12-14T09:44:32,250,Paris,Paris,HOT-257
2025-02-18T00:08:22,29,Toulouse,Toulouse,HOT-208
2025-05-26T08:36:28,286,Toulouse,Toulouse,HOT-214
2025-04-10T11:43:43,431,Lille,Lille,HOT-236
2025-01-25T19:40:48,489,Paris,Paris,HOT-197
2025-05-05T21:54:00,120,Lille,Lille,HOT-079
2025-03-20T23:39:16,44,Chamonix,Chamonix,HOT-263
2025-04-07T03:38:04,412,Lille,Lille,HOT-186
2024-12-16T14:02:51,186,Paris,Paris,HOT-156
2025-04-01T11:30:10,298,Bordeaux,Bordeaux,HOT-131
2024-12-16T11:07:39,154,Paris,Paris,HOT-226
2025-04-14T16:37:10,495,Lille,Lille,HOT-201
2024-12-28T03:27:40,101,Bordeaux,Bordeaux,HOT-097
2025-04-13T01:27:43,368,Nice,Nice,HOT-291
2025-05-18T12:13:04,214,Toulouse,Toulouse,HOT-005
2024-12-10T23:37:09,155,Chamonix,Chamonix,HOT-193
2024-12-16T12:24:27,86,Strasbourg,Strasbourg,HOT-098
2025-04-20T02:04:58,67,Marseille,Marseille,HOT-198
2024-12-29T15:14:08,69,Lille,Lille,HOT-061
2025-02-26T01:55:51,46,Bordeaux,Bordeaux,HOT-076
2025-03-03T10:16:14,131,Nice,Nice,HOT-211
2025-02-18T23:43:37,341,Marseille,Marseille,HOT-176
2024-12-31T03:36:39,482,Nantes,Nantes,HOT-165
2025-03-23T10:08:12,137,Marseille,Marseille,HOT-052
2025-01-25T05:27:42,348,Nantes,Nantes,HOT-263
2025-03-09T06:27:47,326,Paris,Paris,HOT-274
2025-04-22T10:33:32,377,Strasbourg,Strasbourg,HOT-051
2025-01-05T21:14:24,379,Chamonix,Chamonix,HOT-209
2025-01-16T01:17:30,76,Nice,Nice,HOT-160
2025-04-21T03:26:44,465,Lyon,Lyon,HOT-293
2025-04-19T07:23:46,350,Lille,Lille,HOT-135
2025-04-08T13:04:47,113,Nice,Nice,HOT-287
2024-12-08T22:58:42,174,Nice,Nice,HOT-069
2025-02-03T14:55:13,369,Bordeaux,Bordeaux,HOT-236
2025-02-26T21:01:09,499,Marseille,Marseille,HOT-188
2025-04-14T15:11:47,342,Paris,Paris,HOT-187
2024-12-26T18:12:58,273,Nice,Nice,HOT-116
2025-04-14T19:00:37,126,Bordeaux,Bordeaux,HOT-104
2025-03-18T04:25:58,487,Paris,Paris,HOT-124
2025-01-28T13:48:02,40,Lyon,Lyon,HOT-188
2025-04-07T02:03:50,435,Nantes,Nantes,HOT-256
2025-04-03T18:04:36,208,Paris,Paris,HOT-192
2025-04-22T05:14:15,369,Bordeaux,Bordeaux,HOT-190
2025-01-02T18:50:40,443,Strasbourg,Strasbourg,HOT-200
2025-02-26T11:29:08,470,Chamonix,Chamonix,HOT-138
2025-05-17T10:44:18,256,Toulouse,Toulouse,HOT-233
2025-05-30T15:29:52,206,Chamonix,Chamonix,HOT-138
2024-12-27T12:33:06,370,Toulouse,Toulouse,HOT-103
2025-03-16T11:46:26,185,Nice,Nice,HOT-224
2025-04-25T17:18:34,190,Chamonix,Chamonix,HOT-242
2025-04-06T02:17:50,439,Bordeaux,Bordeaux,HOT-202
2024-12-30T00:17:56,198,Chamonix,Chamonix,HOT-258
2025-01-31T01:07:30,196,Lyon,Lyon,HOT-221
2024-12-29T06:57:11,107,Bordeaux,Bordeaux,HOT-065
2025-05-08T12:51:47,41,Marseille,Marseille,HOT-176
2024-12-27T18:50:27,147,Toulouse,Toulouse,HOT-012
2025-03-13T19:14:53,275,Paris,Paris,HOT-294
2025-01-14T17:22:35,171,Chamonix,Chamonix,HOT-157
2025-04-04T09:46:12,261,Lyon,Lyon,HOT-175
2025-01-14T22:30:56,95,Lille,Lille,HOT-074
2025-05-07T05:10:02,166,Toulouse,Toulouse,HOT-295
2025-01-27T05:15:23,196,Lille,Lille,HOT-155
2025-05-17T14:40:53,433,Strasbourg,Strasbourg,HOT-094
2025-03-18T17:39:13,58,Nice,Nice,HOT-007
2025-01-15T07:28:52,233,Bordeaux,Bordeaux,HOT-070
2025-02-14T15:39:09,123,Toulouse,Toulouse,HOT-061
2025-04-22T17:52:08,137,Marseille,Marseille,HOT-198
2025-02-24T17:13:06,63,Bordeaux,Bordeaux,HOT-027
2025-02-02T12:03:08,342,Bordeaux,Bordeaux,HOT-279
2025-01-07T07:00:40,299,Nice,Nice,HOT-127
2024-12-14T19:15:36,406,Marseille,Marseille,HOT-213
2025-03-23T14:07:40,419,Lyon,Lyon,HOT-155
2025-03-13T12:47:48,398,Toulouse,Toulouse,HOT-159
2025-06-01T22:11:07,110,Paris,Paris,HOT-232
2025-01-16T11:32:24,291,Lille,Lille,HOT-113
2025-04-19T18:52:43,337,Strasbourg,Strasbourg,HOT-116
2025-06-06T08:17:26,54,Paris,Paris,HOT-016
2025-03-10T11:40:20,274,Lyon,Lyon,HOT-254
2025-02-09T08:20:26,482,Nantes,Nantes,HOT-183
2025-01-21T16:29:23,471,Marseille,Marseille,HOT-073
2024-12-07T16:22:34,478,Lyon,Lyon,HOT-041
2024-12-09T15:01:57,189,Nantes,Nantes,HOT-229
2025-04-16T13:39:12,48,Nantes,Nantes,HOT-144
2024-12-24T10:23:57,163,Marseille,Marseille,HOT-108
2025-06-01T05:59:00,186,Bordeaux,Bordeaux,HOT-091
2024-12-28T14:15:41,222,Nantes,Nantes,HOT-236
2025-05-18T08:04:48,133,Bordeaux,Bordeaux,HOT-256
2025-03-28T15:21:42,25,Lyon,Lyon,HOT-255
2025-04-16T01:29:03,100,Marseille,Marseille,HOT-013
2025-03-13T02:18:28,355,Nantes,Nantes,HOT-211
2025-01-05T02:40:47,408,Toulouse,Toulouse,HOT-076
2024-12-24T15:25:54,114,Strasbourg,Strasbourg,HOT-237
2025-05-07T12:28:17,232,Marseille,Marseille,HOT-296
2025-03-16T12:20:09,221,Lille,Lille,HOT-166
2024-12-21T17:21:58,209,Nice,Nice,HOT-100
2025-04-26T15:40:01,240,Paris,Paris,HOT-058
2025-04-26T15:43:33,143,Paris,Paris,HOT-024
2024-12-26T19:39:50,474,Toulouse,Toulouse,HOT-079
2025-05-31T20:11:37,417,Strasbourg,Strasbourg,HOT-275
2025-01-25T20:09:35,33,Paris,Paris,HOT-189
2025-04-11T06:26:35,167,Nantes,Nantes,HOT-024
2025-01-21T00:54:04,19,Paris,Paris,HOT-078
2025-03-05T20:13:52,248,Marseille,Marseille,HOT-066
2025-02-02T15:10:46,34,Bordeaux,Bordeaux,HOT-096
2025-01-27T10:31:40,164,Strasbourg,Strasbourg,HOT-100
2025-03-07T07:18:19,62,Lille,Lille,HOT-014
2024-12-16T21:00:24,310,Bordeaux,Bordeaux,HOT-117
2024-12-26T12:45:33,496,Chamonix,Chamonix,HOT-064
2025-05-14T01:18:07,394,Nice,Nice,HOT-204
2025-01-10T01:47:07,271,Lyon,Lyon,HOT-254
2025-05-25T21:24:21,85,Paris,Paris,HOT-102
2024-12-14T19:26:27,63,Nice,Nice,HOT-194
2025-05-21T15:22:58,319,Toulouse,Toulouse,HOT-180
2025-02-01T13:45:26,364,Marseille,Marseille,HOT-266
2025-02-15T02:20:17,398,Lille,Lille,HOT-091
2025-05-11T19:19:28,465,Paris,Paris,HOT-096
2025-04-17T13:34:36,295,Strasbourg,Strasbourg,HOT-127
2025-02-05T20:56:12,177,Marseille,Marseille,HOT-192
2025-02-27T20:53:51,495,Chamonix,Chamonix,HOT-181
2025-04-29T13:27:46,424,Nice,Nice,HOT-121
2024-12-29T15:45:15,76,Marseille,Marseille,HOT-078
2024-12-25T14:20:27,328,Strasbourg,Strasbourg,HOT-117
2025-05-21T10:42:34,359,Chamonix,Chamonix,HOT-098
2025-05-03T09:06:10,458,Nantes,Nantes,HOT-090
2025-05-29T00:40:39,1,Bordeaux,Bordeaux,HOT-187
2024-12-16T01:28:29,437,Strasbourg,Strasbourg,HOT-114
2024-12-09T00:41:32,401,Toulouse,Toulouse,HOT-116
2025-05-21T14:13:04,67,Nice,Nice,HOT-217
2025-01-03T00:34:51,219,Lyon,Lyon,HOT-260
2025-04-14T23:04:28,180,Paris,Paris,HOT-241
2025-04-11T19:46:49,204,Lyon,Lyon,HOT-026
2025-01-09T06:15:39,283,Strasbourg,Strasbourg,HOT-024
2025-02-08T23:17:11,262,Marseille,Marseille,HOT-200
2025-02-14T13:48:52,311,Strasbourg,Strasbourg,HOT-062
2025-05-29T20:25:01,392,Nantes,Nantes,HOT-082
2025-03-02T03:30:48,425,Nice,Nice,HOT-196
2025-04-06T21:26:48,20,Lyon,Lyon,HOT-008
2025-01-28T06:01:42,252,Lyon,Lyon,HOT-080
2025-05-26T17:36:31,203,Lyon,Lyon,HOT-182
2025-04-28T11:57:37,331,Nantes,Nantes,HOT-114
2024-12-25T04:48:02,458,Nantes,Nantes,HOT-287
2025-02-17T12:09:40,324,Marseille,Marseille,HOT-046
2025-05-14T09:37:29,494,Strasbourg,Strasbourg,HOT-223
2025-02-11T16:49:11,473,Bordeaux,Bordeaux,HOT-274
2025-01-11T15:50:57,441,Bordeaux,Bordeaux,HOT-207
2024-12-29T06:06:42,245,Nice,Nice,HOT-167
2025-02-22T23:22:28,227,Bordeaux,Bordeaux,HOT-068
2025-02-22T20:55:02,75,Nice,Nice,HOT-111
2025-03-05T19:14:26,354,Marseille,Marseille,HOT-073
2025-01-28T22:27:00,488,Marseille,Marseille,HOT-261
2025-05-18T10:17:57,9,Lyon,Lyon,HOT-150
2025-02-20T01:10:50,130,Marseille,Marseille,HOT-178
2025-04-20T02:47:40,287,Chamonix,Chamonix,HOT-079
2025-05-21T08:01:58,368,Marseille,Marseille,HOT-092
2025-03-10T00:23:57,376,Toulouse,Toulouse,HOT-208
2025-05-11T11:24:57,30,Lille,Lille,HOT-094
2025-02-27T01:03:58,421,Chamonix,Chamonix,HOT-173
2025-04-12T03:27:35,109,Toulouse,Toulouse,HOT-026
2025-05-28T05:15:09,461,Lille,Lille,HOT-125
2025-05-10T21:29:01,427,Strasbourg,Strasbourg,HOT-126
2025-01-08T12:51:40,35,Lyon,Lyon,HOT-273
2024-12-29T02:29:52,29,Bordeaux,Bordeaux,HOT-204
2025-01-01T21:09:53,351,Strasbourg,Strasbourg,HOT-142
2025-04-21T08:00:10,54,Nice,Nice,HOT-004
2025-04-27T04:56:14,249,Toulouse,Toulouse,HOT-118
2024-12-18T12:55:41,439,Nantes,Nantes,HOT-157
2025-05-20T02:34:17,396,Lyon,Lyon,HOT-288
2025-01-07T02:27:09,166,Marseille,Marseille,HOT-007
2024-12-27T06:57:15,455,Lyon,Lyon,HOT-113
2025-02-25T22:26:44,397,Lille,Lille,HOT-090
2025-06-02T02:14:26,206,Paris,Paris,HOT-261
2025-03-31T20:42:43,402,Bordeaux,Bordeaux,HOT-205
2025-03-10T21:02:38,118,Chamonix,Chamonix,HOT-243
2025-05-11T22:26:27,337,Toulouse,Toulouse,HOT-198
2025-03-27T15:05:04,33,Toulouse,Toulouse,HOT-142
2025-04-17T21:09:26,405,Strasbourg,Strasbourg,HOT-024
2025-03-02T05:36:10,186,Toulouse,Toulouse,HOT-129
2025-01-11T08:21:05,292,Lyon,Lyon,HOT-090
2025-04-04T20:35:18,480,Lyon,Lyon,HOT-189
2025-02-18T21:22:58,45,Lille,Lille,HOT-138
2025-05-07T10:47:05,37,Lyon,Lyon,HOT-290
2025-02-14T18:48:29,393,Toulouse,Toulouse,HOT-169
2025-04-04T20:45:10,220,Bordeaux,Bordeaux,HOT-009
2024-12-12T17:54:34,292,Lyon,Lyon,HOT-296
2025-05-23T15:30:38,370,Lille,Lille,HOT-109
2025-04-19T01:27:00,303,Toulouse,Toulouse,HOT-231
2025-05-27T00:28:53,281,Strasbourg,Strasbourg,HOT-184
2025-05-18T23:28:45,413,Marseille,Marseille,HOT-031
2025-04-27T08:58:48,245,Paris,Paris,HOT-071
2025-05-29T07:31:55,10,Bordeaux,Bordeaux,HOT-087
2025-01-01T12:30:50,223,Marseille,Marseille,HOT-008
2025-03-10T22:55:49,37,Chamonix,Chamonix,HOT-255
2025-06-03T20:58:53,50,Marseille,Marseille,HOT-046
2025-03-11T22:25:59,77,Bordeaux,Bordeaux,HOT-038
2024-12-29T01:56:34,482,Nice,Nice,HOT-293
2025-05-28T12:06:13,125,Lille,Lille,HOT-207
2025-02-25T00:20:22,237,Nantes,Nantes,HOT-291
2025-03-02T17:22:13,332,Strasbourg,Strasbourg,HOT-208
2024-12-16T01:51:45,19,Chamonix,Chamonix,HOT-268
2024-12-19T10:47:00,243,Nice,Nice,HOT-038
2025-01-26T22:49:13,85,Lille,Lille,HOT-252
2025-04-13T08:00:51,458,Strasbourg,Strasbourg,HOT-119
2025-02-06T04:04:15,41,Chamonix,Chamonix,HOT-095
2024-12-09T13:13:07,68,Strasbourg,Strasbourg,HOT-200
2025-04-22T23:08:30,346,Paris,Paris,HOT-236
2025-05-24T18:20:16,492,Toulouse,Toulouse,HOT-296
2025-04-17T18:59:37,494,Nantes,Nantes,HOT-274
2025-03-19T01:26:41,319,Strasbourg,Strasbourg,HOT-279
2025-05-05T04:33:33,216,Toulouse,Toulouse,HOT-122
2025-04-30T13:09:15,431,Nice,Nice,HOT-293
2025-03-29T02:59:42,461,Bordeaux,Bordeaux,HOT-104
2025-04-26T16:38:43,60,Chamonix,Chamonix,HOT-047
2025-03-26T20:45:50,323,Lille,Lille,HOT-169
2025-01-19T15:27:41,159,Nice,Nice,HOT-016
2025-04-16T05:19:01,489,Nantes,Nantes,HOT-297
2025-05-25T16:45:36,327,Toulouse,Toulouse,HOT-094
2025-02-10T20:12:40,120,Lyon,Lyon,HOT-075
2025-03-17T22:47:45,24,Marseille,Marseille,HOT-062
2025-03-18T17:27:12,301,Lyon,Lyon,HOT-181
2025-04-19T19:03:16,432,Paris,Paris,HOT-179
2025-04-22T04:33:23,249,Lille,Lille,HOT-140
2025-04-06T04:49:07,145,Chamonix,Chamonix,HOT-234
2024-12-25T15:28:35,410,Bordeaux,Bordeaux,HOT-246
2025-03-01T04:50:00,4,Paris,Paris,HOT-001
2025-04-14T15:25:24,72,Lille,Lille,HOT-288
2025-04-27T06:03:35,238,Lille,Lille,HOT-157
2025-01-24T10:04:07,159,Nantes,Nantes,HOT-223
2025-03-10T17:34:16,255,Lille,Lille,HOT-153
2025-02-12T06:55:31,294,Strasbourg,Strasbourg,HOT-231
2025-04-15T00:43:54,473,Bordeaux,Bordeaux,HOT-046
2025-04-17T11:22:54,215,Nice,Nice,HOT-198
2025-04-10T16:46:39,456,Toulouse,Toulouse,HOT-219
2025-02-19T21:16:16,354,Paris,Paris,HOT-132
2025-01-05T00:23:45,440,Toulouse,Toulouse,HOT-017
2025-05-19T01:47:36,12,Lille,Lille,HOT-126
2025-05-16T15:05:43,181,Toulouse,Toulouse,HOT-113
2025-03-25T13:41:19,241,Nice,Nice,HOT-020
2025-05-29T08:55:32,302,Lille,Lille,HOT-140
2025-04-05T04:00:08,290,Lille,Lille,HOT-096
2024-12-17T17:54:45,493,Strasbourg,Strasbourg,HOT-226
2024-12-09T09:53:06,41,Lyon,Lyon,HOT-290
2025-04-11T02:04:17,333,Toulouse,Toulouse,HOT-071
2025-06-06T14:06:09,292,Lille,Lille,HOT-115
2025-01-06T14:57:02,165,Nice,Nice,HOT-026
2025-03-15T07:43:54,356,Toulouse,Toulouse,HOT-239
2025-05-20T23:31:23,369,Paris,Paris,HOT-092
2025-03-08T06:39:39,189,Toulouse,Toulouse,HOT-057
2025-05-21T13:37:24,83,Nantes,Nantes,HOT-083
2025-03-13T10:22:27,237,Lille,Lille,HOT-106
2025-05-24T23:23:11,219,Bordeaux,Bordeaux,HOT-121
2025-01-08T06:27:14,41,Toulouse,Toulouse,HOT-149
2024-12-21T16:30:48,470,Nantes,Nantes,HOT-287
2025-05-02T01:32:01,431,Chamonix,Chamonix,HOT-172
2025-03-12T14:51:42,314,Lille,Lille,HOT-179
2025-02-07T09:52:40,473,Bordeaux,Bordeaux,HOT-212
2025-01-22T22:15:12,337,Lille,Lille,HOT-127
2025-02-09T09:41:52,153,Toulouse,Toulouse,HOT-135
2025-01-30T03:55:20,448,Bordeaux,Bordeaux,HOT-114
2024-12-16T22:16:02,158,Bordeaux,Bordeaux,HOT-038
2025-03-15T14:04:40,406,Bordeaux,Bordeaux,HOT-063
2025-01-19T09:30:13,203,Chamonix,Chamonix,HOT-126
2025-03-24T01:06:41,386,Chamonix,Chamonix,HOT-125
2025-04-11T01:41:31,427,Bordeaux,Bordeaux,HOT-142
2025-02-18T16:11:42,297,Strasbourg,Strasbourg,HOT-146
2025-02-23T11:01:23,116,Chamonix,Chamonix,HOT-139
2025-05-14T19:35:36,450,Lille,Lille,HOT-136
2025-01-21T18:47:43,9,Nantes,Nantes,HOT-288
2024-12-22T10:59:35,88,Marseille,Marseille,HOT-115
2025-03-06T07:09:07,25,Chamonix,Chamonix,HOT-169
2025-03-03T09:41:10,257,Lille,Lille,HOT-066
2025-05-11T17:45:51,310,Strasbourg,Strasbourg,HOT-112
2025-03-28T10:09:08,295,Nantes,Nantes,HOT-268
2025-03-04T03:54:24,299,Bordeaux,Bordeaux,HOT-052
2024-12-24T05:49:06,128,Marseille,Marseille,HOT-054
2025-05-22T11:36:40,496,Paris,Paris,HOT-293
2025-03-13T22:35:24,229,Marseille,Marseille,HOT-032
2025-03-03T23:06:16,354,Marseille,Marseille,HOT-059
2025-02-06T12:34:10,441,Strasbourg,Strasbourg,HOT-023
2024-12-30T04:49:48,246,Toulouse,Toulouse,HOT-155
2025-03-13T17:32:38,461,Nantes,Nantes,HOT-179
2025-04-30T20:40:53,99,Bordeaux,Bordeaux,HOT-212
2025-04-13T00:33:18,190,Toulouse,Toulouse,HOT-242
2024-12-10T14:25:34,410,Chamonix,Chamonix,HOT-068
2024-12-27T01:58:07,440,Marseille,Marseille,HOT-020
2025-02-23T11:46:52,126,Paris,Paris,HOT-022
2025-02-25T05:15:10,155,Bordeaux,Bordeaux,HOT-291
2024-12-14T02:36:18,222,Bordeaux,Bordeaux,HOT-196
2025-03-25T08:02:05,476,Lyon,Lyon,HOT-076
2025-03-23T18:36:07,371,Chamonix,Chamonix,HOT-115
2024-12-07T04:24:25,291,Paris,Paris,HOT-015
2025-05-16T12:37:47,73,Toulouse,Toulouse,HOT-055
2024-12-24T19:13:12,70,Lyon,Lyon,HOT-105
2025-05-09T21:35:37,376,Strasbourg,Strasbourg,HOT-171
2025-04-03T11:24:26,440,Lille,Lille,HOT-183
2025-04-06T08:40:24,271,Chamonix,Chamonix,HOT-201
2025-04-09T22:45:32,98,Toulouse,Toulouse,HOT-299
2025-02-04T07:08:43,173,Strasbourg,Strasbourg,HOT-002
2025-05-28T23:50:00,285,Lille,Lille,HOT-041
2025-03-15T20:38:30,473,Chamonix,Chamonix,HOT-112
2025-03-26T08:16:33,484,Lyon,Lyon,HOT-134
2025-01-16T07:36:46,362,Toulouse,Toulouse,HOT-283
2025-04-13T06:15:16,153,Nice,Nice,HOT-133
2025-04-16T12:54:48,357,Toulouse,Toulouse,HOT-204
2025-03-05T17:41:56,199,Nice,Nice,HOT-044
2025-02-11T08:06:42,38,Nice,Nice,HOT-278
2025-02-15T16:54:53,282,Toulouse,Toulouse,HOT-025
2025-05-16T09:50:38,454,Nice,Nice,HOT-152
2024-12-17T16:33:24,456,Marseille,Marseille,HOT-098
2025-05-14T17:11:42,425,Lille,Lille,HOT-081
2025-01-19T10:29:23,478,Marseille,Marseille,HOT-018
2025-05-20T02:25:14,440,Nice,Nice,HOT-100
2025-03-05T09:33:11,159,Strasbourg,Strasbourg,HOT-150
2025-02-09T14:43:14,94,Bordeaux,Bordeaux,HOT-209
2025-03-25T22:06:29,107,Lyon,Lyon,HOT-010
2025-05-05T04:02:08,155,Nice,Nice,HOT-231
2025-04-06T11:53:51,366,Chamonix,Chamonix,HOT-213
2025-04-02T15:35:28,259,Lille,Lille,HOT-277
2025-03-09T00:34:43,426,Paris,Paris,HOT-017
2025-04-25T07:29:05,283,Toulouse,Toulouse,HOT-073
2025-04-13T18:14:14,292,Bordeaux,Bordeaux,HOT-196
2025-02-15T16:41:29,386,Chamonix,Chamonix,HOT-026
2025-04-25T04:00:53,79,Lyon,Lyon,HOT-250
2025-03-05T00:34:12,225,Bordeaux,Bordeaux,HOT-033
2024-12-29T07:00:12,239,Bordeaux,Bordeaux,HOT-097
2024-12-26T01:42:19,20,Bordeaux,Bordeaux,HOT-107
2025-05-03T14:18:12,431,Toulouse,Toulouse,HOT-030
2025-04-14T02:21:37,80,Nice,Nice,HOT-275
2025-01-19T05:01:57,407,Toulouse,Toulouse,HOT-025
2024-12-07T13:51:16,84,Marseille,Marseille,HOT-287
2025-02-11T10:27:20,313,Bordeaux,Bordeaux,HOT-217
2025-02-14T02:41:01,201,Toulouse,Toulouse,HOT-093
2025-05-17T07:09:19,230,Toulouse,Toulouse,HOT-082
2025-04-09T04:41:28,102,Nice,Nice,HOT-069
2025-05-11T11:28:46,267,Marseille,Marseille,HOT-120
2025-02-01T20:21:29,5,Marseille,Marseille,HOT-009
2025-03-23T12:02:21,69,Toulouse,Toulouse,HOT-206
2025-03-18T12:14:34,294,Lyon,Lyon,HOT-111
2025-02-17T18:04:17,105,Paris,Paris,HOT-118
2025-04-22T11:37:15,12,Nice,Nice,HOT-102
2024-12-27T19:06:49,130,Lille,Lille,HOT-240
2024-12-16T00:57:27,226,Lyon,Lyon,HOT-063
2025-05-30T07:21:59,344,Lille,Lille,HOT-234
2025-01-08T00:38:08,187,Paris,Paris,HOT-225
2025-03-12T18:28:10,439,Lille,Lille,HOT-073
2025-01-03T10:09:24,398,Strasbourg,Strasbourg,HOT-178
2025-05-15T17:39:42,385,Toulouse,Toulouse,HOT-128
2025-04-25T08:24:27,461,Paris,Paris,HOT-089
2025-04-30T07:58:03,143,Toulouse,Toulouse,HOT-108
2025-04-26T06:19:30,29,Lyon,Lyon,HOT-089
2025-02-24T14:40:35,467,Nice,Nice,HOT-298
2024-12-27T22:05:34,285,Bordeaux,Bordeaux,HOT-250
2025-01-25T12:41:24,88,Nice,Nice,HOT-015
2025-04-04T18:23:30,111,Bordeaux,Bordeaux,HOT-068
2025-01-14T04:40:34,24,Marseille,Marseille,HOT-277
2025-01-12T13:37:54,152,Strasbourg,Strasbourg,HOT-035
2024-12-30T14:19:56,485,Chamonix,Chamonix,HOT-009
2025-06-05T18:44:17,47,Strasbourg,Strasbourg,HOT-084
2025-05-21T15:07:47,491,Marseille,Marseille,HOT-068
2025-02-21T10:38:47,150,Paris,Paris,HOT-192
2025-01-18T00:20:09,30,Strasbourg,Strasbourg,HOT-212
2025-03-05T21:36:17,470,Bordeaux,Bordeaux,HOT-280
2025-05-16T06:19:00,237,Lyon,Lyon,HOT-244
2025-05-07T21:17:56,329,Strasbourg,Strasbourg,HOT-165
2025-01-13T03:46:39,423,Bordeaux,Bordeaux,HOT-212
2025-04-25T08:05:23,55,Chamonix,Chamonix,HOT-094
2025-02-10T18:30:02,474,Bordeaux,Bordeaux,HOT-026
2024-12-28T01:50:27,198,Toulouse,Toulouse,HOT-278
2025-05-03T04:11:16,117,Nantes,Nantes,HOT-226
2025-02-25T15:11:16,79,Strasbourg,Strasbourg,HOT-076
2024-12-16T04:19:24,174,Nantes,Nantes,HOT-033
2025-06-05T02:00:31,93,Marseille,Marseille,HOT-163
2025-04-09T02:43:50,307,Paris,Paris,HOT-176
2025-05-18T18:29:29,198,Lille,Lille,HOT-274
2025-04-16T16:01:25,145,Bordeaux,Bordeaux,HOT-260
2025-03-31T11:40:29,372,Marseille,Marseille,HOT-127
2024-12-31T01:51:32,249,Nice,Nice,HOT-097
2025-05-06T02:04:24,232,Chamonix,Chamonix,HOT-040
2025-05-29T07:29:33,407,Marseille,Marseille,HOT-052
2025-03-04T15:07:10,67,Lyon,Lyon,HOT-045
2025-03-05T23:11:53,25,Lyon,Lyon,HOT-272
2025-04-14T00:14:48,235,Nantes,Nantes,HOT-022
2025-03-31T14:01:42,121,Toulouse,Toulouse,HOT-284
2025-03-15T01:20:49,213,Chamonix,Chamonix,HOT-026
2025-01-02T07:03:55,343,Lyon,Lyon,HOT-233
2025-03-14T00:19:33,438,Paris,Paris,HOT-249
2024-12-07T23:49:51,150,Paris,Paris,HOT-116
2025-03-20T03:17:35,307,Marseille,Marseille,HOT-181
2025-04-29T02:37:18,54,Chamonix,Chamonix,HOT-129
2024-12-16T13:58:34,356,Toulouse,Toulouse,HOT-092
2025-03-24T13:50:15,307,Toulouse,Toulouse,HOT-057
2025-06-06T18:28:07,253,Lyon,Lyon,HOT-089
2025-03-01T04:39:31,90,Marseille,Marseille,HOT-253
2025-05-19T00:46:57,485,Lille,Lille,HOT-131
2025-03-30T18:28:34,128,Nice,Nice,HOT-286
2025-03-10T22:14:31,233,Marseille,Marseille,HOT-084
2025-06-04T15:29:47,11,Toulouse,Toulouse,HOT-149
2025-03-15T20:37:08,77,Marseille,Marseille,HOT-058
2025-05-07T19:43:10,193,Marseille,Marseille,HOT-193
2025-06-04T00:32:37,348,Toulouse,Toulouse,HOT-134
2025-06-01T21:22:09,303,Lille,Lille,HOT-099
2025-01-10T13:26:21,466,Nice,Nice,HOT-001
2025-04-20T11:43:13,355,Nantes,Nantes,HOT-101
2025-03-29T11:52:29,104,Bordeaux,Bordeaux,HOT-151
2025-01-09T20:53:06,155,Strasbourg,Strasbourg,HOT-010
2025-04-27T23:58:04,157,Nantes,Nantes,HOT-266
2025-05-14T10:55:45,256,Nantes,Nantes,HOT-298
2025-01-01T01:55:06,473,Toulouse,Toulouse,HOT-007
2024-12-27T06:12:45,139,Strasbourg,Strasbourg,HOT-011
2025-02-20T09:03:25,412,Marseille,Marseille,HOT-006
2025-04-13T19:53:23,441,Toulouse,Toulouse,HOT-194
2025-04-02T18:21:48,393,Nantes,Nantes,HOT-179
2025-04-03T20:31:48,37,Chamonix,Chamonix,HOT-161
2025-05-27T13:16:37,98,Strasbourg,Strasbourg,HOT-255
2025-02-07T15:31:00,132,Chamonix,Chamonix,HOT-094
2025-03-15T00:56:22,204,Lille,Lille,HOT-108
2025-05-27T07:11:37,82,Chamonix,Chamonix,HOT-163
2025-02-19T20:16:26,213,Nice,Nice,HOT-138
2025-02-26T10:44:06,95,Strasbourg,Strasbourg,HOT-255
2025-04-04T09:43:56,243,Toulouse,Toulouse,HOT-088
2025-06-03T00:04:01,82,Toulouse,Toulouse,HOT-291
2025-04-20T14:58:20,79,Paris,Paris,HOT-215
2025-05-04T04:32:22,42,Lille,Lille,HOT-179
2025-01-24T08:29:33,278,Lyon,Lyon,HOT-073
2025-01-29T06:39:55,415,Chamonix,Chamonix,HOT-069
2025-02-22T09:49:28,15,Toulouse,Toulouse,HOT-294
2025-02-11T17:27:14,372,Marseille,Marseille,HOT-078
2025-02-02T06:33:51,304,Bordeaux,Bordeaux,HOT-060
2025-03-05T02:01:48,37,Toulouse,Toulouse,HOT-211
2025-05-12T10:14:28,112,Paris,Paris,HOT-078
2025-01-02T01:10:26,303,Toulouse,Toulouse,HOT-162
2025-01-02T23:34:53,388,Chamonix,Chamonix,HOT-206
2025-02-25T07:08:57,120,Lille,Lille,HOT-126
2025-04-03T03:35:00,238,Marseille,Marseille,HOT-210
2025-04-22T01:55:08,89,Chamonix,Chamonix,HOT-152
2025-05-28T06:42:40,341,Marseille,Marseille,HOT-022
2025-05-01T11:32:17,221,Lille,Lille,HOT-039
2025-03-16T15:04:55,172,Bordeaux,Bordeaux,HOT-264
2025-02-03T04:39:08,14,Nantes,Nantes,HOT-174
2025-05-19T20:37:39,50,Nice,Nice,HOT-105
2025-04-22T08:48:59,371,Lyon,Lyon,HOT-115
2025-03-23T12:34:37,336,Nantes,Nantes,HOT-021
2025-05-23T06:48:14,23,Bordeaux,Bordeaux,HOT-294
2025-02-06T02:32:47,274,Nice,Nice,HOT-081
2025-04-24T09:11:27,33,Lyon,Lyon,HOT-091
2025-04-29T05:26:23,436,Marseille,Marseille,HOT-049
2025-06-06T19:25:06,487,Marseille,Marseille,HOT-040
2025-03-24T15:29:35,191,Bordeaux,Bordeaux,HOT-262
2025-04-08T23:40:04,340,Lyon,Lyon,HOT-191
2025-01-18T08:30:21,276,Marseille,Marseille,HOT-223
2025-01-15T03:49:37,279,Lille,Lille,HOT-275
2025-01-16T20:56:53,256,Lille,Lille,HOT-153
2025-04-07T08:26:52,458,Paris,Paris,HOT-054
2025-04-24T20:53:21,391,Chamonix,Chamonix,HOT-057
2025-02-01T13:48:52,272,Toulouse,Toulouse,HOT-135
2025-04-19T11:27:24,285,Nantes,Nantes,HOT-030
2025-02-12T04:48:02,200,Bordeaux,Bordeaux,HOT-157
2025-06-04T00:40:51,385,Marseille,Marseille,HOT-001
2025-04-16T17:06:17,22,Lille,Lille,HOT-091
2025-01-01T21:54:40,292,Nantes,Nantes,HOT-255
2025-04-24T02:18:12,227,Nantes,Nantes,HOT-246
2025-04-12T09:14:17,126,Toulouse,Toulouse,HOT-267
2025-01-10T16:17:00,168,Lille,Lille,HOT-206
2025-03-14T23:55:47,145,Lille,Lille,HOT-160
2025-03-22T11:48:34,397,Lyon,Lyon,HOT-223
2025-04-20T23:20:39,371,Marseille,Marseille,HOT-112
2025-04-09T19:40:48,152,Marseille,Marseille,HOT-058
2025-02-07T18:01:20,313,Marseille,Marseille,HOT-224
2025-04-24T02:05:59,415,Marseille,Marseille,HOT-092
2024-12-29T13:26:36,39,Nice,Nice,HOT-094
2025-05-03T21:05:04,9,Bordeaux,Bordeaux,HOT-033
2025-02-13T13:09:47,24,Bordeaux,Bordeaux,HOT-084
2025-03-26T08:01:54,314,Bordeaux,Bordeaux,HOT-273
2025-03-10T10:18:07,112,Lyon,Lyon,HOT-145
2025-03-30T07:41:24,376,Strasbourg,Strasbourg,HOT-262
2025-03-27T22:58:58,470,Chamonix,Chamonix,HOT-058
2025-04-15T16:47:39,47,Strasbourg,Strasbourg,HOT-229
2025-04-24T01:01:55,79,Lille,Lille,HOT-143
2025-02-26T05:12:15,295,Nantes,Nantes,HOT-050
2025-04-17T01:49:06,334,Marseille,Marseille,HOT-264
2025-05-01T08:56:13,358,Nice,Nice,HOT-057
2025-05-29T17:20:00,377,Nantes,Nantes,HOT-011
2025-05-19T12:46:28,30,Nice,Nice,HOT-222
2025-03-20T19:47:00,217,Lille,Lille,HOT-011
2025-01-31T16:08:13,378,Marseille,Marseille,HOT-002
2025-05-26T12:57:23,32,Paris,Paris,HOT-179
2025-05-20T16:19:31,480,Nice,Nice,HOT-083
2025-02-27T04:04:45,277,Toulouse,Toulouse,HOT-100
2025-05-13T02:35:21,279,Lille,Lille,HOT-097
2024-12-09T15:07:51,447,Lyon,Lyon,HOT-002
2025-03-18T15:42:51,165,Paris,Paris,HOT-168
2024-12-27T19:48:16,415,Marseille,Marseille,HOT-139
2024-12-12T01:23:34,126,Nantes,Nantes,HOT-121
2025-02-19T02:36:01,282,Paris,Paris,HOT-182
2025-01-04T08:53:15,284,Marseille,Marseille,HOT-214
2024-12-17T10:55:00,432,Chamonix,Chamonix,HOT-088
2025-04-16T07:13:37,338,Chamonix,Chamonix,HOT-032
2024-12-18T03:24:48,31,Strasbourg,Strasbourg,HOT-204
2025-01-14T23:13:44,274,Lille,Lille,HOT-084
2025-01-27T23:49:30,422,Strasbourg,Strasbourg,HOT-224
2025-05-01T19:43:54,478,Nice,Nice,HOT-117
2025-05-08T16:27:41,91,Nantes,Nantes,HOT-106
2025-01-07T09:37:45,452,Nantes,Nantes,HOT-198
2025-01-31T19:20:28,345,Nice,Nice,HOT-110
2025-04-18T20:26:45,418,Strasbourg,Strasbourg,HOT-209
2025-01-24T19:18:54,461,Lyon,Lyon,HOT-259
2025-01-04T14:01:18,173,Lyon,Lyon,HOT-278
2025-05-19T03:25:08,468,Lille,Lille,HOT-091
2024-12-19T04:42:36,204,Strasbourg,Strasbourg,HOT-054
2025-04-20T06:01:16,127,Lille,Lille,HOT-283
2025-05-08T10:59:11,157,Lyon,Lyon,HOT-001
2025-02-02T11:04:15,499,Lyon,Lyon,HOT-098
2025-01-15T18:19:45,80,Nantes,Nantes,HOT-081
2025-05-02T11:37:06,103,Nice,Nice,HOT-079
2025-03-22T05:39:39,51,Nantes,Nantes,HOT-261
2024-12-13T10:10:29,375,Nice,Nice,HOT-179
2025-02-14T19:11:50,460,Marseille,Marseille,HOT-237
2025-05-14T05:15:11,378,Chamonix,Chamonix,HOT-033
2025-03-05T00:51:33,271,Strasbourg,Strasbourg,HOT-167
2024-12-27T01:12:27,363,Paris,Paris,HOT-208
2025-04-05T18:53:28,488,Strasbourg,Strasbourg,HOT-253
2025-05-24T16:57:14,198,Lyon,Lyon,HOT-023
2025-04-17T07:47:43,217,Toulouse,Toulouse,HOT-298
2025-04-29T17:54:03,86,Paris,Paris,HOT-276
2025-03-26T06:11:23,268,Lyon,Lyon,HOT-137
2025-05-24T02:04:10,127,Lyon,Lyon,HOT-066
2025-01-19T16:57:51,240,Chamonix,Chamonix,HOT-228
2025-04-30T07:30:36,490,Lille,Lille,HOT-060
2025-04-11T19:24:40,236,Nantes,Nantes,HOT-057
2025-03-26T03:19:35,181,Chamonix,Chamonix,HOT-215
2025-02-20T15:57:33,297,Nantes,Nantes,HOT-127
2025-01-22T06:53:28,278,Bordeaux,Bordeaux,HOT-180
2025-03-16T08:41:11,339,Strasbourg,Strasbourg,HOT-092
2025-05-08T10:45:08,377,Paris,Paris,HOT-078
2025-05-10T21:07:48,360,Lille,Lille,HOT-193
2025-05-11T06:23:43,189,Lille,Lille,HOT-274
2025-04-21T07:48:36,197,Marseille,Marseille,HOT-182
2025-02-01T00:06:33,295,Lyon,Lyon,HOT-071
2025-04-20T16:55:56,166,Strasbourg,Strasbourg,HOT-105
2025-04-15T04:22:50,158,Chamonix,Chamonix,HOT-260
2024-12-16T06:33:29,304,Chamonix,Chamonix,HOT-084
2025-06-05T01:20:53,176,Toulouse,Toulouse,HOT-115
2025-02-19T05:55:12,309,Bordeaux,Bordeaux,HOT-223
2025-02-20T09:45:06,322,Paris,Paris,HOT-228
2025-02-26T00:57:19,378,Bordeaux,Bordeaux,HOT-070
2025-05-09T04:28:55,297,Chamonix,Chamonix,HOT-012
2025-04-19T04:38:26,228,Bordeaux,Bordeaux,HOT-244
2025-02-05T20:41:21,74,Chamonix,Chamonix,HOT-211
2025-03-24T08:42:11,217,Chamonix,Chamonix,HOT-156
2024-12-17T14:21:09,33,Strasbourg,Strasbourg,HOT-294
2024-12-09T16:02:18,317,Lille,Lille,HOT-249
2025-04-30T13:22:09,12,Nantes,Nantes,HOT-002
2025-01-24T22:57:02,284,Chamonix,Chamonix,HOT-235
2025-01-15T14:04:16,158,Strasbourg,Strasbourg,HOT-131
2025-04-06T15:38:35,287,Toulouse,Toulouse,HOT-293
2025-05-24T20:45:01,146,Lille,Lille,HOT-142
2025-05-07T18:59:23,39,Nantes,Nantes,HOT-100
2025-05-23T05:34:45,411,Chamonix,Chamonix,HOT-259
2025-05-25T02:39:37,434,Bordeaux,Bordeaux,HOT-058
2025-03-03T04:26:35,211,Strasbourg,Strasbourg,HOT-125
2025-05-17T07:37:10,148,Strasbourg,Strasbourg,HOT-266
2025-01-19T22:44:53,484,Toulouse,Toulouse,HOT-106
2025-06-02T03:27:01,205,Chamonix,Chamonix,HOT-275
2025-04-09T05:17:04,414,Nantes,Nantes,HOT-055
2025-04-22T23:25:32,195,Bordeaux,Bordeaux,HOT-274
2025-04-23T22:20:15,15,Bordeaux,Bordeaux,HOT-149
2025-04-11T21:48:06,162,Paris,Paris,HOT-086
2025-02-16T13:24:50,340,Nantes,Nantes,HOT-202
2025-05-02T18:40:23,449,Paris,Paris,HOT-168
2025-03-31T09:41:25,495,Marseille,Marseille,HOT-061
2025-03-23T07:01:38,428,Paris,Paris,HOT-084
2025-04-29T13:02:33,205,Marseille,Marseille,HOT-235
2025-04-03T07:36:11,21,Lille,Lille,HOT-205
2025-01-14T07:13:42,149,Nantes,Nantes,HOT-032
2025-05-06T20:43:19,10,Nantes,Nantes,HOT-092
2025-04-26T21:57:45,139,Nantes,Nantes,HOT-130
2025-01-13T17:22:50,184,Nantes,Nantes,HOT-054
2025-02-02T06:35:01,395,Nice,Nice,HOT-001
2025-03-04T07:14:42,285,Nantes,Nantes,HOT-294
2025-01-10T14:28:50,285,Nice,Nice,HOT-022
2025-04-18T17:02:13,169,Strasbourg,Strasbourg,HOT-157
2024-12-21T14:40:00,342,Nantes,Nantes,HOT-283
2025-01-12T10:59:24,122,Chamonix,Chamonix,HOT-243
2025-01-09T21:33:36,135,Lyon,Lyon,HOT-284
2025-04-28T21:20:05,178,Lille,Lille,HOT-122
2025-03-16T22:18:57,8,Marseille,Marseille,HOT-229
2024-12-30T07:50:42,404,Toulouse,Toulouse,HOT-007
2025-02-18T09:29:14,25,Paris,Paris,HOT-109
2024-12-15T00:59:07,24,Toulouse,Toulouse,HOT-200
2025-02-28T08:36:26,390,Lille,Lille,HOT-053
2025-01-30T08:22:24,304,Chamonix,Chamonix,HOT-183
2025-03-25T05:33:13,331,Nice,Nice,HOT-009
2025-01-27T11:03:42,467,Toulouse,Toulouse,HOT-199
2025-01-01T09:46:12,150,Lyon,Lyon,HOT-286
2025-01-07T09:35:56,134,Chamonix,Chamonix,HOT-099
2025-03-30T13:11:18,423,Strasbourg,Strasbourg,HOT-278
2025-05-20T10:19:40,341,Bordeaux,Bordeaux,HOT-222
2025-01-25T16:04:39,230,Chamonix,Chamonix,HOT-027
2024-12-08T05:55:27,258,Strasbourg,Strasbourg,HOT-010
2025-02-09T08:09:01,335,Lyon,Lyon,HOT-272
2025-03-07T16:52:39,242,Marseille,Marseille,HOT-213
2025-04-23T23:00:28,450,Paris,Paris,HOT-016
2025-06-07T04:39:24,58,Nice,Nice,HOT-219
2025-01-06T05:03:46,191,Lyon,Lyon,HOT-025
2024-12-14T21:45:09,119,Bordeaux,Bordeaux,HOT-152
2025-01-05T23:55:32,156,Bordeaux,Bordeaux,HOT-068
2025-06-05T11:20:14,308,Chamonix,Chamonix,HOT-023
2025-02-07T19:10:51,202,Strasbourg,Strasbourg,HOT-141
2025-04-02T01:16:48,341,Toulouse,Toulouse,HOT-217
2024-12-17T00:37:10,287,Lille,Lille,HOT-192
2025-05-06T09:08:14,85,Bordeaux,Bordeaux,HOT-020
2025-06-06T04:49:49,194,Marseille,Marseille,HOT-065
2025-04-07T14:02:09,60,Toulouse,Toulouse,HOT-177
2025-04-05T16:33:37,313,Chamonix,Chamonix,HOT-224
2025-05-19T20:55:59,447,Strasbourg,Strasbourg,HOT-071
2025-04-14T16:14:53,162,Lille,Lille,HOT-092
2025-02-03T15:05:57,95,Marseille,Marseille,HOT-064
2025-03-12T09:44:57,312,Paris,Paris,HOT-170
2025-05-09T12:51:18,121,Nice,Nice,HOT-151
2025-03-28T08:29:03,226,Paris,Paris,HOT-133
2025-03-23T23:32:54,256,Bordeaux,Bordeaux,HOT-246
2025-02-14T16:24:57,462,Lille,Lille,HOT-156
2024-12-21T07:15:54,278,Bordeaux,Bordeaux,HOT-167
2025-05-08T09:28:02,191,Chamonix,Chamonix,HOT-115
2025-04-23T13:39:04,308,Lille,Lille,HOT-168
2025-02-06T20:56:47,88,Lyon,Lyon,HOT-119
2025-03-19T04:08:04,274,Nice,Nice,HOT-161
2025-01-18T20:42:48,4,Strasbourg,Strasbourg,HOT-042
2025-01-11T20:30:29,497,Marseille,Marseille,HOT-148
2025-03-18T05:49:02,171,Toulouse,Toulouse,HOT-112
2024-12-20T09:20:29,53,Marseille,Marseille,HOT-029
2025-05-08T19:50:42,2,Nice,Nice,HOT-202
2025-03-15T05:44:26,66,Marseille,Marseille,HOT-047
2025-01-07T02:20:11,477,Lyon,Lyon,HOT-242
2025-02-25T21:59:46,122,Marseille,Marseille,HOT-238
2025-03-22T14:33:11,254,Marseille,Marseille,HOT-218
2025-03-21T10:23:06,396,Bordeaux,Bordeaux,HOT-275
2025-02-23T11:40:33,329,Nantes,Nantes,HOT-127
2024-12-25T00:06:48,317,Toulouse,Toulouse,HOT-285
2025-02-12T23:57:06,165,Toulouse,Toulouse,HOT-284
2025-01-19T02:28:25,167,Marseille,Marseille,HOT-093
2025-05-27T16:32:35,300,Bordeaux,Bordeaux,HOT-088
2025-01-17T13:55:00,349,Toulouse,Toulouse,HOT-072
2025-04-14T22:58:43,365,Toulouse,Toulouse,HOT-052
2025-02-09T14:18:19,208,Lyon,Lyon,HOT-258
2025-02-09T10:29:52,168,Strasbourg,Strasbourg,HOT-189
2025-02-15T05:03:21,315,Lyon,Lyon,HOT-230
2025-02-02T03:46:18,35,Paris,Paris,HOT-173
2025-01-18T13:38:41,470,Paris,Paris,HOT-271
2025-05-02T07:14:45,437,Paris,Paris,HOT-186
2025-04-06T05:00:45,158,Chamonix,Chamonix,HOT-048
2025-03-20T03:55:12,133,Strasbourg,Strasbourg,HOT-233
2025-03-09T08:36:39,158,Bordeaux,Bordeaux,HOT-242
2025-03-26T03:37:31,118,Toulouse,Toulouse,HOT-110
2025-05-16T02:16:56,183,Marseille,Marseille,HOT-153
2025-05-02T04:48:48,225,Nantes,Nantes,HOT-152
2025-04-12T05:34:26,58,Strasbourg,Strasbourg,HOT-061
2024-12-08T20:38:39,183,Chamonix,Chamonix,HOT-154
2024-12-29T10:15:32,360,Chamonix,Chamonix,HOT-236
2025-04-16T01:05:43,103,Bordeaux,Bordeaux,HOT-149
2025-02-12T08:07:37,434,Chamonix,Chamonix,HOT-105
2025-03-03T16:34:33,19,Toulouse,Toulouse,HOT-119
2025-01-22T19:43:06,251,Nantes,Nantes,HOT-274
2025-05-31T18:52:30,16,Nice,Nice,HOT-100
2025-04-10T20:47:05,64,Nantes,Nantes,HOT-112
2025-04-05T07:40:13,216,Lyon,Lyon,HOT-036
2025-06-03T12:38:11,353,Nice,Nice,HOT-123
2025-04-06T18:17:58,423,Nantes,Nantes,HOT-094
2025-01-23T11:55:58,219,Paris,Paris,HOT-263
2024-12-14T21:27:27,243,Nantes,Nantes,HOT-274
2025-04-18T16:32:09,456,Marseille,Marseille,HOT-286
2025-05-28T03:05:29,35,Toulouse,Toulouse,HOT-090
2025-02-07T11:17:27,246,Nantes,Nantes,HOT-244
2025-02-19T04:56:28,101,Paris,Paris,HOT-147
2025-06-03T00:10:14,424,Nantes,Nantes,HOT-223
2025-05-10T18:12:27,95,Toulouse,Toulouse,HOT-033
2024-12-29T03:58:38,161,Marseille,Marseille,HOT-063
2025-02-20T01:55:41,228,Bordeaux,Bordeaux,HOT-210
2025-01-25T23:24:53,168,Nice,Nice,HOT-168
2025-03-22T01:18:16,374,Nice,Nice,HOT-248
2025-04-26T17:35:13,416,Nantes,Nantes,HOT-026
2025-01-31T01:41:41,52,Nantes,Nantes,HOT-290
2024-12-11T22:45:11,443,Lyon,Lyon,HOT-183
2025-06-02T02:44:57,218,Strasbourg,Strasbourg,HOT-097
2025-03-17T12:23:41,150,Bordeaux,Bordeaux,HOT-196
2025-05-15T18:55:19,255,Lyon,Lyon,HOT-246
2025-05-05T18:22:47,227,Lille,Lille,HOT-084
2025-02-17T23:02:50,304,Lille,Lille,HOT-034
2025-03-17T00:28:12,159,Nice,Nice,HOT-108
2025-05-12T01:00:47,417,Lille,Lille,HOT-070
2025-03-15T22:29:44,301,Chamonix,Chamonix,HOT-295
2025-03-03T16:03:42,132,Lille,Lille,HOT-221
2025-03-11T16:17:25,135,Toulouse,Toulouse,HOT-027
2024-12-15T15:58:46,313,Chamonix,Chamonix,HOT-295
2025-02-02T17:05:54,300,Paris,Paris,HOT-019
2025-05-30T13:54:42,58,Paris,Paris,HOT-273
2025-04-12T15:57:27,305,Nantes,Nantes,HOT-175
2025-01-13T12:47:19,246,Nice,Nice,HOT-296
2025-02-07T08:22:54,9,Nantes,Nantes,HOT-120
2025-03-16T22:32:20,427,Toulouse,Toulouse,HOT-084
2024-12-23T03:22:25,49,Lyon,Lyon,HOT-277
2024-12-25T18:48:19,305,Lille,Lille,HOT-268
2025-01-08T15:43:56,149,Bordeaux,Bordeaux,HOT-088
2025-05-06T07:32:29,334,Bordeaux,Bordeaux,HOT-200
2025-03-21T14:45:37,142,Nantes,Nantes,HOT-265
2025-03-20T16:32:07,153,Chamonix,Chamonix,HOT-235
2024-12-08T13:46:44,299,Toulouse,Toulouse,HOT-225
2025-04-07T21:20:09,88,Nantes,Nantes,HOT-190
2024-12-19T20:44:12,422,Strasbourg,Strasbourg,HOT-169
2025-01-17T01:55:44,326,Chamonix,Chamonix,HOT-179
2025-04-16T07:36:15,387,Nantes,Nantes,HOT-065
2025-04-08T09:21:58,485,Nantes,Nantes,HOT-057
2025-05-06T08:46:14,432,Chamonix,Chamonix,HOT-027
2025-01-17T13:05:03,92,Marseille,Marseille,HOT-037
2025-05-24T02:34:45,226,Chamonix,Chamonix,HOT-237
2025-04-19T05:50:08,375,Nantes,Nantes,HOT-038
2025-02-27T12:34:31,420,Marseille,Marseille,HOT-154
2025-05-18T10:05:51,271,Nantes,Nantes,HOT-097
2024-12-27T07:57:00,328,Chamonix,Chamonix,HOT-232
2025-01-16T01:41:10,461,Lyon,Lyon,HOT-237
2025-03-21T13:43:56,8,Toulouse,Toulouse,HOT-298
2025-05-17T01:51:53,271,Bordeaux,Bordeaux,HOT-135
2025-04-22T14:38:06,474,Toulouse,Toulouse,HOT-051
2025-05-26T18:21:44,405,Bordeaux,Bordeaux,HOT-106
2025-04-30T02:40:27,218,Strasbourg,Strasbourg,HOT-082
2025-05-06T16:20:28,268,Lille,Lille,HOT-268
2025-03-01T15:58:15,54,Lyon,Lyon,HOT-094
2025-04-11T16:48:34,372,Nice,Nice,HOT-016
2025-05-14T17:58:02,108,Nantes,Nantes,HOT-258
2025-06-07T15:10:25,175,Lille,Lille,HOT-275
2024-12-21T03:43:19,59,Lyon,Lyon,HOT-296
2025-05-01T04:22:46,126,Chamonix,Chamonix,HOT-252
2025-04-19T08:48:38,428,Nantes,Nantes,HOT-041
2025-01-06T00:09:51,141,Toulouse,Toulouse,HOT-296
2024-12-11T18:18:46,6,Paris,Paris,HOT-294
2025-03-06T07:45:38,323,Marseille,Marseille,HOT-054
2025-04-25T08:27:52,228,Strasbourg,Strasbourg,HOT-296
2025-02-09T13:31:18,25,Toulouse,Toulouse,HOT-162
2024-12-14T12:10:44,76,Nantes,Nantes,HOT-218
2024-12-24T03:29:35,474,Lille,Lille,HOT-107
2024-12-21T08:58:36,114,Toulouse,Toulouse,HOT-046
2024-12-17T16:31:25,322,Toulouse,Toulouse,HOT-259
2025-01-10T17:07:10,276,Paris,Paris,HOT-238
2025-05-10T08:55:31,493,Paris,Paris,HOT-164
2025-01-25T01:35:32,100,Marseille,Marseille,HOT-203
2025-03-25T12:28:37,11,Lyon,Lyon,HOT-063
2024-12-20T19:54:00,295,Nice,Nice,HOT-041
2025-03-28T19:08:04,6,Nice,Nice,HOT-273
2025-05-15T16:38:22,65,Chamonix,Chamonix,HOT-243
2025-01-20T08:31:17,158,Marseille,Marseille,HOT-162
2025-06-02T01:07:16,179,Lyon,Lyon,HOT-125
2025-01-26T09:00:10,371,Lille,Lille,HOT-022
2025-02-24T07:19:21,294,Paris,Paris,HOT-272
2025-02-20T11:58:44,168,Nantes,Nantes,HOT-052
2025-03-04T18:00:50,439,Nantes,Nantes,HOT-063
2025-04-08T12:38:29,22,Bordeaux,Bordeaux,HOT-168
2025-02-23T16:28:49,32,Marseille,Marseille,HOT-154
2025-03-01T05:39:32,109,Strasbourg,Strasbourg,HOT-106
2025-02-06T14:10:00,206,Lyon,Lyon,HOT-176
2024-12-10T10:20:01,478,Nantes,Nantes,HOT-255
2025-02-20T18:49:34,106,Lille,Lille,HOT-206
2025-04-16T21:24:56,72,Strasbourg,Strasbourg,HOT-041
2024-12-30T02:57:39,112,Toulouse,Toulouse,HOT-261
2025-03-21T00:07:29,369,Chamonix,Chamonix,HOT-206
2024-12-08T07:06:25,291,Nice,Nice,HOT-108
2025-04-10T16:51:45,181,Nice,Nice,HOT-031
2025-04-26T00:23:26,361,Paris,Paris,HOT-171
2025-04-06T05:19:58,279,Toulouse,Toulouse,HOT-221
2024-12-19T10:19:28,47,Toulouse,Toulouse,HOT-150
2025-05-02T22:38:52,231,Nice,Nice,HOT-045
2025-04-30T23:59:59,334,Toulouse,Toulouse,HOT-198
2025-03-30T20:44:50,421,Lille,Lille,HOT-123
2024-12-15T23:44:24,300,Strasbourg,Strasbourg,HOT-291
2025-04-22T05:57:47,96,Toulouse,Toulouse,HOT-178
2025-05-20T20:45:12,405,Lyon,Lyon,HOT-052
2024-12-21T05:54:26,195,Bordeaux,Bordeaux,HOT-127
2025-02-14T14:37:10,202,Chamonix,Chamonix,HOT-022
2025-06-05T08:37:55,338,Marseille,Marseille,HOT-261
2025-03-14T19:00:22,467,Nice,Nice,HOT-242
2024-12-27T18:14:36,249,Marseille,Marseille,HOT-234
2025-02-01T10:21:09,15,Marseille,Marseille,HOT-279
2025-05-08T22:47:53,305,Lille,Lille,HOT-194
2025-04-19T08:02:32,210,Paris,Paris,HOT-176
2025-02-03T16:00:43,469,Nice,Nice,HOT-152
2025-04-03T22:25:04,91,Nantes,Nantes,HOT-043
2024-12-23T22:45:34,194,Bordeaux,Bordeaux,HOT-132
2025-01-30T19:34:56,36,Lille,Lille,HOT-040
2025-05-04T18:03:09,18,Lyon,Lyon,HOT-237
2025-06-05T02:18:31,491,Toulouse,Toulouse,HOT-105
2025-03-02T03:20:05,172,Nantes,Nantes,HOT-154
2025-02-19T05:07:55,210,Bordeaux,Bordeaux,HOT-022
2025-02-21T20:58:38,192,Lyon,Lyon,HOT-020
2025-05-15T18:59:02,97,Nantes,Nantes,HOT-280
2025-04-14T10:48:33,1,Marseille,Marseille,HOT-252
2024-12-13T03:14:37,110,Paris,Paris,HOT-136
2025-03-09T04:33:31,74,Strasbourg,Strasbourg,HOT-215
2025-01-06T12:08:10,107,Lille,Lille,HOT-069
2025-03-20T17:45:21,479,Nantes,Nantes,HOT-053
2025-01-18T20:15:52,135,Bordeaux,Bordeaux,HOT-139
2025-01-02T15:11:59,233,Lyon,Lyon,HOT-271
2025-05-01T03:44:29,387,Chamonix,Chamonix,HOT-118
2025-02-21T01:46:24,304,Toulouse,Toulouse,HOT-109
2025-05-10T20:50:07,475,Paris,Paris,HOT-295
2025-05-11T00:09:49,211,Chamonix,Chamonix,HOT-023
2025-05-21T02:25:16,215,Strasbourg,Strasbourg,HOT-206
2025-03-23T02:52:35,134,Chamonix,Chamonix,HOT-002
2025-02-02T10:18:55,292,Marseille,Marseille,HOT-089
2025-04-09T06:28:59,259,Nantes,Nantes,HOT-143
2025-01-04T03:03:24,481,Chamonix,Chamonix,HOT-261
2025-02-03T00:39:36,233,Bordeaux,Bordeaux,HOT-164
2025-04-17T16:00:42,387,Toulouse,Toulouse,HOT-058
2025-05-28T09:14:01,439,Nice,Nice,HOT-169
2025-06-02T15:57:07,276,Strasbourg,Strasbourg,HOT-070
2025-05-10T12:39:51,434,Strasbourg,Strasbourg,HOT-064
2025-05-24T12:46:35,233,Bordeaux,Bordeaux,HOT-101
2025-04-27T18:30:53,11,Lille,Lille,HOT-284
2025-04-11T23:14:17,492,Nantes,Nantes,HOT-062
2025-02-17T14:31:49,404,Lyon,Lyon,HOT-197
2024-12-09T07:34:47,430,Bordeaux,Bordeaux,HOT-018
2025-03-24T15:13:32,104,Bordeaux,Bordeaux,HOT-107
2025-05-26T00:19:31,303,Nantes,Nantes,HOT-268
2025-03-24T22:25:43,462,Lyon,Lyon,HOT-260
2025-01-03T14:27:57,253,Nice,Nice,HOT-281
2024-12-31T01:56:00,241,Strasbourg,Strasbourg,HOT-184
2024-12-15T06:17:35,493,Nantes,Nantes,HOT-114
2024-12-08T03:03:24,375,Nice,Nice,HOT-110
2025-03-28T08:40:41,208,Bordeaux,Bordeaux,HOT-244
2025-04-02T00:13:45,231,Paris,Paris,HOT-129
2025-02-21T16:10:11,49,Nice,Nice,HOT-005
2025-03-21T10:55:33,310,Paris,Paris,HOT-058
2025-03-23T11:16:10,483,Toulouse,Toulouse,HOT-099
2024-12-23T16:20:09,263,Lille,Lille,HOT-012
2025-02-04T07:34:47,96,Nantes,Nantes,HOT-066
2025-01-16T22:32:00,203,Marseille,Marseille,HOT-179
2025-05-01T10:55:51,136,Marseille,Marseille,HOT-021
2025-04-30T02:55:57,474,Bordeaux,Bordeaux,HOT-035
2025-05-31T14:26:50,336,Marseille,Marseille,HOT-120
2025-04-27T02:43:45,458,Lyon,Lyon,HOT-018
2025-02-11T22:04:51,371,Toulouse,Toulouse,HOT-231
2025-01-17T06:22:54,237,Marseille,Marseille,HOT-004
2025-02-25T06:43:31,138,Bordeaux,Bordeaux,HOT-034
2025-06-01T00:08:55,11,Paris,Paris,HOT-254
2025-04-11T13:52:30,354,Chamonix,Chamonix,HOT-140
2025-05-21T11:42:07,52,Chamonix,Chamonix,HOT-111
2025-03-16T16:17:05,82,Bordeaux,Bordeaux,HOT-191
2025-01-03T19:30:18,400,Nice,Nice,HOT-283
2025-01-07T09:43:04,330,Lyon,Lyon,HOT-031
2025-01-11T21:05:03,319,Strasbourg,Strasbourg,HOT-159
2025-01-19T00:33:45,51,Marseille,Marseille,HOT-074
2025-04-05T22:30:29,385,Bordeaux,Bordeaux,HOT-279
2025-05-18T05:49:31,488,Strasbourg,Strasbourg,HOT-015
2025-01-25T05:28:41,301,Nantes,Nantes,HOT-244
2025-01-13T21:14:30,78,Lille,Lille,HOT-131
2024-12-29T09:47:45,444,Chamonix,Chamonix,HOT-209
2025-01-11T08:48:20,105,Marseille,Marseille,HOT-091
2025-04-16T10:35:59,192,Lyon,Lyon,HOT-254
2025-05-11T10:18:07,432,Bordeaux,Bordeaux,HOT-074
2025-03-27T07:23:29,95,Bordeaux,Bordeaux,HOT-008
2025-05-21T15:23:39,136,Nice,Nice,HOT-089
2024-12-17T17:05:02,215,Lyon,Lyon,HOT-056
2025-05-21T11:22:13,274,Chamonix,Chamonix,HOT-027
2025-05-01T23:43:28,19,Nice,Nice,HOT-157
2025-06-06T04:46:28,196,Nantes,Nantes,HOT-221
2025-03-23T17:26:51,51,Lille,Lille,HOT-111
2025-03-06T17:16:03,26,Strasbourg,Strasbourg,HOT-007
2025-04-11T08:01:01,77,Nantes,Nantes,HOT-205
2025-03-23T21:14:19,230,Marseille,Marseille,HOT-029
2024-12-21T08:29:40,479,Marseille,Marseille,HOT-018
2025-02-01T14:09:20,17,Chamonix,Chamonix,HOT-172
2025-04-16T13:53:46,400,Nice,Nice,HOT-201
2024-12-20T05:32:57,458,Lille,Lille,HOT-070
2025-01-24T19:54:18,36,Chamonix,Chamonix,HOT-185
2024-12-26T05:16:20,101,Lille,Lille,HOT-279
2025-01-14T11:38:55,299,Paris,Paris,HOT-006
2025-04-27T01:06:25,174,Strasbourg,Strasbourg,HOT-244
2025-03-29T21:23:16,310,Toulouse,Toulouse,HOT-016
2025-03-11T18:05:16,31,Lyon,Lyon,HOT-254
2025-02-09T09:29:35,125,Marseille,Marseille,HOT-171
2025-02-14T12:00:05,490,Chamonix,Chamonix,HOT-007
2025-01-01T01:08:31,14,Strasbourg,Strasbourg,HOT-111
2025-04-16T12:04:48,316,Strasbourg,Strasbourg,HOT-046
2025-04-13T10:20:29,98,Paris,Paris,HOT-232
2025-01-21T16:37:06,88,Marseille,Marseille,HOT-048
2024-12-26T13:51:35,56,Nice,Nice,HOT-277
2025-01-31T12:27:05,417,Lille,Lille,HOT-290
2025-04-06T10:46:08,22,Nantes,Nantes,HOT-242
2024-12-20T16:56:56,453,Lyon,Lyon,HOT-200
2025-05-30T22:28:22,254,Marseille,Marseille,HOT-096
2025-01-13T17:23:05,62,Paris,Paris,HOT-130
2025-02-06T20:36:21,162,Bordeaux,Bordeaux,HOT-209
2025-03-11T11:53:36,406,Lyon,Lyon,HOT-254
2025-03-04T15:46:42,57,Chamonix,Chamonix,HOT-086
2025-02-08T21:49:11,281,Lyon,Lyon,HOT-243
2025-04-05T19:58:48,428,Paris,Paris,HOT-233
2025-04-14T04:44:47,132,Bordeaux,Bordeaux,HOT-126
2025-02-04T12:10:01,209,Paris,Paris,HOT-075
2025-04-20T19:21:54,423,Nice,Nice,HOT-155
2025-03-30T14:02:43,151,Marseille,Marseille,HOT-095
2025-01-05T17:49:41,185,Marseille,Marseille,HOT-048
2025-03-26T23:16:46,332,Lille,Lille,HOT-008
2025-03-27T05:23:02,74,Toulouse,Toulouse,HOT-093
2025-02-15T22:16:43,110,Chamonix,Chamonix,HOT-139
2025-05-12T23:46:11,387,Lyon,Lyon,HOT-073
2025-02-06T13:50:07,489,Paris,Paris,HOT-299
2025-02-28T07:40:23,140,Bordeaux,Bordeaux,HOT-229
2025-01-08T21:31:59,409,Strasbourg,Strasbourg,HOT-093
2024-12-08T02:08:03,193,Chamonix,Chamonix,HOT-012
2025-02-05T23:18:10,107,Marseille,Marseille,HOT-216
2025-01-23T22:52:31,329,Toulouse,Toulouse,HOT-162
2025-05-08T17:03:27,49,Nice,Nice,HOT-067
2025-01-19T04:00:02,241,Lille,Lille,HOT-041
2025-04-24T10:42:16,334,Strasbourg,Strasbourg,HOT-154
2025-04-29T19:24:34,369,Nantes,Nantes,HOT-013
2025-04-10T14:08:24,497,Marseille,Marseille,HOT-139
2025-03-01T20:06:05,486,Toulouse,Toulouse,HOT-184
2025-01-29T21:02:15,300,Nantes,Nantes,HOT-180
2025-05-19T06:48:45,58,Lille,Lille,HOT-019
2025-02-14T22:56:32,68,Lyon,Lyon,HOT-055
2025-01-02T05:31:35,295,Lyon,Lyon,HOT-164
2025-04-18T02:41:21,490,Nantes,Nantes,HOT-298
2025-04-28T11:31:00,473,Lyon,Lyon,HOT-088
2025-02-09T12:48:41,413,Lille,Lille,HOT-277
2025-05-26T14:51:38,451,Lille,Lille,HOT-147
2025-03-10T08:21:49,376,Chamonix,Chamonix,HOT-275
2025-03-07T00:38:45,454,Lille,Lille,HOT-131
2025-03-03T15:08:04,246,Nantes,Nantes,HOT-220
2025-02-14T19:28:23,406,Nantes,Nantes,HOT-216
2025-05-06T14:17:30,65,Nice,Nice,HOT-238
2025-02-04T11:13:04,195,Paris,Paris,HOT-005
2025-03-11T17:04:02,257,Nantes,Nantes,HOT-138
2025-03-24T06:35:35,160,Strasbourg,Strasbourg,HOT-133
2024-12-28T06:48:46,13,Nantes,Nantes,HOT-119
2025-01-10T06:45:51,225,Nantes,Nantes,HOT-046
2025-04-11T12:06:16,290,Lyon,Lyon,HOT-293
2025-04-03T22:42:21,17,Strasbourg,Strasbourg,HOT-150
2024-12-23T01:38:28,318,Chamonix,Chamonix,HOT-067
2025-05-19T14:39:20,44,Lille,Lille,HOT-154
2025-01-30T15:22:52,23,Paris,Paris,HOT-207
2025-05-22T21:30:42,293,Nantes,Nantes,HOT-104
2025-05-16T15:07:22,202,Chamonix,Chamonix,HOT-066
2025-01-03T08:04:16,427,Nice,Nice,HOT-167
2025-05-29T05:21:40,118,Bordeaux,Bordeaux,HOT-277
2025-03-21T17:45:29,138,Nantes,Nantes,HOT-224
2025-01-14T07:03:18,139,Strasbourg,Strasbourg,HOT-021
2025-01-27T06:22:42,259,Marseille,Marseille,HOT-061
2025-04-28T14:10:54,115,Chamonix,Chamonix,HOT-271
2025-05-28T06:14:25,211,Toulouse,Toulouse,HOT-141
2025-04-07T19:52:18,222,Marseille,Marseille,HOT-076
2024-12-21T23:57:23,366,Paris,Paris,HOT-087
2025-04-27T09:39:50,34,Marseille,Marseille,HOT-103
2024-12-21T19:00:19,381,Strasbourg,Strasbourg,HOT-076
2025-05-29T09:07:39,444,Paris,Paris,HOT-184
2024-12-10T18:26:22,463,Toulouse,Toulouse,HOT-001
2025-05-21T02:58:47,450,Nice,Nice,HOT-112
2025-03-15T15:14:18,2,Paris,Paris,HOT-011
2025-04-08T19:12:32,10,Nantes,Nantes,HOT-266
2024-12-13T04:59:30,193,Nice,Nice,HOT-150
2025-05-13T22:48:15,381,Lille,Lille,HOT-233
2025-03-30T03:25:20,123,Chamonix,Chamonix,HOT-057
2025-03-29T13:29:21,314,Paris,Paris,HOT-002
2025-02-23T19:40:46,265,Nantes,Nantes,HOT-293
2025-05-05T12:20:56,394,Chamonix,Chamonix,HOT-047
2025-03-31T17:23:04,63,Bordeaux,Bordeaux,HOT-061
2025-01-17T11:09:09,208,Paris,Paris,HOT-012
2025-06-01T03:17:48,297,Lyon,Lyon,HOT-197
2024-12-14T06:26:48,291,Marseille,Marseille,HOT-121
2025-03-24T06:13:49,72,Strasbourg,Strasbourg,HOT-104
2025-01-26T18:10:34,479,Strasbourg,Strasbourg,HOT-298
2025-03-22T16:22:00,345,Nantes,Nantes,HOT-296
2025-05-29T17:53:33,373,Strasbourg,Strasbourg,HOT-023
2025-03-21T22:41:37,199,Paris,Paris,HOT-278
2025-03-08T19:46:47,408,Toulouse,Toulouse,HOT-154
2025-04-13T03:02:56,279,Lyon,Lyon,HOT-281
2025-05-06T16:17:49,218,Strasbourg,Strasbourg,HOT-133
2025-01-05T00:17:45,199,Nice,Nice,HOT-021
2025-02-16T04:27:16,26,Paris,Paris,HOT-264
2025-02-21T08:47:27,142,Nice,Nice,HOT-128
2025-01-19T12:18:01,223,Lyon,Lyon,HOT-050
2025-05-29T06:00:58,371,Nice,Nice,HOT-229
2025-05-06T02:04:18,43,Lyon,Lyon,HOT-268
2025-03-31T15:21:17,452,Lyon,Lyon,HOT-163
2025-04-28T12:42:02,48,Chamonix,Chamonix,HOT-285
2025-05-22T14:17:26,331,Toulouse,Toulouse,HOT-133
2025-02-01T15:46:13,169,Nantes,Nantes,HOT-073
2025-01-02T03:32:52,389,Chamonix,Chamonix,HOT-159
2025-03-07T09:16:49,77,Paris,Paris,HOT-097
2025-03-14T11:01:09,326,Bordeaux,Bordeaux,HOT-007
2025-03-16T06:18:30,36,Toulouse,Toulouse,HOT-105
2024-12-24T17:37:42,166,Nice,Nice,HOT-143
2025-02-22T04:46:08,212,Lille,Lille,HOT-016
2025-02-15T19:21:09,229,Toulouse,Toulouse,HOT-193
2025-03-14T15:53:06,484,Chamonix,Chamonix,HOT-129
2024-12-09T04:58:36,146,Chamonix,Chamonix,HOT-140
2025-04-14T19:55:18,442,Lille,Lille,HOT-222
2025-01-22T12:52:52,227,Marseille,Marseille,HOT-028
2025-05-20T19:29:52,49,Paris,Paris,HOT-282
2025-05-12T18:21:54,71,Bordeaux,Bordeaux,HOT-009
2025-04-05T09:13:52,415,Marseille,Marseille,HOT-277
2025-04-19T00:02:25,467,Lyon,Lyon,HOT-260
2025-01-08T08:30:11,78,Marseille,Marseille,HOT-114
2025-05-03T04:27:07,263,Strasbourg,Strasbourg,HOT-148
2025-03-16T23:40:00,496,Paris,Paris,HOT-077
2025-01-03T09:47:27,493,Lille,Lille,HOT-073
2025-03-03T19:09:14,18,Nantes,Nantes,HOT-178
2025-01-07T01:38:46,257,Lyon,Lyon,HOT-255
2025-01-10T22:29:35,135,Toulouse,Toulouse,HOT-070
2025-03-27T03:01:55,240,Nice,Nice,HOT-184
2025-03-27T00:29:37,327,Nice,Nice,HOT-211
2025-04-14T04:42:17,160,Marseille,Marseille,HOT-114
2025-05-25T12:20:24,177,Strasbourg,Strasbourg,HOT-009
2025-01-04T12:57:11,5,Bordeaux,Bordeaux,HOT-045
2025-04-29T01:15:03,82,Chamonix,Chamonix,HOT-049
2025-04-28T07:00:15,396,Nantes,Nantes,HOT-072
2025-03-11T00:54:19,283,Toulouse,Toulouse,HOT-055
2025-06-07T12:29:24,282,Lyon,Lyon,HOT-215
2025-02-14T19:43:28,481,Lyon,Lyon,HOT-091
2024-12-14T23:59:10,403,Toulouse,Toulouse,HOT-178
2025-01-18T15:23:13,290,Paris,Paris,HOT-147
2025-05-04T00:20:04,341,Lille,Lille,HOT-059
2025-03-11T20:11:35,453,Paris,Paris,HOT-032
2025-01-21T03:38:56,238,Chamonix,Chamonix,HOT-089
2024-12-19T08:34:13,113,Paris,Paris,HOT-136
2025-01-27T11:36:34,219,Lille,Lille,HOT-013
2025-02-16T21:18:31,28,Lyon,Lyon,HOT-066
2025-01-21T14:13:19,288,Nice,Nice,HOT-268
2024-12-15T11:07:04,74,Strasbourg,Strasbourg,HOT-045
2025-04-15T23:27:03,16,Lyon,Lyon,HOT-090
2025-01-16T07:15:11,103,Marseille,Marseille,HOT-291
2025-03-17T17:08:10,377,Lille,Lille,HOT-036
2025-06-01T09:55:34,180,Lyon,Lyon,HOT-065
2025-05-09T20:05:21,16,Bordeaux,Bordeaux,HOT-273
2025-02-15T07:10:10,367,Toulouse,Toulouse,HOT-006
2025-02-20T12:15:39,255,Lille,Lille,HOT-223
2025-03-08T08:27:23,385,Toulouse,Toulouse,HOT-115
2025-06-03T09:20:57,490,Bordeaux,Bordeaux,HOT-160
2025-03-05T10:24:29,196,Paris,Paris,HOT-157
2025-05-27T07:56:46,336,Marseille,Marseille,HOT-074
2024-12-16T04:01:49,226,Lille,Lille,HOT-113
2024-12-14T21:35:07,437,Bordeaux,Bordeaux,HOT-197
2025-04-12T01:57:37,423,Paris,Paris,HOT-055
2025-02-08T01:53:49,319,Lyon,Lyon,HOT-171
2024-12-27T04:40:46,122,Paris,Paris,HOT-188
2025-04-22T19:15:53,256,Nice,Nice,HOT-159
2025-03-18T09:23:23,252,Marseille,Marseille,HOT-133
2025-04-09T04:15:08,121,Toulouse,Toulouse,HOT-286
2025-05-17T06:03:07,493,Lille,Lille,HOT-043
2025-01-29T06:11:47,252,Lille,Lille,HOT-274
2025-05-18T06:24:10,87,Marseille,Marseille,HOT-163
2025-04-30T05:09:57,388,Lyon,Lyon,HOT-065
2025-01-27T06:45:28,423,Strasbourg,Strasbourg,HOT-094
2025-03-29T12:14:02,202,Strasbourg,Strasbourg,HOT-002
2025-03-22T20:28:16,261,Lille,Lille,HOT-215
2025-03-27T20:45:18,361,Lille,Lille,HOT-180
2025-01-09T21:48:53,478,Lille,Lille,HOT-079
2025-02-18T06:58:36,439,Marseille,Marseille,HOT-142
2025-04-13T01:57:49,40,Chamonix,Chamonix,HOT-227
2025-02-18T15:38:24,453,Lille,Lille,HOT-280
2025-02-16T02:01:20,227,Nantes,Nantes,HOT-139
2025-03-31T06:23:52,405,Chamonix,Chamonix,HOT-151
2025-04-13T00:23:06,243,Strasbourg,Strasbourg,HOT-042
2025-05-30T13:39:19,340,Marseille,Marseille,HOT-297
2025-05-18T09:11:03,31,Nice,Nice,HOT-186
2024-12-22T06:21:54,8,Paris,Paris,HOT-212
2025-03-17T11:26:23,478,Lyon,Lyon,HOT-262
2025-01-25T00:05:37,156,Nantes,Nantes,HOT-290
2025-02-18T05:26:07,248,Bordeaux,Bordeaux,HOT-075
2025-06-01T07:40:20,65,Nice,Nice,HOT-161
2025-01-19T10:24:06,443,Bordeaux,Bordeaux,HOT-108
2025-03-17T10:04:58,158,Paris,Paris,HOT-158
2025-02-23T22:58:40,372,Lille,Lille,HOT-194
2025-02-13T16:14:24,281,Marseille,Marseille,HOT-057
2025-05-14T20:12:55,78,Lyon,Lyon,HOT-173
2025-05-24T15:28:54,405,Lille,Lille,HOT-130
2025-02-12T03:34:59,310,Toulouse,Toulouse,HOT-084
2025-03-11T16:33:19,183,Bordeaux,Bordeaux,HOT-295
2025-05-10T01:40:03,403,Marseille,Marseille,HOT-009
2025-03-10T18:24:43,497,Lille,Lille,HOT-142
2025-05-28T10:08:13,411,Bordeaux,Bordeaux,HOT-046
2025-04-03T11:26:36,393,Lyon,Lyon,HOT-052
2024-12-08T10:21:48,344,Chamonix,Chamonix,HOT-253
2025-03-14T14:20:45,397,Nice,Nice,HOT-280
2025-05-27T10:11:37,282,Lyon,Lyon,HOT-272
2025-01-03T03:15:19,76,Strasbourg,Strasbourg,HOT-128
2025-03-02T13:41:33,2,Lille,Lille,HOT-120
2025-01-08T07:23:42,158,Nice,Nice,HOT-173
2025-01-20T19:27:02,347,Chamonix,Chamonix,HOT-148
2024-12-22T02:52:23,257,Nantes,Nantes,HOT-092
2025-03-17T01:33:08,371,Lyon,Lyon,HOT-271
2025-04-11T02:26:10,265,Bordeaux,Bordeaux,HOT-215
2025-01-30T16:16:59,275,Paris,Paris,HOT-208
2025-01-17T05:21:26,208,Bordeaux,Bordeaux,HOT-010
2025-01-05T07:47:13,178,Lyon,Lyon,HOT-052
2025-01-12T10:39:34,23,Marseille,Marseille,HOT-047
2025-01-06T16:57:16,83,Toulouse,Toulouse,HOT-160
2025-02-15T11:41:50,101,Bordeaux,Bordeaux,HOT-043
2025-04-03T01:14:02,411,Marseille,Marseille,HOT-127
2025-04-25T10:29:20,442,Paris,Paris,HOT-061
2025-05-14T18:54:09,363,Lille,Lille,HOT-027
2024-12-30T03:04:29,160,Chamonix,Chamonix,HOT-271
2025-04-14T12:36:37,218,Paris,Paris,HOT-123
2025-01-20T21:06:28,255,Marseille,Marseille,HOT-052
2025-02-25T15:51:21,366,Nantes,Nantes,HOT-198
2025-05-13T15:57:16,28,Paris,Paris,HOT-104
2025-02-09T06:34:30,84,Paris,Paris,HOT-104
2025-04-26T00:15:02,54,Chamonix,Chamonix,HOT-229
2024-12-29T03:48:45,282,Chamonix,Chamonix,HOT-026
2025-03-10T15:38:46,42,Lyon,Lyon,HOT-142
2025-04-17T06:24:47,17,Paris,Paris,HOT-108
2025-03-10T03:03:14,153,Strasbourg,Strasbourg,HOT-060
2025-03-10T04:00:59,124,Lyon,Lyon,HOT-255
2025-01-17T01:34:03,383,Lyon,Lyon,HOT-239
2025-03-31T20:54:04,391,Nantes,Nantes,HOT-213
2025-01-07T11:04:41,24,Lyon,Lyon,HOT-199
2025-04-11T20:03:45,453,Marseille,Marseille,HOT-182
2025-05-17T23:22:42,351,Chamonix,Chamonix,HOT-027
2025-02-24T22:32:42,370,Nantes,Nantes,HOT-133
2024-12-11T12:13:20,51,Chamonix,Chamonix,HOT-146
2025-01-23T11:12:07,433,Strasbourg,Strasbourg,HOT-269
2024-12-15T12:40:59,169,Toulouse,Toulouse,HOT-005
2024-12-31T23:36:14,322,Lyon,Lyon,HOT-040
2025-03-28T12:15:25,106,Strasbourg,Strasbourg,HOT-175
2025-04-01T04:09:22,115,Toulouse,Toulouse,HOT-272
2025-01-07T10:31:56,85,Lyon,Lyon,HOT-012
2025-01-02T07:28:32,242,Marseille,Marseille,HOT-286
2025-04-08T09:29:13,271,Strasbourg,Strasbourg,HOT-268
2025-03-16T16:42:17,382,Paris,Paris,HOT-242
2024-12-14T18:15:31,71,Strasbourg,Strasbourg,HOT-029
2025-05-29T03:02:02,367,Nice,Nice,HOT-240
2025-03-28T06:35:03,58,Lille,Lille,HOT-055
2025-01-04T16:03:25,219,Paris,Paris,HOT-283
2024-12-18T00:11:05,354,Nantes,Nantes,HOT-057
2025-01-08T10:49:23,399,Chamonix,Chamonix,HOT-241
2025-01-26T07:11:35,428,Marseille,Marseille,HOT-067
2025-06-04T06:31:48,458,Nice,Nice,HOT-197
2025-01-11T02:39:06,129,Strasbourg,Strasbourg,HOT-252
2025-03-17T11:20:10,397,Lyon,Lyon,HOT-275
2025-02-23T21:10:46,102,Strasbourg,Strasbourg,HOT-174
2025-04-02T12:49:28,429,Nice,Nice,HOT-021
2025-03-26T14:12:15,230,Lille,Lille,HOT-287
2025-04-09T23:09:11,443,Lyon,Lyon,HOT-004
2024-12-10T18:23:30,94,Bordeaux,Bordeaux,HOT-281
2025-05-26T17:45:52,8,Nantes,Nantes,HOT-188
2025-04-25T20:56:58,402,Toulouse,Toulouse,HOT-239
2025-04-27T12:13:20,444,Nantes,Nantes,HOT-017
2025-04-14T15:34:17,8,Marseille,Marseille,HOT-132
2025-05-15T15:10:01,343,Bordeaux,Bordeaux,HOT-100
2025-01-31T04:36:37,409,Marseille,Marseille,HOT-110
2024-12-23T19:13:59,449,Lille,Lille,HOT-096
2025-01-18T05:00:52,84,Lyon,Lyon,HOT-201
2025-03-04T09:03:19,300,Paris,Paris,HOT-197
2025-04-03T22:13:53,309,Lille,Lille,HOT-283
2025-03-08T16:33:43,181,Strasbourg,Strasbourg,HOT-133
2025-05-24T13:32:17,204,Strasbourg,Strasbourg,HOT-011
2025-03-10T16:21:12,200,Strasbourg,Strasbourg,HOT-183
2025-01-09T06:30:53,34,Lille,Lille,HOT-061
2025-01-18T17:55:32,126,Chamonix,Chamonix,HOT-187
2025-05-17T09:23:27,357,Marseille,Marseille,HOT-046
2025-02-24T21:55:42,165,Paris,Paris,HOT-060
2025-04-02T19:43:38,430,Lille,Lille,HOT-153
2025-01-03T20:42:10,422,Marseille,Marseille,HOT-199
2025-05-10T10:47:43,38,Paris,Paris,HOT-246
2025-03-30T06:56:38,476,Paris,Paris,HOT-112
2025-05-15T11:12:18,102,Toulouse,Toulouse,HOT-024
2025-05-05T04:22:45,482,Nantes,Nantes,HOT-133
2025-01-11T11:15:27,458,Marseille,Marseille,HOT-145
2025-04-07T03:59:35,435,Nice,Nice,HOT-058
2025-04-14T05:48:07,318,Nantes,Nantes,HOT-114
2025-03-16T08:08:22,296,Marseille,Marseille,HOT-148
2025-01-27T12:22:18,278,Bordeaux,Bordeaux,HOT-258
2025-01-08T17:15:21,34,Nice,Nice,HOT-013
2025-04-26T18:34:16,6,Bordeaux,Bordeaux,HOT-055
2025-04-19T06:42:09,379,Lille,Lille,HOT-039
2025-02-11T16:34:47,417,Paris,Paris,HOT-162
2025-06-04T06:05:15,440,Nice,Nice,HOT-024
2025-03-05T04:56:24,76,Lyon,Lyon,HOT-189
2025-04-01T23:39:47,467,Lyon,Lyon,HOT-194
2025-03-31T19:59:34,244,Toulouse,Toulouse,HOT-282
2024-12-20T12:26:50,199,Bordeaux,Bordeaux,HOT-207
2025-01-20T18:37:33,366,Nice,Nice,HOT-119
2025-02-18T14:12:31,342,Chamonix,Chamonix,HOT-169
2025-02-19T23:59:55,120,Bordeaux,Bordeaux,HOT-282
2025-01-01T19:46:27,47,Lyon,Lyon,HOT-002
2024-12-28T05:35:22,167,Paris,Paris,HOT-061
2024-12-10T08:48:12,451,Bordeaux,Bordeaux,HOT-256
2025-01-15T10:37:43,216,Bordeaux,Bordeaux,HOT-080
2025-03-18T15:37:39,252,Nantes,Nantes,HOT-218
2025-05-23T01:36:13,439,Lyon,Lyon,HOT-164
2025-06-01T17:26:38,242,Nice,Nice,HOT-283
2025-03-15T02:06:06,173,Toulouse,Toulouse,HOT-057
2025-04-19T01:00:04,71,Nantes,Nantes,HOT-040
2025-02-26T16:00:09,464,Strasbourg,Strasbourg,HOT-253
2025-05-16T15:27:05,169,Lyon,Lyon,HOT-069
2025-01-05T04:37:18,120,Chamonix,Chamonix,HOT-191
2025-04-03T17:30:07,392,Chamonix,Chamonix,HOT-255
2024-12-25T20:24:00,260,Lyon,Lyon,HOT-175
2025-01-10T14:27:48,186,Bordeaux,Bordeaux,HOT-080
2025-03-09T13:19:38,193,Paris,Paris,HOT-237
2025-05-31T05:24:53,83,Nice,Nice,HOT-197
2025-04-05T12:33:00,10,Marseille,Marseille,HOT-152
2025-04-02T14:57:03,403,Bordeaux,Bordeaux,HOT-223
2024-12-14T17:32:22,389,Toulouse,Toulouse,HOT-144
2025-05-26T14:14:23,217,Strasbourg,Strasbourg,HOT-240
2025-05-08T08:42:24,73,Paris,Paris,HOT-184
2025-03-20T08:15:33,34,Strasbourg,Strasbourg,HOT-053
2025-03-14T21:18:00,14,Strasbourg,Strasbourg,HOT-105
2025-05-02T05:58:32,32,Nantes,Nantes,HOT-238
2024-12-29T23:16:56,63,Toulouse,Toulouse,HOT-197
2024-12-25T05:54:46,413,Bordeaux,Bordeaux,HOT-247
2025-03-10T19:01:18,273,Nice,Nice,HOT-247
2025-04-14T04:36:30,341,Paris,Paris,HOT-111
2025-01-01T10:59:33,51,Strasbourg,Strasbourg,HOT-163
2025-05-31T07:10:11,158,Nice,Nice,HOT-272
2025-04-03T08:00:42,9,Marseille,Marseille,HOT-227
2025-03-21T20:52:15,152,Lyon,Lyon,HOT-155
2025-05-16T20:08:49,258,Toulouse,Toulouse,HOT-236
2024-12-07T09:12:34,344,Marseille,Marseille,HOT-197
2025-05-30T07:47:39,26,Marseille,Marseille,HOT-289
2025-06-07T05:46:37,89,Toulouse,Toulouse,HOT-133
2025-05-06T14:46:26,395,Lille,Lille,HOT-271
2025-04-17T21:55:54,207,Marseille,Marseille,HOT-231
2025-04-12T05:15:19,96,Nantes,Nantes,HOT-265
2025-02-28T22:32:13,427,Bordeaux,Bordeaux,HOT-024
2025-03-18T12:31:06,230,Lille,Lille,HOT-220
2025-02-26T20:08:44,129,Marseille,Marseille,HOT-006
2025-02-17T01:42:00,229,Lille,Lille,HOT-106
2025-05-26T00:35:34,74,Strasbourg,Strasbourg,HOT-035
2024-12-15T14:03:11,441,Nice,Nice,HOT-174
2025-04-21T14:52:02,107,Nantes,Nantes,HOT-206
2025-03-20T00:44:24,244,Lille,Lille,HOT-071
2025-02-28T10:41:49,184,Chamonix,Chamonix,HOT-065
2025-01-20T17:05:58,112,Nantes,Nantes,HOT-221
2025-06-07T08:58:40,370,Nantes,Nantes,HOT-244
2025-05-11T22:36:21,311,Paris,Paris,HOT-209
2025-03-10T18:28:27,459,Paris,Paris,HOT-135
2025-05-09T11:12:42,265,Nantes,Nantes,HOT-202
2025-05-05T09:53:08,303,Nice,Nice,HOT-091
2025-02-19T04:18:25,30,Toulouse,Toulouse,HOT-190
2025-02-13T05:08:51,399,Nice,Nice,HOT-133
2025-03-31T12:46:44,4,Toulouse,Toulouse,HOT-014
2025-05-12T09:25:18,352,Nantes,Nantes,HOT-075
2025-04-30T02:45:45,243,Nice,Nice,HOT-296
2025-06-01T10:32:42,215,Lyon,Lyon,HOT-168
2025-05-04T00:38:46,306,Strasbourg,Strasbourg,HOT-220
2025-05-18T17:12:24,488,Bordeaux,Bordeaux,HOT-005
2025-04-21T10:30:31,161,Nice,Nice,HOT-165
2025-03-29T00:32:01,211,Strasbourg,Strasbourg,HOT-030
2024-12-26T03:00:35,378,Strasbourg,Strasbourg,HOT-257
2025-02-27T18:32:25,305,Strasbourg,Strasbourg,HOT-256
2025-01-02T03:33:23,364,Toulouse,Toulouse,HOT-177
2025-01-25T13:45:21,131,Marseille,Marseille,HOT-224
2025-03-09T19:15:19,436,Lyon,Lyon,HOT-015
2025-05-04T20:46:38,124,Nantes,Nantes,HOT-133
2025-01-21T07:12:16,76,Marseille,Marseille,HOT-245
2025-06-01T20:55:16,108,Lille,Lille,HOT-067
2025-05-22T23:05:39,234,Nice,Nice,HOT-093
2024-12-23T10:14:03,31,Marseille,Marseille,HOT-090
2025-01-31T03:44:04,484,Marseille,Marseille,HOT-247
2025-04-02T07:51:37,53,Lyon,Lyon,HOT-039
2025-05-26T09:38:35,428,Strasbourg,Strasbourg,HOT-190
2025-03-22T17:35:10,334,Strasbourg,Strasbourg,HOT-219
2025-02-24T12:02:52,311,Lyon,Lyon,HOT-252
2025-01-26T05:04:27,55,Lille,Lille,HOT-085
2025-01-12T20:31:04,30,Bordeaux,Bordeaux,HOT-081
2024-12-08T05:06:20,316,Nantes,Nantes,HOT-191
2025-04-23T20:29:21,59,Bordeaux,Bordeaux,HOT-138
2025-04-30T13:15:22,429,Nantes,Nantes,HOT-207
2025-05-09T10:35:29,296,Nantes,Nantes,HOT-120
2024-12-08T12:46:12,17,Toulouse,Toulouse,HOT-090
2025-03-29T09:13:53,482,Lyon,Lyon,HOT-218
2025-03-18T14:49:55,490,Chamonix,Chamonix,HOT-005
2024-12-30T00:44:13,107,Chamonix,Chamonix,HOT-092
2025-03-18T01:52:54,96,Paris,Paris,HOT-093
2024-12-08T13:08:34,383,Lille,Lille,HOT-292
2025-02-17T23:22:55,407,Nantes,Nantes,HOT-008
2025-04-13T06:01:19,49,Bordeaux,Bordeaux,HOT-095
2025-01-16T00:56:11,348,Lille,Lille,HOT-138
2025-04-19T16:50:29,254,Lyon,Lyon,HOT-032
2025-05-12T07:51:57,217,Nantes,Nantes,HOT-013
2025-02-06T11:49:29,445,Lyon,Lyon,HOT-231
2025-02-24T12:58:20,238,Paris,Paris,HOT-111
2025-02-15T11:54:56,413,Lyon,Lyon,HOT-205
2024-12-27T20:19:47,474,Nice,Nice,HOT-229
2025-01-06T04:56:11,455,Paris,Paris,HOT-176
2025-02-27T21:15:13,351,Paris,Paris,HOT-017
2025-04-12T16:10:48,150,Chamonix,Chamonix,HOT-102
2025-03-30T19:38:20,107,Marseille,Marseille,HOT-212
2025-01-25T09:37:49,428,Strasbourg,Strasbourg,HOT-094
2025-01-26T21:22:33,130,Bordeaux,Bordeaux,HOT-193
2025-05-22T04:05:50,296,Nice,Nice,HOT-058
2025-03-21T06:02:45,442,Strasbourg,Strasbourg,HOT-082
2025-02-27T09:33:21,289,Bordeaux,Bordeaux,HOT-228
2025-03-26T19:10:12,222,Nice,Nice,HOT-285
2025-02-16T03:38:27,3,Nantes,Nantes,HOT-114
2025-04-04T23:11:12,491,Chamonix,Chamonix,HOT-017
2025-01-29T15:49:16,380,Lille,Lille,HOT-167
2025-04-18T07:28:06,134,Paris,Paris,HOT-081
2025-02-22T07:53:12,452,Toulouse,Toulouse,HOT-282
2025-05-02T18:02:24,167,Lyon,Lyon,HOT-113
2025-01-15T16:53:50,378,Chamonix,Chamonix,HOT-116
2025-02-25T09:23:56,66,Strasbourg,Strasbourg,HOT-081
2025-03-24T08:36:41,389,Strasbourg,Strasbourg,HOT-093
2025-05-08T08:20:05,277,Lyon,Lyon,HOT-082
2025-03-25T10:02:47,459,Chamonix,Chamonix,HOT-061
2025-03-10T20:04:43,421,Lille,Lille,HOT-114
2025-01-10T20:30:35,179,Paris,Paris,HOT-153
2025-02-17T00:56:00,396,Chamonix,Chamonix,HOT-220
2025-03-25T17:10:55,31,Marseille,Marseille,HOT-221
2025-03-24T21:41:25,368,Lille,Lille,HOT-232
2025-03-11T02:06:06,203,Toulouse,Toulouse,HOT-088
2025-01-25T10:18:20,233,Marseille,Marseille,HOT-284
2025-02-04T16:43:23,330,Bordeaux,Bordeaux,HOT-183
2025-03-29T07:39:56,106,Chamonix,Chamonix,HOT-251
2025-02-12T00:25:58,136,Chamonix,Chamonix,HOT-192
2025-05-06T11:37:26,12,Strasbourg,Strasbourg,HOT-001
2025-04-23T03:27:33,259,Nantes,Nantes,HOT-223
2025-02-22T11:02:06,155,Paris,Paris,HOT-215
2025-04-29T00:36:38,384,Strasbourg,Strasbourg,HOT-187
2025-01-02T23:03:43,386,Lille,Lille,HOT-012
2025-05-22T04:11:59,87,Paris,Paris,HOT-280
2025-05-23T21:21:29,6,Lyon,Lyon,HOT-290
2025-04-14T04:05:48,492,Marseille,Marseille,HOT-024
2024-12-30T06:35:45,85,Marseille,Marseille,HOT-040
2025-05-01T08:40:58,463,Toulouse,Toulouse,HOT-154
2025-01-20T18:25:40,452,Nice,Nice,HOT-017
2025-03-03T20:53:56,144,Bordeaux,Bordeaux,HOT-278
2025-05-08T05:10:11,294,Paris,Paris,HOT-116
2025-04-21T22:38:37,89,Marseille,Marseille,HOT-179
2025-01-07T13:38:09,491,Nice,Nice,HOT-127
2024-12-26T14:56:54,106,Marseille,Marseille,HOT-004
2025-01-17T19:03:48,491,Marseille,Marseille,HOT-126
2025-03-15T20:40:07,184,Lyon,Lyon,HOT-021
2025-02-22T22:21:54,79,Toulouse,Toulouse,HOT-170
2025-05-08T19:01:10,177,Paris,Paris,HOT-059
2025-02-10T20:51:02,317,Nice,Nice,HOT-173
2025-05-11T15:51:54,146,Toulouse,Toulouse,HOT-018
2025-03-24T01:29:14,116,Lille,Lille,HOT-298
2025-04-05T09:10:54,259,Nantes,Nantes,HOT-287
2025-04-21T12:08:20,146,Nice,Nice,HOT-100
2025-04-19T01:55:03,387,Nice,Nice,HOT-099
2025-04-23T09:29:45,449,Marseille,Marseille,HOT-151
2024-12-17T06:11:59,436,Nice,Nice,HOT-202
2025-01-07T08:42:34,471,Marseille,Marseille,HOT-219
2025-02-20T16:58:14,68,Paris,Paris,HOT-276
2025-04-09T15:00:57,14,Toulouse,Toulouse,HOT-289
2024-12-08T04:16:20,383,Nantes,Nantes,HOT-119
2025-05-12T08:14:56,63,Marseille,Marseille,HOT-138
2024-12-24T20:07:10,386,Bordeaux,Bordeaux,HOT-047
2025-05-16T00:15:52,83,Chamonix,Chamonix,HOT-030
2025-01-04T08:53:44,228,Toulouse,Toulouse,HOT-202
2025-03-08T17:45:04,161,Chamonix,Chamonix,HOT-069
2025-06-04T22:26:41,488,Paris,Paris,HOT-061
2025-04-02T16:57:45,74,Nice,Nice,HOT-255
2025-03-01T16:37:19,206,Nice,Nice,HOT-039
2024-12-24T06:22:53,247,Strasbourg,Strasbourg,HOT-159
2024-12-19T14:15:09,302,Toulouse,Toulouse,HOT-143
2025-01-27T05:42:49,82,Lyon,Lyon,HOT-008
2025-01-19T05:08:25,197,Marseille,Marseille,HOT-138
2025-02-17T03:49:59,329,Lyon,Lyon,HOT-290
2024-12-22T16:37:41,105,Strasbourg,Strasbourg,HOT-176
2025-04-04T09:53:46,319,Lyon,Lyon,HOT-068
2024-12-14T11:34:07,93,Lille,Lille,HOT-229
2025-04-26T20:00:22,39,Nice,Nice,HOT-052
2025-02-19T18:42:18,247,Toulouse,Toulouse,HOT-119
2025-06-05T20:55:21,370,Lille,Lille,HOT-066
2025-02-22T22:45:23,484,Lille,Lille,HOT-141
2025-04-05T08:54:11,243,Toulouse,Toulouse,HOT-078
2025-04-13T13:36:51,342,Nantes,Nantes,HOT-205
2025-03-18T07:40:40,129,Lille,Lille,HOT-053
2025-01-31T18:39:34,460,Marseille,Marseille,HOT-014
2025-04-24T07:56:22,456,Chamonix,Chamonix,HOT-218
2025-04-02T04:02:24,62,Strasbourg,Strasbourg,HOT-118
2024-12-18T07:24:47,14,Paris,Paris,HOT-293
2025-05-06T08:53:34,304,Marseille,Marseille,HOT-273
2025-05-15T10:09:32,463,Bordeaux,Bordeaux,HOT-162
2025-01-10T04:26:19,448,Marseille,Marseille,HOT-139
2025-04-10T11:35:23,32,Nice,Nice,HOT-086
2025-03-13T03:32:23,362,Lyon,Lyon,HOT-033
2025-03-02T09:22:26,182,Nice,Nice,HOT-170
2024-12-09T05:31:48,182,Paris,Paris,HOT-163
2025-01-15T07:38:23,49,Bordeaux,Bordeaux,HOT-108
2025-05-21T07:32:54,369,Marseille,Marseille,HOT-052
2025-04-13T16:55:06,298,Lyon,Lyon,HOT-154
2025-06-05T21:15:53,122,Paris,Paris,HOT-265
2025-05-12T06:06:28,436,Strasbourg,Strasbourg,HOT-249
2025-03-17T18:23:07,470,Chamonix,Chamonix,HOT-237
2025-01-31T16:30:11,327,Marseille,Marseille,HOT-134
2025-01-13T23:12:02,239,Chamonix,Chamonix,HOT-065
2024-12-13T16:14:49,192,Bordeaux,Bordeaux,HOT-068
2025-05-08T09:07:54,79,Lyon,Lyon,HOT-257
2025-04-02T13:33:29,280,Nice,Nice,HOT-131
2025-03-16T06:56:29,322,Toulouse,Toulouse,HOT-277
2025-03-17T07:28:54,406,Lyon,Lyon,HOT-093
2025-04-21T18:37:40,377,Paris,Paris,HOT-155
2025-01-21T03:16:51,396,Nantes,Nantes,HOT-248
2025-04-05T14:36:33,253,Paris,Paris,HOT-221
2025-01-09T01:27:49,253,Lille,Lille,HOT-295
2025-04-17T00:47:50,102,Nice,Nice,HOT-121
2024-12-14T03:40:23,388,Marseille,Marseille,HOT-286
2025-02-15T00:07:33,221,Toulouse,Toulouse,HOT-049
2025-01-22T14:37:58,184,Chamonix,Chamonix,HOT-030
2025-04-13T08:13:35,85,Toulouse,Toulouse,HOT-240
2024-12-07T04:57:17,367,Nantes,Nantes,HOT-149
2025-01-06T17:21:42,492,Lille,Lille,HOT-141
2024-12-24T00:19:58,30,Nantes,Nantes,HOT-171
2025-01-29T17:34:30,326,Nantes,Nantes,HOT-184
2025-05-07T13:09:18,377,Nantes,Nantes,HOT-272
2025-02-22T17:06:43,99,Nantes,Nantes,HOT-088
2025-02-13T17:18:37,499,Toulouse,Toulouse,HOT-224
2025-04-16T04:28:02,364,Strasbourg,Strasbourg,HOT-070
2025-02-21T21:06:59,208,Marseille,Marseille,HOT-010
2025-02-23T21:09:16,379,Nantes,Nantes,HOT-137
2025-03-30T22:56:51,204,Strasbourg,Strasbourg,HOT-065
2025-01-15T01:07:48,338,Chamonix,Chamonix,HOT-087
2025-03-17T16:28:19,186,Bordeaux,Bordeaux,HOT-111
2024-12-10T03:13:45,442,Toulouse,Toulouse,HOT-192
2025-04-29T05:56:16,42,Chamonix,Chamonix,HOT-201
2025-04-22T18:43:55,87,Nantes,Nantes,HOT-082
2024-12-20T11:23:43,89,Marseille,Marseille,HOT-180
2025-06-03T15:17:36,5,Lyon,Lyon,HOT-274
2024-12-24T15:49:10,94,Toulouse,Toulouse,HOT-208
2025-03-23T20:54:12,87,Bordeaux,Bordeaux,HOT-229
2025-01-31T09:27:11,89,Nantes,Nantes,HOT-211
2025-04-27T03:40:03,97,Chamonix,Chamonix,HOT-129
2025-05-17T06:36:01,451,Marseille,Marseille,HOT-007
2025-03-25T17:16:32,47,Marseille,Marseille,HOT-084
2025-06-02T19:52:01,126,Bordeaux,Bordeaux,HOT-045
2025-03-30T08:16:41,148,Chamonix,Chamonix,HOT-294
2025-02-12T17:51:27,90,Chamonix,Chamonix,HOT-006
2025-02-12T14:58:02,404,Paris,Paris,HOT-214
2025-05-14T12:11:27,202,Marseille,Marseille,HOT-228
2025-01-29T20:14:09,21,Marseille,Marseille,HOT-210
2025-01-20T02:13:46,205,Paris,Paris,HOT-135
2025-04-03T21:28:27,471,Toulouse,Toulouse,HOT-027
2025-01-13T22:10:09,493,Chamonix,Chamonix,HOT-185
2025-03-05T10:56:48,221,Nice,Nice,HOT-095
2025-06-05T16:23:47,35,Strasbourg,Strasbourg,HOT-146
2025-02-23T14:11:22,332,Paris,Paris,HOT-010
2025-03-28T18:52:32,368,Nice,Nice,HOT-039
2024-12-08T01:17:36,26,Lyon,Lyon,HOT-295
2025-01-26T20:27:55,113,Nice,Nice,HOT-190
2025-01-10T03:20:14,391,Nice,Nice,HOT-276
2025-02-24T05:00:03,318,Marseille,Marseille,HOT-069
2025-03-15T10:51:23,83,Bordeaux,Bordeaux,HOT-238
2024-12-27T19:46:43,48,Lyon,Lyon,HOT-114
2025-03-25T15:01:26,196,Paris,Paris,HOT-024
2024-12-21T04:57:33,215,Paris,Paris,HOT-271
2025-03-14T20:33:15,74,Strasbourg,Strasbourg,HOT-249
2025-02-02T06:55:44,338,Paris,Paris,HOT-165
2025-02-11T03:58:19,205,Bordeaux,Bordeaux,HOT-205
2024-12-29T20:55:03,57,Lille,Lille,HOT-029
2025-05-12T01:35:53,243,Lille,Lille,HOT-067
2025-03-16T19:42:19,201,Bordeaux,Bordeaux,HOT-112
2025-01-26T04:33:15,363,Nantes,Nantes,HOT-182
2025-05-26T06:35:55,6,Paris,Paris,HOT-294
2025-03-21T14:25:39,167,Nice,Nice,HOT-238
2025-05-14T01:09:26,89,Nice,Nice,HOT-139
2025-05-10T05:04:40,217,Lyon,Lyon,HOT-228
2025-03-28T18:48:56,423,Lille,Lille,HOT-076
2025-01-24T17:21:35,439,Nice,Nice,HOT-057
2025-04-20T22:47:04,106,Nice,Nice,HOT-211
2025-03-03T03:04:03,59,Paris,Paris,HOT-133
2025-02-18T08:56:15,145,Lyon,Lyon,HOT-223
2025-03-26T12:10:19,154,Marseille,Marseille,HOT-103
2025-03-11T01:29:41,367,Lyon,Lyon,HOT-200
2025-05-05T15:55:23,179,Bordeaux,Bordeaux,HOT-148
2025-01-23T09:21:05,60,Nice,Nice,HOT-236
2025-05-03T05:41:50,92,Strasbourg,Strasbourg,HOT-241
2025-02-11T02:32:59,338,Lille,Lille,HOT-268
2025-05-06T18:10:06,186,Strasbourg,Strasbourg,HOT-216
2025-03-06T06:00:17,458,Paris,Paris,HOT-217
2025-04-18T12:04:39,440,Nice,Nice,HOT-129
2025-03-06T14:43:44,310,Bordeaux,Bordeaux,HOT-093
2025-05-30T05:43:11,320,Paris,Paris,HOT-143
2025-03-31T02:25:33,451,Lille,Lille,HOT-036
2025-05-23T12:56:08,243,Toulouse,Toulouse,HOT-175
2024-12-12T11:04:46,52,Nantes,Nantes,HOT-282
2025-03-10T17:45:35,226,Paris,Paris,HOT-045
2024-12-29T17:27:56,428,Strasbourg,Strasbourg,HOT-290
2025-01-26T05:08:35,97,Marseille,Marseille,HOT-154
2024-12-20T06:26:30,358,Marseille,Marseille,HOT-022
2025-02-19T11:00:09,452,Marseille,Marseille,HOT-147
2025-04-09T04:41:38,287,Nice,Nice,HOT-228
2025-05-09T07:01:10,158,Bordeaux,Bordeaux,HOT-137
2025-01-18T22:40:19,40,Strasbourg,Strasbourg,HOT-087
2025-04-17T14:15:33,113,Bordeaux,Bordeaux,HOT-177
2025-04-22T07:20:00,220,Toulouse,Toulouse,HOT-101
2025-01-20T19:10:05,257,Lille,Lille,HOT-294
2025-05-11T12:38:18,131,Strasbourg,Strasbourg,HOT-292
2025-02-06T11:01:40,390,Paris,Paris,HOT-085
2025-02-25T05:39:37,184,Bordeaux,Bordeaux,HOT-275
2025-02-13T17:09:50,190,Nice,Nice,HOT-194
2025-03-17T10:42:00,432,Marseille,Marseille,HOT-215
2025-03-21T03:56:05,287,Chamonix,Chamonix,HOT-022
2024-12-09T00:55:46,144,Strasbourg,Strasbourg,HOT-089
2025-04-22T05:40:02,102,Nantes,Nantes,HOT-223
2025-05-17T17:50:32,376,Bordeaux,Bordeaux,HOT-033
2025-01-27T06:54:52,335,Paris,Paris,HOT-002
2025-01-24T08:34:49,305,Toulouse,Toulouse,HOT-117
2025-01-31T22:28:57,257,Toulouse,Toulouse,HOT-161
2024-12-25T05:04:17,247,Bordeaux,Bordeaux,HOT-090
2025-02-22T14:46:03,47,Lille,Lille,HOT-143
2025-04-16T23:16:33,121,Toulouse,Toulouse,HOT-009
2025-05-01T13:13:18,428,Paris,Paris,HOT-298
2025-05-15T14:06:05,400,Nice,Nice,HOT-245
2025-02-11T13:25:06,274,Lyon,Lyon,HOT-135
2024-12-21T21:56:09,345,Lille,Lille,HOT-026
2025-03-24T20:00:48,157,Strasbourg,Strasbourg,HOT-211
2025-06-06T00:14:13,378,Lyon,Lyon,HOT-151
2025-01-10T19:25:11,114,Strasbourg,Strasbourg,HOT-259
2025-03-09T16:31:31,490,Nantes,Nantes,HOT-135
2025-02-06T02:22:09,142,Nice,Nice,HOT-235
2025-02-13T19:13:20,27,Lille,Lille,HOT-193
2025-01-18T14:12:29,43,Nantes,Nantes,HOT-232
2025-05-29T19:25:54,432,Toulouse,Toulouse,HOT-213
2025-03-28T13:18:38,132,Lille,Lille,HOT-240
2025-01-28T09:36:00,68,Lille,Lille,HOT-120
2025-01-11T15:27:12,207,Nantes,Nantes,HOT-035
2025-05-01T00:57:22,189,Bordeaux,Bordeaux,HOT-045
2025-04-18T19:07:36,266,Toulouse,Toulouse,HOT-265
2025-06-05T18:55:11,383,Chamonix,Chamonix,HOT-293
2025-06-01T20:11:07,18,Paris,Paris,HOT-077
2025-01-13T01:51:39,232,Strasbourg,Strasbourg,HOT-086
2025-03-14T01:07:17,296,Lyon,Lyon,HOT-006
2025-04-29T06:48:29,398,Nantes,Nantes,HOT-158
2025-01-14T22:07:46,172,Paris,Paris,HOT-233
2025-01-21T18:08:57,333,Nantes,Nantes,HOT-198
2025-04-28T22:57:50,11,Bordeaux,Bordeaux,HOT-121
2025-01-23T03:40:52,187,Lille,Lille,HOT-220
2025-05-25T14:53:27,18,Toulouse,Toulouse,HOT-019
2025-01-27T16:29:41,117,Nice,Nice,HOT-228
2025-01-16T07:16:27,137,Lille,Lille,HOT-261
2025-01-20T15:48:02,126,Nice,Nice,HOT-014
2025-01-15T12:34:36,203,Strasbourg,Strasbourg,HOT-226
2025-05-18T06:43:14,341,Nice,Nice,HOT-012
2025-01-24T15:16:52,419,Lille,Lille,HOT-242
2025-05-18T13:13:06,359,Lyon,Lyon,HOT-281
2025-04-06T06:29:11,478,Marseille,Marseille,HOT-094
2025-02-14T06:49:26,377,Marseille,Marseille,HOT-216
2025-01-06T10:36:29,211,Strasbourg,Strasbourg,HOT-295
2025-05-07T09:43:57,329,Bordeaux,Bordeaux,HOT-042
2024-12-27T20:49:27,315,Paris,Paris,HOT-263
2024-12-30T10:17:25,232,Nantes,Nantes,HOT-260
2025-06-03T20:00:13,221,Toulouse,Toulouse,HOT-112
2024-12-22T09:23:40,258,Toulouse,Toulouse,HOT-024
2025-04-17T09:07:43,199,Strasbourg,Strasbourg,HOT-106
2025-04-14T23:23:47,294,Lille,Lille,HOT-105
2025-03-12T19:36:02,156,Marseille,Marseille,HOT-264
2025-04-05T08:15:25,356,Chamonix,Chamonix,HOT-258
2024-12-08T10:29:04,388,Strasbourg,Strasbourg,HOT-205
2025-05-04T13:15:08,13,Toulouse,Toulouse,HOT-166
2025-05-22T13:56:30,435,Paris,Paris,HOT-155
2025-03-22T07:04:03,293,Marseille,Marseille,HOT-072
2024-12-15T08:34:35,425,Lyon,Lyon,HOT-234
2025-05-20T19:37:54,31,Bordeaux,Bordeaux,HOT-288
2025-03-10T19:15:36,217,Lyon,Lyon,HOT-280
2025-02-17T05:31:02,443,Lille,Lille,HOT-227
2025-04-06T16:08:10,16,Lille,Lille,HOT-201
2025-02-06T09:33:55,106,Marseille,Marseille,HOT-032
2025-03-12T18:05:18,391,Lyon,Lyon,HOT-206
2025-05-30T13:09:51,391,Marseille,Marseille,HOT-296
2025-05-27T05:18:51,477,Paris,Paris,HOT-243
2025-05-30T07:56:16,99,Chamonix,Chamonix,HOT-298
2025-03-28T17:04:13,91,Nantes,Nantes,HOT-042
2025-05-24T20:22:20,345,Chamonix,Chamonix,HOT-275
2025-01-29T11:57:53,477,Marseille,Marseille,HOT-252
2025-03-12T10:56:05,62,Nantes,Nantes,HOT-079
2025-01-11T15:51:38,215,Toulouse,Toulouse,HOT-105
2025-05-04T13:20:12,396,Nice,Nice,HOT-238
2025-06-03T00:31:02,47,Strasbourg,Strasbourg,HOT-004
2025-03-16T09:40:17,274,Lille,Lille,HOT-158
2025-01-30T13:45:11,313,Bordeaux,Bordeaux,HOT-088
2025-02-22T09:52:08,208,Chamonix,Chamonix,HOT-150
2025-01-19T06:38:36,81,Paris,Paris,HOT-106
2025-05-01T19:39:31,368,Chamonix,Chamonix,HOT-275
2025-03-29T03:04:14,352,Nice,Nice,HOT-045
2025-01-01T01:17:08,346,Nice,Nice,HOT-168
2024-12-17T15:57:53,155,Chamonix,Chamonix,HOT-010
2025-03-19T05:43:15,58,Bordeaux,Bordeaux,HOT-184
2025-05-11T08:29:02,397,Chamonix,Chamonix,HOT-215
2025-02-27T07:45:30,231,Paris,Paris,HOT-195
2025-03-10T00:44:57,307,Marseille,Marseille,HOT-033
2025-06-07T14:43:23,316,Toulouse,Toulouse,HOT-276
2025-03-22T03:46:38,225,Nice,Nice,HOT-002
2024-12-13T11:22:08,189,Bordeaux,Bordeaux,HOT-272
2025-03-14T17:19:13,84,Bordeaux,Bordeaux,HOT-119
2025-02-12T14:05:59,288,Nantes,Nantes,HOT-143
2025-02-21T14:28:11,338,Nice,Nice,HOT-028
2025-05-23T05:22:16,358,Marseille,Marseille,HOT-039
2025-04-19T10:11:09,239,Nantes,Nantes,HOT-058
2025-05-06T19:35:26,213,Strasbourg,Strasbourg,HOT-258
2025-01-10T02:14:41,441,Paris,Paris,HOT-198
2025-03-05T22:18:14,325,Lille,Lille,HOT-139
2024-12-30T12:34:20,340,Nice,Nice,HOT-059
2025-04-21T17:40:17,176,Nantes,Nantes,HOT-297
2025-03-17T18:37:37,443,Paris,Paris,HOT-053
2025-03-06T11:42:01,195,Bordeaux,Bordeaux,HOT-298
2025-02-06T10:39:27,472,Marseille,Marseille,HOT-262
2025-04-19T23:34:12,48,Toulouse,Toulouse,HOT-001
2024-12-08T18:50:58,103,Strasbourg,Strasbourg,HOT-024
2024-12-09T10:42:04,59,Strasbourg,Strasbourg,HOT-028
2025-04-17T01:09:50,480,Chamonix,Chamonix,HOT-080
2025-01-17T01:47:36,212,Bordeaux,Bordeaux,HOT-022
2025-02-18T19:52:43,229,Paris,Paris,HOT-105
2025-03-29T23:18:38,16,Nantes,Nantes,HOT-277
2024-12-26T17:08:06,17,Nantes,Nantes,HOT-034
2025-02-08T08:15:31,233,Marseille,Marseille,HOT-206
2025-02-15T08:48:18,77,Nantes,Nantes,HOT-085
2025-04-05T03:22:08,308,Lille,Lille,HOT-282
2025-05-23T12:05:27,90,Bordeaux,Bordeaux,HOT-154
2025-01-26T13:54:33,432,Nantes,Nantes,HOT-168
2025-01-12T11:48:34,386,Paris,Paris,HOT-010
2025-03-23T16:06:24,235,Marseille,Marseille,HOT-265
2025-01-27T04:34:53,260,Chamonix,Chamonix,HOT-174
2025-01-22T04:45:52,488,Chamonix,Chamonix,HOT-095
2025-01-28T11:08:58,329,Strasbourg,Strasbourg,HOT-142
2025-03-08T16:14:40,46,Lyon,Lyon,HOT-215
2025-04-05T04:47:41,277,Paris,Paris,HOT-217
2025-02-11T18:33:41,480,Chamonix,Chamonix,HOT-058
2025-02-16T04:56:46,369,Chamonix,Chamonix,HOT-198
2025-01-11T20:42:57,440,Lyon,Lyon,HOT-088
2025-03-14T00:03:10,410,Strasbourg,Strasbourg,HOT-208
2025-02-27T11:19:59,201,Marseille,Marseille,HOT-008
2025-01-17T00:46:06,286,Paris,Paris,HOT-272
2025-02-26T12:43:50,69,Paris,Paris,HOT-123
2025-04-22T05:10:25,320,Lyon,Lyon,HOT-234
2025-05-02T05:06:08,30,Marseille,Marseille,HOT-216
2025-02-17T10:42:17,100,Bordeaux,Bordeaux,HOT-144
2025-02-16T01:00:10,138,Nice,Nice,HOT-167
2025-05-22T01:03:51,412,Chamonix,Chamonix,HOT-196
2025-02-22T22:30:46,323,Marseille,Marseille,HOT-130
2025-01-30T10:47:03,172,Nantes,Nantes,HOT-249
2025-03-04T16:09:55,461,Paris,Paris,HOT-042
2025-01-11T01:57:38,92,Paris,Paris,HOT-152
2025-03-28T02:34:42,415,Marseille,Marseille,HOT-153
2025-01-01T14:46:08,84,Toulouse,Toulouse,HOT-111
2025-03-28T23:28:14,209,Chamonix,Chamonix,HOT-010
2025-04-19T08:39:48,300,Lyon,Lyon,HOT-080
2025-01-20T12:48:51,490,Nice,Nice,HOT-235
2025-05-14T06:01:10,187,Nice,Nice,HOT-005
2024-12-26T13:02:34,94,Nantes,Nantes,HOT-137
2025-04-26T02:51:34,292,Strasbourg,Strasbourg,HOT-208
2025-01-28T13:40:12,422,Paris,Paris,HOT-128
2025-05-12T06:56:09,313,Lille,Lille,HOT-230
2025-01-21T22:32:52,1,Marseille,Marseille,HOT-151
2025-03-24T23:41:17,125,Lille,Lille,HOT-163
2025-03-01T01:54:05,69,Bordeaux,Bordeaux,HOT-022
2025-05-22T10:18:14,181,Toulouse,Toulouse,HOT-114
2025-02-19T02:39:40,358,Lille,Lille,HOT-131
2025-01-14T05:20:12,257,Lyon,Lyon,HOT-273
2025-01-04T11:17:49,418,Strasbourg,Strasbourg,HOT-189
2025-05-11T12:03:39,399,Bordeaux,Bordeaux,HOT-009
2025-04-29T13:28:16,498,Nice,Nice,HOT-205
2025-01-05T04:33:38,424,Bordeaux,Bordeaux,HOT-262
2025-03-08T23:53:43,280,Marseille,Marseille,HOT-061
2025-05-12T14:18:10,181,Chamonix,Chamonix,HOT-232
2024-12-09T01:01:06,256,Nice,Nice,HOT-266
2025-01-10T10:39:56,190,Bordeaux,Bordeaux,HOT-205
2025-02-27T00:02:41,211,Marseille,Marseille,HOT-102
2025-03-14T03:54:38,492,Marseille,Marseille,HOT-119
2025-01-02T06:17:58,220,Paris,Paris,HOT-196
2025-05-29T14:33:28,207,Strasbourg,Strasbourg,HOT-271
2025-05-21T02:03:36,209,Bordeaux,Bordeaux,HOT-038
2025-04-08T14:40:02,67,Toulouse,Toulouse,HOT-298
2025-03-17T13:02:35,159,Chamonix,Chamonix,HOT-249
2025-03-20T20:09:19,496,Marseille,Marseille,HOT-070
2025-04-26T01:40:14,384,Paris,Paris,HOT-132
2025-02-06T11:00:42,96,Chamonix,Chamonix,HOT-269
2025-05-08T15:31:58,199,Marseille,Marseille,HOT-085
2025-03-11T15:25:50,493,Lille,Lille,HOT-289
2025-02-03T09:52:36,318,Marseille,Marseille,HOT-006
2025-01-24T21:14:23,197,Lille,Lille,HOT-204
2025-03-26T07:22:16,38,Strasbourg,Strasbourg,HOT-292
2025-05-22T20:31:31,299,Lille,Lille,HOT-091
2025-03-27T09:55:00,97,Toulouse,Toulouse,HOT-194
2024-12-16T09:57:27,313,Chamonix,Chamonix,HOT-080
2025-02-22T12:18:12,302,Chamonix,Chamonix,HOT-281
2024-12-26T08:52:19,127,Nice,Nice,HOT-165
2025-04-20T05:46:50,385,Nantes,Nantes,HOT-245
2025-01-07T20:50:40,443,Lille,Lille,HOT-285
2024-12-18T19:24:21,264,Strasbourg,Strasbourg,HOT-254
2025-01-17T23:45:59,231,Chamonix,Chamonix,HOT-096
2025-05-14T04:16:59,191,Lille,Lille,HOT-007
2025-01-25T12:41:30,155,Lyon,Lyon,HOT-127
2025-03-09T16:27:02,131,Nantes,Nantes,HOT-089
2025-05-19T01:30:27,26,Nantes,Nantes,HOT-129
2025-04-08T10:59:12,459,Chamonix,Chamonix,HOT-127
2024-12-25T20:24:55,49,Toulouse,Toulouse,HOT-103
2025-03-04T12:05:29,309,Nantes,Nantes,HOT-098
2025-04-30T17:40:19,392,Chamonix,Chamonix,HOT-044
2025-02-10T03:13:43,80,Marseille,Marseille,HOT-207
2025-01-26T14:13:40,6,Paris,Paris,HOT-003
2025-02-15T05:49:15,460,Lyon,Lyon,HOT-149
2025-02-15T02:45:59,153,Paris,Paris,HOT-239
2025-03-25T23:02:11,477,Lille,Lille,HOT-076
2025-03-25T09:42:53,431,Chamonix,Chamonix,HOT-035
2025-06-06T02:19:35,490,Bordeaux,Bordeaux,HOT-117
2025-05-13T10:33:49,437,Paris,Paris,HOT-146
2025-01-26T04:39:15,375,Chamonix,Chamonix,HOT-037
2025-02-11T23:25:33,112,Bordeaux,Bordeaux,HOT-061
2024-12-11T00:03:19,9,Nice,Nice,HOT-265
