date_log,location,temperature,precipitation,weather_condition
2023-01-01,Paris,22.5,0.8,nuageux
2023-01-01,Lyon,23.2,3.3,ensoleillé
2023-01-01,Marseille,18.8,0.6,ensoleillé
2023-01-01,Nice,27.9,2.2,ensoleillé
2023-01-01,Bordeaux,17.7,1.8,pluie
2023-01-01,Toulouse,17.7,0.3,nuageux
2023-01-01,Lille,21.2,0.0,pluie
2023-01-01,Strasbourg,11.4,0.2,ensoleillé
2023-01-01,Nantes,14.9,1.5,nuageux
2023-01-01,Chamonix,15.5,0.0,ensoleillé
2023-01-02,Paris,27.3,0.7,ensoleillé
2023-01-02,Lyon,20.3,0.0,nuageux
2023-01-02,Marseille,17.3,1.2,ensoleillé
2023-01-02,Nice,14.2,1.6,ensoleillé
2023-01-02,Bordeaux,17.0,0.6,nuageux
2023-01-02,Toulouse,17.0,3.8,nuageux
2023-01-02,Lille,19.9,0.0,ensoleillé
2023-01-02,Strasbourg,24.1,0.0,nuageux
2023-01-02,Nantes,21.0,0.0,pluie
2023-01-02,Chamonix,13.4,1.3,ensoleillé
2023-01-03,Paris,23.7,1.3,pluie
2023-01-03,Lyon,19.4,0.5,nuageux
2023-01-03,Marseille,12.6,0.0,ensoleillé
2023-01-03,Nice,17.7,2.6,ensoleillé
2023-01-03,Bordeaux,21.7,0.0,neige
2023-01-03,Toulouse,21.6,0.4,ensoleillé
2023-01-03,Lille,16.6,1.9,ensoleillé
2023-01-03,Strasbourg,25.2,2.4,ensoleillé
2023-01-03,Nantes,15.8,0.5,pluie
2023-01-03,Chamonix,21.7,2.5,nuageux
2023-01-04,Paris,17.6,0.7,pluie
2023-01-04,Lyon,14.5,0.0,pluie
2023-01-04,Marseille,24.1,3.0,nuageux
2023-01-04,Nice,19.6,2.5,neige
2023-01-04,Bordeaux,21.8,0.0,ensoleillé
2023-01-04,Toulouse,21.8,3.3,nuageux
2023-01-04,Lille,19.8,3.3,pluie
2023-01-04,Strasbourg,6.9,2.2,nuageux
2023-01-04,Nantes,20.4,0.6,pluie
2023-01-04,Chamonix,20.5,0.0,nuageux
2023-01-05,Paris,18.9,1.5,pluie
2023-01-05,Lyon,27.4,0.2,ensoleillé
2023-01-05,Marseille,16.0,0.2,ensoleillé
2023-01-05,Nice,24.6,1.5,ensoleillé
2023-01-05,Bordeaux,17.4,1.8,ensoleillé
2023-01-05,Toulouse,20.5,2.5,ensoleillé
2023-01-05,Lille,16.5,0.5,ensoleillé
2023-01-05,Strasbourg,18.0,0.0,ensoleillé
2023-01-05,Nantes,21.5,1.4,nuageux
2023-01-05,Chamonix,20.0,0.6,ensoleillé
2023-01-06,Paris,12.9,0.4,ensoleillé
2023-01-06,Lyon,18.3,0.0,ensoleillé
2023-01-06,Marseille,19.2,1.6,ensoleillé
2023-01-06,Nice,29.4,1.3,orage
2023-01-06,Bordeaux,21.3,0.9,nuageux
2023-01-06,Toulouse,10.4,1.0,nuageux
2023-01-06,Lille,20.3,4.7,ensoleillé
2023-01-06,Strasbourg,19.0,1.5,pluie
2023-01-06,Nantes,19.8,0.0,ensoleillé
2023-01-06,Chamonix,25.7,2.1,ensoleillé
2023-01-07,Paris,24.0,0.0,neige
2023-01-07,Lyon,27.0,0.0,nuageux
2023-01-07,Marseille,22.9,4.3,nuageux
2023-01-07,Nice,15.0,0.2,nuageux
2023-01-07,Bordeaux,20.5,0.2,pluie
2023-01-07,Toulouse,12.2,1.1,pluie
2023-01-07,Lille,14.7,1.7,ensoleillé
2023-01-07,Strasbourg,15.4,3.3,ensoleillé
2023-01-07,Nantes,16.1,0.5,ensoleillé
2023-01-07,Chamonix,24.1,0.0,ensoleillé
2023-01-08,Paris,21.1,3.0,ensoleillé
2023-01-08,Lyon,12.0,1.3,orage
2023-01-08,Marseille,21.3,2.2,pluie
2023-01-08,Nice,13.8,0.0,ensoleillé
2023-01-08,Bordeaux,22.6,1.4,nuageux
2023-01-08,Toulouse,21.3,1.5,ensoleillé
2023-01-08,Lille,16.6,1.3,orage
2023-01-08,Strasbourg,21.5,0.0,nuageux
2023-01-08,Nantes,29.3,1.7,ensoleillé
2023-01-08,Chamonix,14.0,2.0,ensoleillé
2023-01-09,Paris,15.1,2.2,nuageux
2023-01-09,Lyon,25.8,0.0,ensoleillé
2023-01-09,Marseille,24.8,1.6,nuageux
2023-01-09,Nice,24.1,3.8,pluie
2023-01-09,Bordeaux,18.8,0.0,ensoleillé
2023-01-09,Toulouse,15.6,0.0,ensoleillé
2023-01-09,Lille,19.6,1.5,neige
2023-01-09,Strasbourg,21.4,2.2,nuageux
2023-01-09,Nantes,20.1,3.2,ensoleillé
2023-01-09,Chamonix,18.7,5.1,ensoleillé
2023-01-10,Paris,23.1,0.0,ensoleillé
2023-01-10,Lyon,14.6,1.7,nuageux
2023-01-10,Marseille,18.9,2.1,pluie
2023-01-10,Nice,22.4,0.9,nuageux
2023-01-10,Bordeaux,15.8,0.0,ensoleillé
2023-01-10,Toulouse,17.8,2.3,ensoleillé
2023-01-10,Lille,21.1,0.0,neige
2023-01-10,Strasbourg,20.9,1.6,nuageux
2023-01-10,Nantes,15.6,1.2,neige
2023-01-10,Chamonix,20.3,0.0,pluie
2023-01-11,Paris,21.8,1.8,ensoleillé
2023-01-11,Lyon,25.4,2.6,pluie
2023-01-11,Marseille,13.1,0.0,nuageux
2023-01-11,Nice,22.6,1.8,nuageux
2023-01-11,Bordeaux,22.6,6.8,ensoleillé
2023-01-11,Toulouse,22.9,2.7,nuageux
2023-01-11,Lille,24.8,2.0,ensoleillé
2023-01-11,Strasbourg,18.4,2.1,nuageux
2023-01-11,Nantes,16.1,0.6,nuageux
2023-01-11,Chamonix,17.6,1.1,neige
2023-01-12,Paris,31.6,0.0,pluie
2023-01-12,Lyon,23.4,0.0,ensoleillé
2023-01-12,Marseille,17.6,2.6,nuageux
2023-01-12,Nice,20.3,0.0,ensoleillé
2023-01-12,Bordeaux,16.4,2.0,orage
2023-01-12,Toulouse,16.3,1.3,pluie
2023-01-12,Lille,20.2,0.0,ensoleillé
2023-01-12,Strasbourg,30.7,2.0,nuageux
2023-01-12,Nantes,9.9,1.3,nuageux
2023-01-12,Chamonix,16.7,2.3,ensoleillé
2023-01-13,Paris,16.0,0.8,pluie
2023-01-13,Lyon,22.5,2.3,nuageux
2023-01-13,Marseille,14.0,0.5,pluie
2023-01-13,Nice,17.6,0.0,nuageux
2023-01-13,Bordeaux,28.8,1.6,ensoleillé
2023-01-13,Toulouse,13.7,2.4,ensoleillé
2023-01-13,Lille,30.6,2.5,ensoleillé
2023-01-13,Strasbourg,12.4,0.3,orage
2023-01-13,Nantes,26.3,0.0,pluie
2023-01-13,Chamonix,22.2,2.2,pluie
2023-01-14,Paris,15.4,0.9,ensoleillé
2023-01-14,Lyon,3.8,0.0,ensoleillé
2023-01-14,Marseille,18.7,0.0,pluie
2023-01-14,Nice,28.2,0.0,orage
2023-01-14,Bordeaux,17.8,1.2,ensoleillé
2023-01-14,Toulouse,27.2,0.0,nuageux
2023-01-14,Lille,25.8,1.0,ensoleillé
2023-01-14,Strasbourg,15.1,1.7,pluie
2023-01-14,Nantes,21.0,0.1,pluie
2023-01-14,Chamonix,20.3,0.4,ensoleillé
2023-01-15,Paris,20.6,2.0,nuageux
2023-01-15,Lyon,27.9,0.0,nuageux
2023-01-15,Marseille,30.7,0.0,ensoleillé
2023-01-15,Nice,19.2,1.9,pluie
2023-01-15,Bordeaux,21.4,0.1,nuageux
2023-01-15,Toulouse,19.0,0.3,ensoleillé
2023-01-15,Lille,17.1,2.3,nuageux
2023-01-15,Strasbourg,21.8,0.0,pluie
2023-01-15,Nantes,24.5,1.5,ensoleillé
2023-01-15,Chamonix,24.1,1.9,ensoleillé
2023-01-16,Paris,15.9,0.2,neige
2023-01-16,Lyon,23.7,1.9,nuageux
2023-01-16,Marseille,19.9,1.2,nuageux
2023-01-16,Nice,26.4,0.1,nuageux
2023-01-16,Bordeaux,22.7,0.7,ensoleillé
2023-01-16,Toulouse,18.9,2.6,ensoleillé
2023-01-16,Lille,24.1,2.2,ensoleillé
2023-01-16,Strasbourg,26.5,1.0,nuageux
2023-01-16,Nantes,23.4,0.5,ensoleillé
2023-01-16,Chamonix,21.6,0.8,ensoleillé
2023-01-17,Paris,20.5,1.9,ensoleillé
2023-01-17,Lyon,15.9,4.1,nuageux
2023-01-17,Marseille,15.0,0.0,ensoleillé
2023-01-17,Nice,25.8,2.2,orage
2023-01-17,Bordeaux,23.1,1.9,pluie
2023-01-17,Toulouse,19.9,0.0,ensoleillé
2023-01-17,Lille,20.4,0.0,ensoleillé
2023-01-17,Strasbourg,24.9,0.8,nuageux
2023-01-17,Nantes,15.9,0.5,ensoleillé
2023-01-17,Chamonix,22.1,0.2,ensoleillé
2023-01-18,Paris,15.9,1.4,orage
2023-01-18,Lyon,21.2,0.2,nuageux
2023-01-18,Marseille,17.6,1.3,nuageux
2023-01-18,Nice,12.8,0.0,pluie
2023-01-18,Bordeaux,16.4,0.7,pluie
2023-01-18,Toulouse,21.6,3.2,ensoleillé
2023-01-18,Lille,24.3,0.8,ensoleillé
2023-01-18,Strasbourg,19.9,0.0,nuageux
2023-01-18,Nantes,19.9,0.6,nuageux
2023-01-18,Chamonix,21.6,0.0,nuageux
2023-01-19,Paris,22.6,3.3,pluie
2023-01-19,Lyon,19.5,1.6,nuageux
2023-01-19,Marseille,23.5,0.4,neige
2023-01-19,Nice,21.1,1.0,ensoleillé
2023-01-19,Bordeaux,20.5,0.0,nuageux
2023-01-19,Toulouse,20.1,1.7,ensoleillé
2023-01-19,Lille,27.3,2.4,pluie
2023-01-19,Strasbourg,30.8,0.0,ensoleillé
2023-01-19,Nantes,24.4,1.3,ensoleillé
2023-01-19,Chamonix,30.9,0.0,nuageux
2023-01-20,Paris,15.8,0.1,nuageux
2023-01-20,Lyon,9.4,0.2,ensoleillé
2023-01-20,Marseille,16.2,1.2,ensoleillé
2023-01-20,Nice,21.7,3.8,orage
2023-01-20,Bordeaux,24.8,0.1,nuageux
2023-01-20,Toulouse,15.5,1.7,pluie
2023-01-20,Lille,13.4,3.7,nuageux
2023-01-20,Strasbourg,25.9,0.3,ensoleillé
2023-01-20,Nantes,11.4,3.0,neige
2023-01-20,Chamonix,19.4,2.9,pluie
2023-01-21,Paris,12.0,0.1,neige
2023-01-21,Lyon,20.0,1.1,orage
2023-01-21,Marseille,17.7,1.9,pluie
2023-01-21,Nice,14.7,0.8,ensoleillé
2023-01-21,Bordeaux,20.6,1.8,nuageux
2023-01-21,Toulouse,23.6,0.0,ensoleillé
2023-01-21,Lille,12.3,2.9,nuageux
2023-01-21,Strasbourg,21.7,0.0,ensoleillé
2023-01-21,Nantes,27.8,1.2,ensoleillé
2023-01-21,Chamonix,25.9,1.1,neige
2023-01-22,Paris,30.3,3.6,ensoleillé
2023-01-22,Lyon,18.8,2.5,pluie
2023-01-22,Marseille,23.2,3.1,nuageux
2023-01-22,Nice,15.2,2.0,nuageux
2023-01-22,Bordeaux,25.3,0.0,neige
2023-01-22,Toulouse,14.1,0.0,neige
2023-01-22,Lille,18.7,2.1,nuageux
2023-01-22,Strasbourg,27.5,1.1,pluie
2023-01-22,Nantes,28.1,0.0,ensoleillé
2023-01-22,Chamonix,11.5,0.9,ensoleillé
2023-01-23,Paris,21.9,1.0,neige
2023-01-23,Lyon,9.7,0.9,nuageux
2023-01-23,Marseille,13.5,2.0,nuageux
2023-01-23,Nice,21.8,0.0,pluie
2023-01-23,Bordeaux,17.4,0.0,ensoleillé
2023-01-23,Toulouse,19.7,2.4,nuageux
2023-01-23,Lille,15.1,1.8,nuageux
2023-01-23,Strasbourg,17.3,0.0,pluie
2023-01-23,Nantes,19.5,0.0,ensoleillé
2023-01-23,Chamonix,17.2,0.0,neige
2023-01-24,Paris,29.8,1.1,ensoleillé
2023-01-24,Lyon,16.5,1.3,ensoleillé
2023-01-24,Marseille,19.4,0.7,nuageux
2023-01-24,Nice,23.1,2.1,nuageux
2023-01-24,Bordeaux,17.3,0.1,ensoleillé
2023-01-24,Toulouse,18.6,0.0,ensoleillé
2023-01-24,Lille,12.4,3.1,pluie
2023-01-24,Strasbourg,28.2,0.6,ensoleillé
2023-01-24,Nantes,22.9,1.5,nuageux
2023-01-24,Chamonix,35.4,2.7,nuageux
2023-01-25,Paris,19.4,0.0,nuageux
2023-01-25,Lyon,12.0,1.3,nuageux
2023-01-25,Marseille,16.2,0.0,nuageux
2023-01-25,Nice,16.8,0.0,orage
2023-01-25,Bordeaux,28.4,2.3,ensoleillé
2023-01-25,Toulouse,20.0,3.2,pluie
2023-01-25,Lille,20.4,0.0,ensoleillé
2023-01-25,Strasbourg,27.6,1.8,ensoleillé
2023-01-25,Nantes,14.8,0.7,nuageux
2023-01-25,Chamonix,15.6,0.0,ensoleillé
2023-01-26,Paris,24.6,3.9,ensoleillé
2023-01-26,Lyon,13.0,1.8,pluie
2023-01-26,Marseille,16.7,0.3,ensoleillé
2023-01-26,Nice,17.0,0.0,nuageux
2023-01-26,Bordeaux,20.2,0.0,neige
2023-01-26,Toulouse,21.4,0.9,neige
2023-01-26,Lille,18.8,0.0,ensoleillé
2023-01-26,Strasbourg,17.1,2.1,ensoleillé
2023-01-26,Nantes,22.5,0.0,ensoleillé
2023-01-26,Chamonix,20.5,2.1,orage
2023-01-27,Paris,11.7,1.8,pluie
2023-01-27,Lyon,16.7,1.9,pluie
2023-01-27,Marseille,16.2,0.0,ensoleillé
2023-01-27,Nice,11.9,1.1,ensoleillé
2023-01-27,Bordeaux,21.3,0.0,pluie
2023-01-27,Toulouse,23.2,0.0,pluie
2023-01-27,Lille,19.7,0.0,nuageux
2023-01-27,Strasbourg,16.7,1.1,neige
2023-01-27,Nantes,15.7,0.4,nuageux
2023-01-27,Chamonix,25.0,0.1,ensoleillé
2023-01-28,Paris,24.2,0.0,pluie
2023-01-28,Lyon,22.6,3.2,ensoleillé
2023-01-28,Marseille,7.6,0.0,nuageux
2023-01-28,Nice,22.9,0.7,orage
2023-01-28,Bordeaux,21.9,0.1,ensoleillé
2023-01-28,Toulouse,20.4,0.8,ensoleillé
2023-01-28,Lille,25.8,1.4,ensoleillé
2023-01-28,Strasbourg,21.7,0.4,nuageux
2023-01-28,Nantes,17.6,0.4,ensoleillé
2023-01-28,Chamonix,22.0,0.4,nuageux
2023-01-29,Paris,21.4,4.1,pluie
2023-01-29,Lyon,24.4,0.5,ensoleillé
2023-01-29,Marseille,26.0,0.4,nuageux
2023-01-29,Nice,9.8,0.0,ensoleillé
2023-01-29,Bordeaux,10.6,0.5,nuageux
2023-01-29,Toulouse,20.1,3.5,orage
2023-01-29,Lille,21.6,0.7,pluie
2023-01-29,Strasbourg,24.1,0.0,ensoleillé
2023-01-29,Nantes,21.2,2.2,nuageux
2023-01-29,Chamonix,12.6,2.7,ensoleillé
2023-01-30,Paris,21.7,0.4,ensoleillé
2023-01-30,Lyon,23.2,4.4,pluie
2023-01-30,Marseille,20.9,1.4,nuageux
2023-01-30,Nice,17.7,0.0,ensoleillé
2023-01-30,Bordeaux,24.2,0.0,pluie
2023-01-30,Toulouse,20.4,0.3,nuageux
2023-01-30,Lille,22.4,1.5,nuageux
2023-01-30,Strasbourg,25.2,0.2,ensoleillé
2023-01-30,Nantes,18.7,0.0,ensoleillé
2023-01-30,Chamonix,17.8,1.6,pluie
2023-01-31,Paris,23.8,0.0,orage
2023-01-31,Lyon,24.3,3.0,nuageux
2023-01-31,Marseille,22.1,3.8,pluie
2023-01-31,Nice,16.1,0.0,nuageux
2023-01-31,Bordeaux,11.1,3.2,ensoleillé
2023-01-31,Toulouse,23.3,0.9,ensoleillé
2023-01-31,Lille,21.4,0.0,ensoleillé
2023-01-31,Strasbourg,32.2,1.2,pluie
2023-01-31,Nantes,20.5,2.1,pluie
2023-01-31,Chamonix,22.4,1.3,pluie
2023-02-01,Paris,16.0,1.7,pluie
2023-02-01,Lyon,29.4,3.0,ensoleillé
2023-02-01,Marseille,28.0,0.2,ensoleillé
2023-02-01,Nice,15.1,0.8,ensoleillé
2023-02-01,Bordeaux,20.3,2.6,pluie
2023-02-01,Toulouse,11.5,3.3,pluie
2023-02-01,Lille,19.2,0.4,nuageux
2023-02-01,Strasbourg,14.9,0.0,nuageux
2023-02-01,Nantes,24.1,1.1,ensoleillé
2023-02-01,Chamonix,13.6,0.0,orage
2023-02-02,Paris,18.3,3.5,pluie
2023-02-02,Lyon,18.7,0.0,neige
2023-02-02,Marseille,18.8,0.6,pluie
2023-02-02,Nice,6.5,0.9,pluie
2023-02-02,Bordeaux,18.8,2.0,ensoleillé
2023-02-02,Toulouse,29.2,2.7,pluie
2023-02-02,Lille,18.7,0.0,ensoleillé
2023-02-02,Strasbourg,32.9,1.1,orage
2023-02-02,Nantes,20.1,1.0,pluie
2023-02-02,Chamonix,21.0,0.8,pluie
2023-02-03,Paris,17.1,0.2,pluie
2023-02-03,Lyon,19.8,0.2,ensoleillé
2023-02-03,Marseille,16.4,1.2,pluie
2023-02-03,Nice,18.7,3.3,ensoleillé
2023-02-03,Bordeaux,6.7,2.6,pluie
2023-02-03,Toulouse,26.2,0.0,pluie
2023-02-03,Lille,18.3,0.4,ensoleillé
2023-02-03,Strasbourg,13.0,0.0,pluie
2023-02-03,Nantes,14.4,3.6,nuageux
2023-02-03,Chamonix,24.7,2.9,ensoleillé
2023-02-04,Paris,23.6,0.0,pluie
2023-02-04,Lyon,17.4,1.7,ensoleillé
2023-02-04,Marseille,13.9,2.1,ensoleillé
2023-02-04,Nice,18.8,0.4,ensoleillé
2023-02-04,Bordeaux,23.6,1.7,ensoleillé
2023-02-04,Toulouse,18.2,2.7,pluie
2023-02-04,Lille,14.6,1.9,neige
2023-02-04,Strasbourg,23.0,0.5,ensoleillé
2023-02-04,Nantes,21.6,0.0,nuageux
2023-02-04,Chamonix,24.6,0.7,ensoleillé
2023-02-05,Paris,17.4,2.6,neige
2023-02-05,Lyon,16.5,0.0,nuageux
2023-02-05,Marseille,12.2,1.9,orage
2023-02-05,Nice,13.6,3.6,ensoleillé
2023-02-05,Bordeaux,9.6,3.5,neige
2023-02-05,Toulouse,21.1,0.9,ensoleillé
2023-02-05,Lille,17.3,1.6,neige
2023-02-05,Strasbourg,19.8,2.7,ensoleillé
2023-02-05,Nantes,20.6,1.2,ensoleillé
2023-02-05,Chamonix,18.2,0.9,nuageux
2023-02-06,Paris,21.5,0.0,pluie
2023-02-06,Lyon,13.3,2.1,ensoleillé
2023-02-06,Marseille,20.9,0.7,nuageux
2023-02-06,Nice,20.1,1.5,nuageux
2023-02-06,Bordeaux,17.3,0.0,ensoleillé
2023-02-06,Toulouse,21.0,0.0,nuageux
2023-02-06,Lille,22.0,0.0,ensoleillé
2023-02-06,Strasbourg,25.1,1.7,pluie
2023-02-06,Nantes,21.3,2.5,ensoleillé
2023-02-06,Chamonix,28.3,2.5,orage
2023-02-07,Paris,10.8,0.0,nuageux
2023-02-07,Lyon,16.9,1.0,pluie
2023-02-07,Marseille,22.6,0.0,pluie
2023-02-07,Nice,20.9,0.0,nuageux
2023-02-07,Bordeaux,16.9,0.0,ensoleillé
2023-02-07,Toulouse,15.4,0.0,ensoleillé
2023-02-07,Lille,15.1,2.6,nuageux
2023-02-07,Strasbourg,15.3,4.9,ensoleillé
2023-02-07,Nantes,22.5,1.3,ensoleillé
2023-02-07,Chamonix,15.7,2.1,pluie
2023-02-08,Paris,17.1,1.2,pluie
2023-02-08,Lyon,32.8,0.9,ensoleillé
2023-02-08,Marseille,25.7,0.0,ensoleillé
2023-02-08,Nice,19.8,3.7,nuageux
2023-02-08,Bordeaux,16.9,3.7,nuageux
2023-02-08,Toulouse,23.5,0.2,ensoleillé
2023-02-08,Lille,23.2,2.5,ensoleillé
2023-02-08,Strasbourg,23.1,0.0,nuageux
2023-02-08,Nantes,16.4,0.6,orage
2023-02-08,Chamonix,19.6,1.9,nuageux
2023-02-09,Paris,20.9,0.0,orage
2023-02-09,Lyon,21.9,1.9,nuageux
2023-02-09,Marseille,22.8,2.6,ensoleillé
2023-02-09,Nice,24.2,1.7,nuageux
2023-02-09,Bordeaux,19.6,0.0,ensoleillé
2023-02-09,Toulouse,22.1,1.3,ensoleillé
2023-02-09,Lille,21.4,0.0,nuageux
2023-02-09,Strasbourg,14.6,2.6,nuageux
2023-02-09,Nantes,19.8,2.0,nuageux
2023-02-09,Chamonix,20.1,1.0,nuageux
2023-02-10,Paris,24.7,0.2,nuageux
2023-02-10,Lyon,20.5,0.3,ensoleillé
2023-02-10,Marseille,17.8,0.5,nuageux
2023-02-10,Nice,21.1,0.3,orage
2023-02-10,Bordeaux,26.3,0.0,pluie
2023-02-10,Toulouse,19.1,0.3,ensoleillé
2023-02-10,Lille,27.2,1.3,ensoleillé
2023-02-10,Strasbourg,25.2,0.0,nuageux
2023-02-10,Nantes,21.3,2.3,nuageux
2023-02-10,Chamonix,20.4,2.6,ensoleillé
2023-02-11,Paris,17.4,3.1,pluie
2023-02-11,Lyon,31.5,0.5,pluie
2023-02-11,Marseille,17.8,3.2,nuageux
2023-02-11,Nice,27.9,0.2,ensoleillé
2023-02-11,Bordeaux,17.9,0.6,ensoleillé
2023-02-11,Toulouse,13.3,0.0,ensoleillé
2023-02-11,Lille,15.0,0.0,ensoleillé
2023-02-11,Strasbourg,19.8,1.4,nuageux
2023-02-11,Nantes,27.8,0.0,pluie
2023-02-11,Chamonix,24.9,0.7,ensoleillé
2023-02-12,Paris,19.8,2.0,nuageux
2023-02-12,Lyon,14.4,1.6,nuageux
2023-02-12,Marseille,20.8,1.7,ensoleillé
2023-02-12,Nice,21.4,4.7,nuageux
2023-02-12,Bordeaux,16.8,0.2,nuageux
2023-02-12,Toulouse,16.9,0.2,ensoleillé
2023-02-12,Lille,16.8,2.8,nuageux
2023-02-12,Strasbourg,27.1,0.1,ensoleillé
2023-02-12,Nantes,15.8,1.7,pluie
2023-02-12,Chamonix,17.2,1.9,pluie
2023-02-13,Paris,21.0,0.0,ensoleillé
2023-02-13,Lyon,27.7,3.7,nuageux
2023-02-13,Marseille,16.9,0.4,ensoleillé
2023-02-13,Nice,21.4,1.5,neige
2023-02-13,Bordeaux,23.3,4.0,nuageux
2023-02-13,Toulouse,19.1,0.0,ensoleillé
2023-02-13,Lille,13.1,0.0,ensoleillé
2023-02-13,Strasbourg,19.8,3.7,pluie
2023-02-13,Nantes,17.4,1.3,nuageux
2023-02-13,Chamonix,19.9,2.8,pluie
2023-02-14,Paris,32.6,0.2,nuageux
2023-02-14,Lyon,17.6,2.6,neige
2023-02-14,Marseille,23.4,3.8,nuageux
2023-02-14,Nice,22.9,0.5,neige
2023-02-14,Bordeaux,23.0,2.7,pluie
2023-02-14,Toulouse,24.1,1.8,nuageux
2023-02-14,Lille,25.3,2.8,pluie
2023-02-14,Strasbourg,26.9,2.0,nuageux
2023-02-14,Nantes,19.2,1.2,pluie
2023-02-14,Chamonix,26.0,0.0,nuageux
2023-02-15,Paris,21.8,0.4,pluie
2023-02-15,Lyon,20.1,2.9,pluie
2023-02-15,Marseille,21.0,1.1,nuageux
2023-02-15,Nice,13.2,2.1,ensoleillé
2023-02-15,Bordeaux,23.2,4.2,ensoleillé
2023-02-15,Toulouse,18.5,1.3,nuageux
2023-02-15,Lille,21.2,3.4,pluie
2023-02-15,Strasbourg,19.5,1.4,nuageux
2023-02-15,Nantes,23.0,1.3,nuageux
2023-02-15,Chamonix,17.8,1.3,ensoleillé
2023-02-16,Paris,25.4,0.0,ensoleillé
2023-02-16,Lyon,20.7,0.0,ensoleillé
2023-02-16,Marseille,26.0,0.0,ensoleillé
2023-02-16,Nice,17.2,1.6,ensoleillé
2023-02-16,Bordeaux,27.8,0.9,nuageux
2023-02-16,Toulouse,17.2,3.8,ensoleillé
2023-02-16,Lille,12.8,0.0,ensoleillé
2023-02-16,Strasbourg,22.2,0.2,nuageux
2023-02-16,Nantes,14.9,2.1,pluie
2023-02-16,Chamonix,21.2,0.2,ensoleillé
2023-02-17,Paris,13.6,2.3,nuageux
2023-02-17,Lyon,23.3,0.9,nuageux
2023-02-17,Marseille,29.2,0.0,nuageux
2023-02-17,Nice,12.4,0.0,ensoleillé
2023-02-17,Bordeaux,19.8,1.4,nuageux
2023-02-17,Toulouse,18.8,1.5,orage
2023-02-17,Lille,13.7,3.2,nuageux
2023-02-17,Strasbourg,19.6,2.7,nuageux
2023-02-17,Nantes,21.7,1.7,pluie
2023-02-17,Chamonix,22.8,1.7,pluie
2023-02-18,Paris,23.2,3.0,ensoleillé
2023-02-18,Lyon,21.0,2.1,ensoleillé
2023-02-18,Marseille,19.6,3.2,ensoleillé
2023-02-18,Nice,16.6,3.7,pluie
2023-02-18,Bordeaux,19.8,0.0,pluie
2023-02-18,Toulouse,20.6,0.0,neige
2023-02-18,Lille,24.2,0.0,nuageux
2023-02-18,Strasbourg,17.8,0.0,pluie
2023-02-18,Nantes,17.7,0.0,nuageux
2023-02-18,Chamonix,12.1,2.1,nuageux
2023-02-19,Paris,23.9,1.6,ensoleillé
2023-02-19,Lyon,15.2,0.9,ensoleillé
2023-02-19,Marseille,20.0,0.0,nuageux
2023-02-19,Nice,27.5,2.3,ensoleillé
2023-02-19,Bordeaux,18.9,1.0,ensoleillé
2023-02-19,Toulouse,21.0,0.0,nuageux
2023-02-19,Lille,18.8,0.0,nuageux
2023-02-19,Strasbourg,15.0,0.6,ensoleillé
2023-02-19,Nantes,29.0,2.0,nuageux
2023-02-19,Chamonix,17.1,1.9,ensoleillé
2023-02-20,Paris,27.0,2.4,nuageux
2023-02-20,Lyon,20.3,0.0,ensoleillé
2023-02-20,Marseille,23.5,1.6,ensoleillé
2023-02-20,Nice,24.5,2.0,nuageux
2023-02-20,Bordeaux,25.2,0.2,ensoleillé
2023-02-20,Toulouse,26.6,1.3,nuageux
2023-02-20,Lille,30.4,0.0,ensoleillé
2023-02-20,Strasbourg,28.7,1.3,nuageux
2023-02-20,Nantes,16.7,0.3,ensoleillé
2023-02-20,Chamonix,18.4,1.6,ensoleillé
2023-02-21,Paris,22.6,0.1,ensoleillé
2023-02-21,Lyon,19.9,4.2,ensoleillé
2023-02-21,Marseille,28.6,1.7,pluie
2023-02-21,Nice,20.2,1.2,ensoleillé
2023-02-21,Bordeaux,23.1,0.0,pluie
2023-02-21,Toulouse,18.7,0.0,pluie
2023-02-21,Lille,22.0,2.0,ensoleillé
2023-02-21,Strasbourg,17.6,3.4,ensoleillé
2023-02-21,Nantes,13.9,0.0,ensoleillé
2023-02-21,Chamonix,21.1,2.6,nuageux
2023-02-22,Paris,28.4,0.3,neige
2023-02-22,Lyon,25.4,0.9,ensoleillé
2023-02-22,Marseille,19.1,2.3,nuageux
2023-02-22,Nice,23.3,0.0,pluie
2023-02-22,Bordeaux,27.4,3.1,nuageux
2023-02-22,Toulouse,16.9,1.6,pluie
2023-02-22,Lille,22.5,1.4,orage
2023-02-22,Strasbourg,17.2,0.0,ensoleillé
2023-02-22,Nantes,19.9,2.8,ensoleillé
2023-02-22,Chamonix,22.7,0.4,ensoleillé
2023-02-23,Paris,23.9,0.0,ensoleillé
2023-02-23,Lyon,25.7,0.0,nuageux
2023-02-23,Marseille,18.2,0.0,nuageux
2023-02-23,Nice,13.5,2.7,ensoleillé
2023-02-23,Bordeaux,17.7,1.5,nuageux
2023-02-23,Toulouse,19.8,1.7,pluie
2023-02-23,Lille,20.4,0.0,ensoleillé
2023-02-23,Strasbourg,25.0,0.3,nuageux
2023-02-23,Nantes,12.2,0.4,pluie
2023-02-23,Chamonix,27.5,2.3,ensoleillé
2023-02-24,Paris,18.3,0.5,pluie
2023-02-24,Lyon,18.4,4.1,neige
2023-02-24,Marseille,21.9,1.6,ensoleillé
2023-02-24,Nice,25.2,1.4,ensoleillé
2023-02-24,Bordeaux,18.7,0.7,ensoleillé
2023-02-24,Toulouse,19.6,0.9,nuageux
2023-02-24,Lille,23.6,1.1,neige
2023-02-24,Strasbourg,23.7,0.9,ensoleillé
2023-02-24,Nantes,20.4,0.0,pluie
2023-02-24,Chamonix,24.6,1.5,ensoleillé
2023-02-25,Paris,25.0,0.0,nuageux
2023-02-25,Lyon,30.4,0.8,nuageux
2023-02-25,Marseille,25.5,0.0,ensoleillé
2023-02-25,Nice,23.1,0.0,pluie
2023-02-25,Bordeaux,16.9,3.9,pluie
2023-02-25,Toulouse,19.0,1.3,nuageux
2023-02-25,Lille,24.4,1.7,ensoleillé
2023-02-25,Strasbourg,20.8,1.5,neige
2023-02-25,Nantes,32.0,0.9,pluie
2023-02-25,Chamonix,21.0,2.6,ensoleillé
2023-02-26,Paris,25.5,2.8,nuageux
2023-02-26,Lyon,23.2,0.0,ensoleillé
2023-02-26,Marseille,28.2,0.0,nuageux
2023-02-26,Nice,21.5,0.0,ensoleillé
2023-02-26,Bordeaux,19.7,1.5,pluie
2023-02-26,Toulouse,21.6,1.6,pluie
2023-02-26,Lille,28.1,1.7,ensoleillé
2023-02-26,Strasbourg,18.8,2.4,neige
2023-02-26,Nantes,25.9,0.0,nuageux
2023-02-26,Chamonix,23.0,2.1,pluie
2023-02-27,Paris,18.5,3.1,pluie
2023-02-27,Lyon,19.2,1.2,nuageux
2023-02-27,Marseille,19.1,1.0,pluie
2023-02-27,Nice,14.5,0.0,neige
2023-02-27,Bordeaux,28.0,0.0,ensoleillé
2023-02-27,Toulouse,15.0,0.0,pluie
2023-02-27,Lille,16.8,0.0,nuageux
2023-02-27,Strasbourg,28.2,2.5,nuageux
2023-02-27,Nantes,16.6,4.4,nuageux
2023-02-27,Chamonix,24.9,0.5,pluie
2023-02-28,Paris,7.5,4.4,ensoleillé
2023-02-28,Lyon,13.1,0.0,pluie
2023-02-28,Marseille,25.1,4.7,pluie
2023-02-28,Nice,26.9,1.8,ensoleillé
2023-02-28,Bordeaux,23.0,2.3,pluie
2023-02-28,Toulouse,23.8,1.4,ensoleillé
2023-02-28,Lille,20.5,0.9,nuageux
2023-02-28,Strasbourg,16.2,0.6,nuageux
2023-02-28,Nantes,11.5,0.9,ensoleillé
2023-02-28,Chamonix,15.1,0.0,ensoleillé
2023-03-01,Paris,20.9,3.1,pluie
2023-03-01,Lyon,24.6,0.0,ensoleillé
2023-03-01,Marseille,15.1,2.4,ensoleillé
2023-03-01,Nice,15.1,0.7,pluie
2023-03-01,Bordeaux,22.8,0.0,ensoleillé
2023-03-01,Toulouse,20.5,0.0,pluie
2023-03-01,Lille,17.0,1.5,pluie
2023-03-01,Strasbourg,12.0,1.7,ensoleillé
2023-03-01,Nantes,19.9,1.8,ensoleillé
2023-03-01,Chamonix,21.1,3.0,orage
2023-03-02,Paris,20.6,0.4,ensoleillé
2023-03-02,Lyon,20.6,1.8,pluie
2023-03-02,Marseille,20.2,1.1,nuageux
2023-03-02,Nice,16.5,0.0,pluie
2023-03-02,Bordeaux,13.0,3.6,nuageux
2023-03-02,Toulouse,13.8,0.0,nuageux
2023-03-02,Lille,16.4,2.3,nuageux
2023-03-02,Strasbourg,18.5,2.9,pluie
2023-03-02,Nantes,16.6,1.4,ensoleillé
2023-03-02,Chamonix,15.8,4.2,ensoleillé
2023-03-03,Paris,14.1,1.5,nuageux
2023-03-03,Lyon,23.2,1.6,ensoleillé
2023-03-03,Marseille,19.1,0.8,nuageux
2023-03-03,Nice,20.2,0.8,nuageux
2023-03-03,Bordeaux,24.8,4.3,nuageux
2023-03-03,Toulouse,17.2,0.0,nuageux
2023-03-03,Lille,19.6,4.9,pluie
2023-03-03,Strasbourg,16.0,3.5,ensoleillé
2023-03-03,Nantes,28.4,0.2,pluie
2023-03-03,Chamonix,22.8,3.4,ensoleillé
2023-03-04,Paris,18.1,0.7,ensoleillé
2023-03-04,Lyon,17.1,0.0,ensoleillé
2023-03-04,Marseille,16.8,0.0,ensoleillé
2023-03-04,Nice,20.2,0.0,ensoleillé
2023-03-04,Bordeaux,21.2,0.0,nuageux
2023-03-04,Toulouse,21.7,2.3,pluie
2023-03-04,Lille,10.0,1.6,ensoleillé
2023-03-04,Strasbourg,26.1,0.0,ensoleillé
2023-03-04,Nantes,28.4,1.6,nuageux
2023-03-04,Chamonix,16.5,0.9,pluie
2023-03-05,Paris,22.8,1.1,neige
2023-03-05,Lyon,22.7,0.0,nuageux
2023-03-05,Marseille,20.8,0.0,ensoleillé
2023-03-05,Nice,19.4,0.0,ensoleillé
2023-03-05,Bordeaux,16.3,2.9,ensoleillé
2023-03-05,Toulouse,25.5,1.9,ensoleillé
2023-03-05,Lille,14.5,0.5,ensoleillé
2023-03-05,Strasbourg,26.1,1.2,ensoleillé
2023-03-05,Nantes,31.6,1.6,nuageux
2023-03-05,Chamonix,21.0,0.5,ensoleillé
2023-03-06,Paris,20.7,0.8,neige
2023-03-06,Lyon,23.5,2.4,nuageux
2023-03-06,Marseille,16.1,0.0,nuageux
2023-03-06,Nice,10.8,1.8,ensoleillé
2023-03-06,Bordeaux,14.5,0.0,pluie
2023-03-06,Toulouse,21.9,4.7,nuageux
2023-03-06,Lille,20.0,2.3,pluie
2023-03-06,Strasbourg,20.4,0.9,nuageux
2023-03-06,Nantes,24.6,0.6,nuageux
2023-03-06,Chamonix,21.3,1.5,nuageux
2023-03-07,Paris,16.7,2.5,ensoleillé
2023-03-07,Lyon,19.1,0.0,ensoleillé
2023-03-07,Marseille,22.7,0.0,orage
2023-03-07,Nice,20.1,1.0,nuageux
2023-03-07,Bordeaux,25.4,1.7,pluie
2023-03-07,Toulouse,19.9,2.2,nuageux
2023-03-07,Lille,27.0,1.8,ensoleillé
2023-03-07,Strasbourg,20.1,0.0,nuageux
2023-03-07,Nantes,14.7,0.5,ensoleillé
2023-03-07,Chamonix,17.0,0.7,ensoleillé
2023-03-08,Paris,20.3,1.8,nuageux
2023-03-08,Lyon,19.6,1.7,ensoleillé
2023-03-08,Marseille,20.3,0.0,neige
2023-03-08,Nice,15.3,0.8,ensoleillé
2023-03-08,Bordeaux,14.0,1.9,pluie
2023-03-08,Toulouse,27.7,2.8,nuageux
2023-03-08,Lille,18.9,3.2,pluie
2023-03-08,Strasbourg,20.7,0.5,ensoleillé
2023-03-08,Nantes,16.9,0.5,nuageux
2023-03-08,Chamonix,18.1,1.3,nuageux
2023-03-09,Paris,20.8,1.0,nuageux
2023-03-09,Lyon,22.2,2.8,pluie
2023-03-09,Marseille,24.7,0.0,neige
2023-03-09,Nice,7.2,2.4,ensoleillé
2023-03-09,Bordeaux,13.2,0.7,nuageux
2023-03-09,Toulouse,14.1,0.0,nuageux
2023-03-09,Lille,22.7,2.1,pluie
2023-03-09,Strasbourg,17.1,0.0,orage
2023-03-09,Nantes,17.3,1.6,ensoleillé
2023-03-09,Chamonix,12.6,1.3,ensoleillé
2023-03-10,Paris,19.9,1.9,nuageux
2023-03-10,Lyon,20.6,0.0,ensoleillé
2023-03-10,Marseille,26.0,0.8,ensoleillé
2023-03-10,Nice,19.9,0.0,ensoleillé
2023-03-10,Bordeaux,17.8,0.0,ensoleillé
2023-03-10,Toulouse,19.1,3.6,nuageux
2023-03-10,Lille,13.1,0.0,nuageux
2023-03-10,Strasbourg,27.4,0.7,ensoleillé
2023-03-10,Nantes,16.7,2.6,ensoleillé
2023-03-10,Chamonix,17.0,3.7,pluie
2023-03-11,Paris,23.4,0.3,pluie
2023-03-11,Lyon,30.8,0.1,nuageux
2023-03-11,Marseille,23.7,1.4,nuageux
2023-03-11,Nice,26.5,3.3,orage
2023-03-11,Bordeaux,20.2,0.0,pluie
2023-03-11,Toulouse,22.3,0.0,nuageux
2023-03-11,Lille,30.1,1.2,nuageux
2023-03-11,Strasbourg,18.2,1.3,orage
2023-03-11,Nantes,13.3,0.0,nuageux
2023-03-11,Chamonix,26.0,0.0,nuageux
2023-03-12,Paris,14.8,1.8,nuageux
2023-03-12,Lyon,25.9,2.1,orage
2023-03-12,Marseille,25.0,0.0,pluie
2023-03-12,Nice,12.9,3.3,ensoleillé
2023-03-12,Bordeaux,18.4,0.6,ensoleillé
2023-03-12,Toulouse,26.6,1.8,ensoleillé
2023-03-12,Lille,22.3,4.2,pluie
2023-03-12,Strasbourg,16.8,2.4,nuageux
2023-03-12,Nantes,20.3,1.4,ensoleillé
2023-03-12,Chamonix,27.6,1.8,ensoleillé
2023-03-13,Paris,22.7,2.6,nuageux
2023-03-13,Lyon,18.2,0.0,nuageux
2023-03-13,Marseille,14.8,0.0,orage
2023-03-13,Nice,30.3,0.0,nuageux
2023-03-13,Bordeaux,18.9,0.6,nuageux
2023-03-13,Toulouse,21.5,2.2,ensoleillé
2023-03-13,Lille,24.3,0.1,ensoleillé
2023-03-13,Strasbourg,19.2,1.4,nuageux
2023-03-13,Nantes,18.8,3.4,ensoleillé
2023-03-13,Chamonix,22.5,2.1,ensoleillé
2023-03-14,Paris,23.3,2.8,ensoleillé
2023-03-14,Lyon,20.9,0.0,neige
2023-03-14,Marseille,22.0,0.0,pluie
2023-03-14,Nice,17.4,1.9,nuageux
2023-03-14,Bordeaux,26.2,1.0,neige
2023-03-14,Toulouse,21.5,3.6,neige
2023-03-14,Lille,21.2,4.9,nuageux
2023-03-14,Strasbourg,22.8,0.0,ensoleillé
2023-03-14,Nantes,23.8,1.6,ensoleillé
2023-03-14,Chamonix,26.4,2.0,pluie
2023-03-15,Paris,19.3,0.0,nuageux
2023-03-15,Lyon,19.0,0.0,nuageux
2023-03-15,Marseille,17.1,1.9,orage
2023-03-15,Nice,28.3,1.6,ensoleillé
2023-03-15,Bordeaux,14.0,1.7,nuageux
2023-03-15,Toulouse,26.0,0.1,nuageux
2023-03-15,Lille,19.3,1.0,nuageux
2023-03-15,Strasbourg,16.1,2.0,ensoleillé
2023-03-15,Nantes,19.4,1.6,ensoleillé
2023-03-15,Chamonix,15.6,0.3,ensoleillé
2023-03-16,Paris,23.6,0.4,nuageux
2023-03-16,Lyon,28.6,0.4,pluie
2023-03-16,Marseille,21.1,2.4,ensoleillé
2023-03-16,Nice,12.9,0.0,nuageux
2023-03-16,Bordeaux,12.4,2.9,ensoleillé
2023-03-16,Toulouse,17.2,4.8,orage
2023-03-16,Lille,17.2,1.3,pluie
2023-03-16,Strasbourg,27.7,4.0,nuageux
2023-03-16,Nantes,30.3,2.8,nuageux
2023-03-16,Chamonix,25.1,1.9,ensoleillé
2023-03-17,Paris,23.9,0.2,ensoleillé
2023-03-17,Lyon,15.9,1.0,neige
2023-03-17,Marseille,19.1,0.3,nuageux
2023-03-17,Nice,23.5,2.4,nuageux
2023-03-17,Bordeaux,20.4,3.2,neige
2023-03-17,Toulouse,14.3,0.7,nuageux
2023-03-17,Lille,16.4,0.0,nuageux
2023-03-17,Strasbourg,19.6,0.8,nuageux
2023-03-17,Nantes,27.6,1.9,ensoleillé
2023-03-17,Chamonix,14.9,3.8,ensoleillé
2023-03-18,Paris,26.1,1.9,pluie
2023-03-18,Lyon,18.9,0.0,nuageux
2023-03-18,Marseille,18.1,2.6,pluie
2023-03-18,Nice,29.4,3.3,ensoleillé
2023-03-18,Bordeaux,17.6,0.0,nuageux
2023-03-18,Toulouse,20.7,0.0,orage
2023-03-18,Lille,21.6,0.8,nuageux
2023-03-18,Strasbourg,17.7,0.0,nuageux
2023-03-18,Nantes,22.6,0.2,ensoleillé
2023-03-18,Chamonix,14.2,0.0,neige
2023-03-19,Paris,19.9,3.7,nuageux
2023-03-19,Lyon,28.3,0.3,ensoleillé
2023-03-19,Marseille,17.0,1.7,ensoleillé
2023-03-19,Nice,15.0,1.5,nuageux
2023-03-19,Bordeaux,23.8,2.8,nuageux
2023-03-19,Toulouse,19.5,0.7,ensoleillé
2023-03-19,Lille,15.6,0.0,neige
2023-03-19,Strasbourg,18.9,1.6,orage
2023-03-19,Nantes,24.6,0.0,nuageux
2023-03-19,Chamonix,27.5,0.6,ensoleillé
2023-03-20,Paris,19.9,0.0,pluie
2023-03-20,Lyon,7.9,2.3,nuageux
2023-03-20,Marseille,23.7,0.6,pluie
2023-03-20,Nice,20.3,1.8,nuageux
2023-03-20,Bordeaux,12.2,0.2,ensoleillé
2023-03-20,Toulouse,24.0,0.0,pluie
2023-03-20,Lille,21.5,0.0,neige
2023-03-20,Strasbourg,22.3,0.9,ensoleillé
2023-03-20,Nantes,11.9,2.7,nuageux
2023-03-20,Chamonix,16.3,0.0,ensoleillé
2023-03-21,Paris,21.0,2.7,orage
2023-03-21,Lyon,14.9,1.1,nuageux
2023-03-21,Marseille,22.1,2.0,pluie
2023-03-21,Nice,20.9,0.4,pluie
2023-03-21,Bordeaux,15.9,1.1,ensoleillé
2023-03-21,Toulouse,14.6,0.0,pluie
2023-03-21,Lille,22.2,2.4,nuageux
2023-03-21,Strasbourg,8.2,0.0,orage
2023-03-21,Nantes,23.1,4.1,nuageux
2023-03-21,Chamonix,20.1,0.0,pluie
2023-03-22,Paris,19.1,3.1,ensoleillé
2023-03-22,Lyon,16.8,0.0,ensoleillé
2023-03-22,Marseille,17.6,0.0,nuageux
2023-03-22,Nice,20.6,3.4,neige
2023-03-22,Bordeaux,21.6,0.6,nuageux
2023-03-22,Toulouse,18.5,0.0,ensoleillé
2023-03-22,Lille,24.4,0.9,nuageux
2023-03-22,Strasbourg,19.1,5.8,ensoleillé
2023-03-22,Nantes,21.5,0.0,nuageux
2023-03-22,Chamonix,17.9,2.7,nuageux
2023-03-23,Paris,20.6,0.0,nuageux
2023-03-23,Lyon,24.6,0.0,ensoleillé
2023-03-23,Marseille,29.4,2.6,ensoleillé
2023-03-23,Nice,17.8,2.9,nuageux
2023-03-23,Bordeaux,20.3,2.3,nuageux
2023-03-23,Toulouse,22.4,0.0,ensoleillé
2023-03-23,Lille,16.8,2.5,pluie
2023-03-23,Strasbourg,18.3,0.4,ensoleillé
2023-03-23,Nantes,15.2,1.6,pluie
2023-03-23,Chamonix,30.3,0.0,pluie
2023-03-24,Paris,20.1,3.1,pluie
2023-03-24,Lyon,19.6,1.7,ensoleillé
2023-03-24,Marseille,14.7,1.6,nuageux
2023-03-24,Nice,19.1,2.5,pluie
2023-03-24,Bordeaux,25.9,4.9,neige
2023-03-24,Toulouse,22.9,1.5,nuageux
2023-03-24,Lille,21.0,0.5,ensoleillé
2023-03-24,Strasbourg,21.7,0.6,nuageux
2023-03-24,Nantes,20.8,3.0,nuageux
2023-03-24,Chamonix,15.0,2.7,pluie
2023-03-25,Paris,26.6,0.8,pluie
2023-03-25,Lyon,9.4,0.1,nuageux
2023-03-25,Marseille,26.5,1.0,nuageux
2023-03-25,Nice,15.0,0.2,nuageux
2023-03-25,Bordeaux,24.2,1.8,pluie
2023-03-25,Toulouse,18.8,0.4,nuageux
2023-03-25,Lille,18.0,0.0,nuageux
2023-03-25,Strasbourg,28.1,0.5,ensoleillé
2023-03-25,Nantes,26.1,3.3,nuageux
2023-03-25,Chamonix,25.0,0.4,neige
2023-03-26,Paris,22.0,1.0,ensoleillé
2023-03-26,Lyon,15.5,1.5,nuageux
2023-03-26,Marseille,14.1,2.8,nuageux
2023-03-26,Nice,17.7,1.3,pluie
2023-03-26,Bordeaux,21.4,0.6,pluie
2023-03-26,Toulouse,22.9,0.3,pluie
2023-03-26,Lille,24.4,0.0,ensoleillé
2023-03-26,Strasbourg,20.6,3.9,ensoleillé
2023-03-26,Nantes,15.0,0.0,pluie
2023-03-26,Chamonix,22.6,1.3,pluie
2023-03-27,Paris,21.8,1.7,pluie
2023-03-27,Lyon,23.2,2.7,ensoleillé
2023-03-27,Marseille,22.0,0.6,ensoleillé
2023-03-27,Nice,23.4,3.8,nuageux
2023-03-27,Bordeaux,19.3,0.0,orage
2023-03-27,Toulouse,25.5,0.8,neige
2023-03-27,Lille,9.1,2.3,pluie
2023-03-27,Strasbourg,17.3,0.9,nuageux
2023-03-27,Nantes,21.7,1.3,ensoleillé
2023-03-27,Chamonix,23.5,0.3,nuageux
2023-03-28,Paris,22.6,0.6,pluie
2023-03-28,Lyon,23.7,1.9,nuageux
2023-03-28,Marseille,15.3,2.6,nuageux
2023-03-28,Nice,17.3,2.2,orage
2023-03-28,Bordeaux,21.8,3.8,ensoleillé
2023-03-28,Toulouse,18.9,0.5,pluie
2023-03-28,Lille,19.9,0.5,ensoleillé
2023-03-28,Strasbourg,24.0,0.0,ensoleillé
2023-03-28,Nantes,14.7,0.0,ensoleillé
2023-03-28,Chamonix,24.8,3.6,nuageux
2023-03-29,Paris,19.5,0.7,nuageux
2023-03-29,Lyon,20.4,2.7,pluie
2023-03-29,Marseille,15.4,1.4,ensoleillé
2023-03-29,Nice,24.9,1.8,ensoleillé
2023-03-29,Bordeaux,20.9,2.5,pluie
2023-03-29,Toulouse,6.5,2.0,nuageux
2023-03-29,Lille,16.7,0.0,ensoleillé
2023-03-29,Strasbourg,22.6,3.1,orage
2023-03-29,Nantes,19.3,2.4,ensoleillé
2023-03-29,Chamonix,28.1,3.0,nuageux
2023-03-30,Paris,28.2,2.1,ensoleillé
2023-03-30,Lyon,20.4,0.0,ensoleillé
2023-03-30,Marseille,18.8,0.0,ensoleillé
2023-03-30,Nice,30.9,0.7,pluie
2023-03-30,Bordeaux,20.6,1.8,orage
2023-03-30,Toulouse,20.2,3.5,nuageux
2023-03-30,Lille,16.9,1.3,ensoleillé
2023-03-30,Strasbourg,16.3,0.0,nuageux
2023-03-30,Nantes,16.9,0.9,ensoleillé
2023-03-30,Chamonix,17.9,0.0,nuageux
2023-03-31,Paris,13.0,0.9,nuageux
2023-03-31,Lyon,12.5,2.1,nuageux
2023-03-31,Marseille,20.4,0.0,ensoleillé
2023-03-31,Nice,18.5,0.0,pluie
2023-03-31,Bordeaux,21.6,3.0,ensoleillé
2023-03-31,Toulouse,10.6,1.2,ensoleillé
2023-03-31,Lille,19.2,2.0,nuageux
2023-03-31,Strasbourg,21.1,0.0,ensoleillé
2023-03-31,Nantes,18.4,0.0,nuageux
2023-03-31,Chamonix,25.4,1.0,nuageux
2023-04-01,Paris,29.5,0.9,neige
2023-04-01,Lyon,16.5,0.0,ensoleillé
2023-04-01,Marseille,11.0,0.0,neige
2023-04-01,Nice,21.3,1.8,nuageux
2023-04-01,Bordeaux,12.1,2.3,ensoleillé
2023-04-01,Toulouse,17.6,1.2,nuageux
2023-04-01,Lille,28.1,2.3,nuageux
2023-04-01,Strasbourg,18.7,0.0,pluie
2023-04-01,Nantes,9.2,0.0,ensoleillé
2023-04-01,Chamonix,18.9,0.0,nuageux
2023-04-02,Paris,19.3,1.1,nuageux
2023-04-02,Lyon,18.9,0.0,orage
2023-04-02,Marseille,20.8,1.7,ensoleillé
2023-04-02,Nice,14.5,3.1,pluie
2023-04-02,Bordeaux,19.5,1.0,nuageux
2023-04-02,Toulouse,23.5,1.3,ensoleillé
2023-04-02,Lille,24.8,1.4,nuageux
2023-04-02,Strasbourg,16.9,1.5,nuageux
2023-04-02,Nantes,14.3,1.2,nuageux
2023-04-02,Chamonix,19.8,0.7,pluie
2023-04-03,Paris,19.4,0.0,nuageux
2023-04-03,Lyon,17.3,1.1,pluie
2023-04-03,Marseille,20.8,0.0,nuageux
2023-04-03,Nice,26.3,0.0,orage
2023-04-03,Bordeaux,24.8,1.6,nuageux
2023-04-03,Toulouse,16.8,3.7,ensoleillé
2023-04-03,Lille,14.0,2.4,nuageux
2023-04-03,Strasbourg,25.0,0.0,nuageux
2023-04-03,Nantes,27.0,0.6,pluie
2023-04-03,Chamonix,21.4,1.4,ensoleillé
2023-04-04,Paris,19.3,2.2,ensoleillé
2023-04-04,Lyon,24.0,0.0,pluie
2023-04-04,Marseille,26.5,0.0,ensoleillé
2023-04-04,Nice,25.2,2.7,ensoleillé
2023-04-04,Bordeaux,14.5,0.4,nuageux
2023-04-04,Toulouse,14.5,0.7,neige
2023-04-04,Lille,18.5,2.2,nuageux
2023-04-04,Strasbourg,26.6,3.1,orage
2023-04-04,Nantes,17.2,0.7,pluie
2023-04-04,Chamonix,11.6,0.0,ensoleillé
2023-04-05,Paris,24.8,3.4,pluie
2023-04-05,Lyon,13.8,0.1,nuageux
2023-04-05,Marseille,19.9,1.4,pluie
2023-04-05,Nice,16.0,1.6,pluie
2023-04-05,Bordeaux,17.6,1.0,ensoleillé
2023-04-05,Toulouse,22.7,1.0,ensoleillé
2023-04-05,Lille,17.8,0.8,neige
2023-04-05,Strasbourg,19.6,0.4,ensoleillé
2023-04-05,Nantes,18.7,3.4,neige
2023-04-05,Chamonix,22.8,0.6,pluie
2023-04-06,Paris,23.5,0.5,pluie
2023-04-06,Lyon,25.9,1.6,neige
2023-04-06,Marseille,19.5,1.7,neige
2023-04-06,Nice,12.1,0.0,pluie
2023-04-06,Bordeaux,14.0,1.2,ensoleillé
2023-04-06,Toulouse,28.7,4.3,pluie
2023-04-06,Lille,23.2,1.8,ensoleillé
2023-04-06,Strasbourg,11.0,0.2,nuageux
2023-04-06,Nantes,16.1,0.1,nuageux
2023-04-06,Chamonix,19.2,0.3,nuageux
2023-04-07,Paris,10.1,2.1,nuageux
2023-04-07,Lyon,14.6,1.4,nuageux
2023-04-07,Marseille,30.4,0.0,pluie
2023-04-07,Nice,7.3,0.6,orage
2023-04-07,Bordeaux,25.5,3.9,ensoleillé
2023-04-07,Toulouse,13.9,1.7,ensoleillé
2023-04-07,Lille,17.7,0.8,ensoleillé
2023-04-07,Strasbourg,33.2,0.0,pluie
2023-04-07,Nantes,21.3,1.7,nuageux
2023-04-07,Chamonix,25.4,1.1,orage
2023-04-08,Paris,21.5,0.4,ensoleillé
2023-04-08,Lyon,21.3,0.5,ensoleillé
2023-04-08,Marseille,23.1,0.4,pluie
2023-04-08,Nice,21.9,1.0,orage
2023-04-08,Bordeaux,25.6,0.9,ensoleillé
2023-04-08,Toulouse,11.1,2.9,nuageux
2023-04-08,Lille,15.5,0.0,ensoleillé
2023-04-08,Strasbourg,17.0,3.1,orage
2023-04-08,Nantes,9.3,5.7,ensoleillé
2023-04-08,Chamonix,25.3,1.3,nuageux
2023-04-09,Paris,19.7,1.4,ensoleillé
2023-04-09,Lyon,22.6,2.0,pluie
2023-04-09,Marseille,22.8,1.1,ensoleillé
2023-04-09,Nice,19.0,0.8,nuageux
2023-04-09,Bordeaux,19.0,2.7,nuageux
2023-04-09,Toulouse,23.0,0.0,pluie
2023-04-09,Lille,23.3,1.3,orage
2023-04-09,Strasbourg,19.9,0.4,nuageux
2023-04-09,Nantes,25.6,2.4,pluie
2023-04-09,Chamonix,16.1,1.6,ensoleillé
2023-04-10,Paris,15.1,0.0,nuageux
2023-04-10,Lyon,16.9,2.3,ensoleillé
2023-04-10,Marseille,24.8,1.8,nuageux
2023-04-10,Nice,23.6,1.8,nuageux
2023-04-10,Bordeaux,16.8,1.6,neige
2023-04-10,Toulouse,24.0,2.1,ensoleillé
2023-04-10,Lille,25.9,2.1,ensoleillé
2023-04-10,Strasbourg,21.8,2.6,nuageux
2023-04-10,Nantes,19.9,0.0,neige
2023-04-10,Chamonix,19.2,0.0,pluie
2023-04-11,Paris,16.6,0.8,ensoleillé
2023-04-11,Lyon,16.0,0.5,nuageux
2023-04-11,Marseille,10.5,1.3,nuageux
2023-04-11,Nice,20.0,0.0,neige
2023-04-11,Bordeaux,23.3,2.4,ensoleillé
2023-04-11,Toulouse,12.0,0.0,ensoleillé
2023-04-11,Lille,16.2,0.0,ensoleillé
2023-04-11,Strasbourg,24.1,0.7,ensoleillé
2023-04-11,Nantes,18.7,0.0,pluie
2023-04-11,Chamonix,23.2,0.0,nuageux
2023-04-12,Paris,20.3,1.4,nuageux
2023-04-12,Lyon,26.8,0.0,nuageux
2023-04-12,Marseille,4.9,1.3,nuageux
2023-04-12,Nice,29.0,2.9,ensoleillé
2023-04-12,Bordeaux,21.0,0.3,pluie
2023-04-12,Toulouse,24.0,0.0,ensoleillé
2023-04-12,Lille,22.4,1.8,ensoleillé
2023-04-12,Strasbourg,25.3,5.1,nuageux
2023-04-12,Nantes,22.0,0.2,ensoleillé
2023-04-12,Chamonix,19.9,0.0,pluie
2023-04-13,Paris,16.5,0.4,ensoleillé
2023-04-13,Lyon,17.4,1.2,ensoleillé
2023-04-13,Marseille,15.9,2.7,pluie
2023-04-13,Nice,20.0,1.0,ensoleillé
2023-04-13,Bordeaux,18.4,1.2,ensoleillé
2023-04-13,Toulouse,24.1,0.0,orage
2023-04-13,Lille,16.7,0.5,ensoleillé
2023-04-13,Strasbourg,13.3,0.0,pluie
2023-04-13,Nantes,17.6,2.3,ensoleillé
2023-04-13,Chamonix,21.3,1.3,ensoleillé
2023-04-14,Paris,24.3,0.8,ensoleillé
2023-04-14,Lyon,22.0,0.8,ensoleillé
2023-04-14,Marseille,21.3,0.1,nuageux
2023-04-14,Nice,7.8,0.8,ensoleillé
2023-04-14,Bordeaux,27.1,2.4,ensoleillé
2023-04-14,Toulouse,24.8,2.9,pluie
2023-04-14,Lille,20.4,1.3,ensoleillé
2023-04-14,Strasbourg,16.9,0.5,ensoleillé
2023-04-14,Nantes,23.1,2.8,ensoleillé
2023-04-14,Chamonix,19.3,0.3,ensoleillé
2023-04-15,Paris,20.0,1.9,pluie
2023-04-15,Lyon,12.8,0.0,nuageux
2023-04-15,Marseille,17.2,0.0,pluie
2023-04-15,Nice,17.5,0.8,nuageux
2023-04-15,Bordeaux,17.7,3.2,pluie
2023-04-15,Toulouse,21.6,1.5,nuageux
2023-04-15,Lille,23.1,0.0,ensoleillé
2023-04-15,Strasbourg,25.2,0.9,nuageux
2023-04-15,Nantes,23.4,0.0,orage
2023-04-15,Chamonix,12.2,2.2,ensoleillé
2023-04-16,Paris,21.9,0.0,pluie
2023-04-16,Lyon,15.7,2.7,pluie
2023-04-16,Marseille,14.1,3.5,nuageux
2023-04-16,Nice,15.5,2.0,nuageux
2023-04-16,Bordeaux,18.4,1.9,neige
2023-04-16,Toulouse,17.3,0.8,ensoleillé
2023-04-16,Lille,20.2,0.0,nuageux
2023-04-16,Strasbourg,23.7,0.2,nuageux
2023-04-16,Nantes,18.9,0.0,nuageux
2023-04-16,Chamonix,7.2,0.7,nuageux
2023-04-17,Paris,32.1,2.2,orage
2023-04-17,Lyon,19.9,0.6,ensoleillé
2023-04-17,Marseille,20.1,1.8,ensoleillé
2023-04-17,Nice,14.1,2.7,nuageux
2023-04-17,Bordeaux,23.6,2.1,ensoleillé
2023-04-17,Toulouse,22.2,1.0,ensoleillé
2023-04-17,Lille,23.4,1.9,nuageux
2023-04-17,Strasbourg,18.2,0.1,nuageux
2023-04-17,Nantes,20.5,3.3,ensoleillé
2023-04-17,Chamonix,13.8,0.0,neige
2023-04-18,Paris,20.8,1.1,nuageux
2023-04-18,Lyon,20.9,1.4,nuageux
2023-04-18,Marseille,18.9,3.2,nuageux
2023-04-18,Nice,12.0,0.0,ensoleillé
2023-04-18,Bordeaux,19.5,0.0,pluie
2023-04-18,Toulouse,19.1,3.5,pluie
2023-04-18,Lille,20.1,1.3,nuageux
2023-04-18,Strasbourg,13.7,0.1,pluie
2023-04-18,Nantes,18.1,0.5,pluie
2023-04-18,Chamonix,26.4,1.8,ensoleillé
2023-04-19,Paris,14.4,1.4,nuageux
2023-04-19,Lyon,22.5,2.7,ensoleillé
2023-04-19,Marseille,27.9,0.0,ensoleillé
2023-04-19,Nice,15.9,0.0,nuageux
2023-04-19,Bordeaux,18.8,1.7,nuageux
2023-04-19,Toulouse,24.9,0.9,ensoleillé
2023-04-19,Lille,18.4,1.2,nuageux
2023-04-19,Strasbourg,15.8,4.1,nuageux
2023-04-19,Nantes,12.0,1.3,ensoleillé
2023-04-19,Chamonix,30.1,1.0,ensoleillé
2023-04-20,Paris,19.0,0.5,orage
2023-04-20,Lyon,19.1,3.1,ensoleillé
2023-04-20,Marseille,8.9,3.3,pluie
2023-04-20,Nice,12.9,0.6,ensoleillé
2023-04-20,Bordeaux,17.9,1.9,ensoleillé
2023-04-20,Toulouse,12.0,1.7,pluie
2023-04-20,Lille,30.1,0.0,pluie
2023-04-20,Strasbourg,20.9,0.0,nuageux
2023-04-20,Nantes,22.1,1.0,nuageux
2023-04-20,Chamonix,16.8,1.7,nuageux
2023-04-21,Paris,29.0,0.7,ensoleillé
2023-04-21,Lyon,23.6,0.0,ensoleillé
2023-04-21,Marseille,15.2,1.7,ensoleillé
2023-04-21,Nice,27.4,1.5,nuageux
2023-04-21,Bordeaux,18.4,1.0,pluie
2023-04-21,Toulouse,13.7,1.9,pluie
2023-04-21,Lille,24.4,0.3,pluie
2023-04-21,Strasbourg,17.6,1.4,neige
2023-04-21,Nantes,17.8,0.9,nuageux
2023-04-21,Chamonix,30.5,0.6,ensoleillé
2023-04-22,Paris,18.2,0.0,nuageux
2023-04-22,Lyon,23.7,0.7,ensoleillé
2023-04-22,Marseille,16.8,3.0,nuageux
2023-04-22,Nice,27.1,0.1,ensoleillé
2023-04-22,Bordeaux,10.7,2.5,ensoleillé
2023-04-22,Toulouse,16.6,2.2,pluie
2023-04-22,Lille,10.1,2.3,ensoleillé
2023-04-22,Strasbourg,13.9,2.1,pluie
2023-04-22,Nantes,20.1,0.0,nuageux
2023-04-22,Chamonix,18.0,2.0,pluie
2023-04-23,Paris,20.5,1.9,pluie
2023-04-23,Lyon,29.9,0.0,neige
2023-04-23,Marseille,28.1,1.2,pluie
2023-04-23,Nice,15.5,0.0,nuageux
2023-04-23,Bordeaux,19.1,2.4,nuageux
2023-04-23,Toulouse,19.4,3.3,ensoleillé
2023-04-23,Lille,12.7,1.0,orage
2023-04-23,Strasbourg,13.7,1.5,pluie
2023-04-23,Nantes,24.4,0.4,ensoleillé
2023-04-23,Chamonix,7.0,1.3,ensoleillé
2023-04-24,Paris,22.2,1.6,pluie
2023-04-24,Lyon,26.2,0.0,ensoleillé
2023-04-24,Marseille,23.4,2.8,ensoleillé
2023-04-24,Nice,11.1,1.5,ensoleillé
2023-04-24,Bordeaux,17.5,0.9,pluie
2023-04-24,Toulouse,21.7,0.3,nuageux
2023-04-24,Lille,16.6,1.1,nuageux
2023-04-24,Strasbourg,14.6,0.0,ensoleillé
2023-04-24,Nantes,23.4,0.0,nuageux
2023-04-24,Chamonix,23.3,1.7,ensoleillé
2023-04-25,Paris,11.4,0.0,pluie
2023-04-25,Lyon,26.0,0.0,ensoleillé
2023-04-25,Marseille,17.7,1.7,nuageux
2023-04-25,Nice,23.9,0.6,ensoleillé
2023-04-25,Bordeaux,17.0,3.1,ensoleillé
2023-04-25,Toulouse,28.7,2.5,pluie
2023-04-25,Lille,20.4,0.0,pluie
2023-04-25,Strasbourg,15.8,1.8,nuageux
2023-04-25,Nantes,22.1,3.1,ensoleillé
2023-04-25,Chamonix,23.3,0.0,ensoleillé
2023-04-26,Paris,25.3,0.0,ensoleillé
2023-04-26,Lyon,18.1,1.4,nuageux
2023-04-26,Marseille,30.0,5.7,nuageux
2023-04-26,Nice,23.0,0.7,ensoleillé
2023-04-26,Bordeaux,22.7,2.3,nuageux
2023-04-26,Toulouse,18.4,3.7,nuageux
2023-04-26,Lille,21.2,1.7,nuageux
2023-04-26,Strasbourg,23.3,1.6,ensoleillé
2023-04-26,Nantes,24.2,0.1,pluie
2023-04-26,Chamonix,17.2,0.0,ensoleillé
2023-04-27,Paris,22.2,2.2,nuageux
2023-04-27,Lyon,22.3,3.5,ensoleillé
2023-04-27,Marseille,20.0,2.0,nuageux
2023-04-27,Nice,14.5,0.4,nuageux
2023-04-27,Bordeaux,23.5,2.3,nuageux
2023-04-27,Toulouse,18.5,0.9,ensoleillé
2023-04-27,Lille,12.4,0.5,ensoleillé
2023-04-27,Strasbourg,24.5,1.9,nuageux
2023-04-27,Nantes,22.5,1.1,ensoleillé
2023-04-27,Chamonix,20.0,0.0,ensoleillé
2023-04-28,Paris,23.5,1.6,ensoleillé
2023-04-28,Lyon,22.5,0.2,ensoleillé
2023-04-28,Marseille,9.2,2.6,ensoleillé
2023-04-28,Nice,17.6,0.0,ensoleillé
2023-04-28,Bordeaux,23.5,0.4,ensoleillé
2023-04-28,Toulouse,25.3,1.9,pluie
2023-04-28,Lille,23.4,0.0,ensoleillé
2023-04-28,Strasbourg,26.1,1.4,ensoleillé
2023-04-28,Nantes,18.2,1.2,pluie
2023-04-28,Chamonix,11.1,1.6,nuageux
2023-04-29,Paris,14.9,0.0,pluie
2023-04-29,Lyon,12.4,2.7,pluie
2023-04-29,Marseille,16.9,3.3,ensoleillé
2023-04-29,Nice,17.3,0.0,pluie
2023-04-29,Bordeaux,14.4,2.9,ensoleillé
2023-04-29,Toulouse,19.2,0.2,ensoleillé
2023-04-29,Lille,20.8,1.8,orage
2023-04-29,Strasbourg,25.6,3.2,pluie
2023-04-29,Nantes,18.2,0.0,nuageux
2023-04-29,Chamonix,17.9,1.4,nuageux
2023-04-30,Paris,15.2,0.0,pluie
2023-04-30,Lyon,21.7,0.9,nuageux
2023-04-30,Marseille,20.2,0.0,ensoleillé
2023-04-30,Nice,18.8,0.0,ensoleillé
2023-04-30,Bordeaux,24.5,2.6,ensoleillé
2023-04-30,Toulouse,10.8,0.0,pluie
2023-04-30,Lille,12.5,0.0,nuageux
2023-04-30,Strasbourg,19.6,0.0,pluie
2023-04-30,Nantes,15.4,0.0,orage
2023-04-30,Chamonix,21.0,1.1,ensoleillé
2023-05-01,Paris,16.4,1.3,pluie
2023-05-01,Lyon,17.3,0.6,ensoleillé
2023-05-01,Marseille,28.4,3.0,nuageux
2023-05-01,Nice,13.5,2.2,nuageux
2023-05-01,Bordeaux,24.1,0.0,ensoleillé
2023-05-01,Toulouse,24.1,3.3,ensoleillé
2023-05-01,Lille,14.4,0.0,ensoleillé
2023-05-01,Strasbourg,25.1,1.4,ensoleillé
2023-05-01,Nantes,22.8,1.5,ensoleillé
2023-05-01,Chamonix,22.0,0.0,nuageux
2023-05-02,Paris,25.2,2.8,ensoleillé
2023-05-02,Lyon,18.9,0.9,nuageux
2023-05-02,Marseille,12.3,1.8,orage
2023-05-02,Nice,22.9,0.9,ensoleillé
2023-05-02,Bordeaux,25.6,0.5,pluie
2023-05-02,Toulouse,22.8,0.0,pluie
2023-05-02,Lille,19.9,0.7,pluie
2023-05-02,Strasbourg,21.1,0.4,ensoleillé
2023-05-02,Nantes,19.3,2.2,ensoleillé
2023-05-02,Chamonix,17.8,0.0,ensoleillé
2023-05-03,Paris,28.7,3.1,nuageux
2023-05-03,Lyon,13.5,2.0,pluie
2023-05-03,Marseille,17.5,1.4,nuageux
2023-05-03,Nice,21.5,0.6,ensoleillé
2023-05-03,Bordeaux,16.1,0.0,pluie
2023-05-03,Toulouse,15.4,0.0,nuageux
2023-05-03,Lille,19.7,0.0,pluie
2023-05-03,Strasbourg,23.4,3.2,pluie
2023-05-03,Nantes,17.1,1.4,nuageux
2023-05-03,Chamonix,22.5,1.7,orage
2023-05-04,Paris,20.4,2.1,nuageux
2023-05-04,Lyon,22.4,0.0,nuageux
2023-05-04,Marseille,24.3,2.3,nuageux
2023-05-04,Nice,16.2,1.1,pluie
2023-05-04,Bordeaux,23.4,0.7,nuageux
2023-05-04,Toulouse,25.4,4.5,ensoleillé
2023-05-04,Lille,16.1,0.0,ensoleillé
2023-05-04,Strasbourg,21.5,2.1,nuageux
2023-05-04,Nantes,18.8,3.2,ensoleillé
2023-05-04,Chamonix,13.3,2.0,ensoleillé
2023-05-05,Paris,17.0,3.6,ensoleillé
2023-05-05,Lyon,30.0,0.0,nuageux
2023-05-05,Marseille,17.3,2.3,ensoleillé
2023-05-05,Nice,18.1,0.9,nuageux
2023-05-05,Bordeaux,20.1,0.0,ensoleillé
2023-05-05,Toulouse,19.9,0.0,pluie
2023-05-05,Lille,17.5,3.2,ensoleillé
2023-05-05,Strasbourg,13.7,2.2,pluie
2023-05-05,Nantes,18.6,0.6,pluie
2023-05-05,Chamonix,24.0,1.5,nuageux
2023-05-06,Paris,22.9,2.5,nuageux
2023-05-06,Lyon,18.3,0.1,nuageux
2023-05-06,Marseille,14.6,0.0,nuageux
2023-05-06,Nice,34.7,2.9,pluie
2023-05-06,Bordeaux,13.2,0.0,pluie
2023-05-06,Toulouse,22.4,1.8,nuageux
2023-05-06,Lille,22.7,0.6,pluie
2023-05-06,Strasbourg,19.4,1.5,nuageux
2023-05-06,Nantes,20.4,0.0,ensoleillé
2023-05-06,Chamonix,18.9,0.0,nuageux
2023-05-07,Paris,20.9,5.5,ensoleillé
2023-05-07,Lyon,21.8,0.5,ensoleillé
2023-05-07,Marseille,24.6,1.7,ensoleillé
2023-05-07,Nice,22.1,1.9,pluie
2023-05-07,Bordeaux,30.3,0.0,ensoleillé
2023-05-07,Toulouse,22.4,0.0,pluie
2023-05-07,Lille,22.8,0.0,nuageux
2023-05-07,Strasbourg,17.9,0.6,ensoleillé
2023-05-07,Nantes,24.9,2.4,ensoleillé
2023-05-07,Chamonix,13.8,1.1,nuageux
2023-05-08,Paris,16.5,0.0,nuageux
2023-05-08,Lyon,18.9,0.5,nuageux
2023-05-08,Marseille,32.1,1.6,ensoleillé
2023-05-08,Nice,13.1,0.2,ensoleillé
2023-05-08,Bordeaux,25.1,4.1,ensoleillé
2023-05-08,Toulouse,12.1,0.0,nuageux
2023-05-08,Lille,29.4,1.6,ensoleillé
2023-05-08,Strasbourg,15.7,1.8,nuageux
2023-05-08,Nantes,6.8,1.0,pluie
2023-05-08,Chamonix,21.6,2.4,nuageux
2023-05-09,Paris,14.9,1.1,ensoleillé
2023-05-09,Lyon,15.4,1.4,ensoleillé
2023-05-09,Marseille,15.5,0.4,nuageux
2023-05-09,Nice,15.0,2.0,ensoleillé
2023-05-09,Bordeaux,24.3,0.6,pluie
2023-05-09,Toulouse,20.2,0.0,nuageux
2023-05-09,Lille,18.5,0.9,orage
2023-05-09,Strasbourg,33.1,0.0,pluie
2023-05-09,Nantes,27.3,2.5,ensoleillé
2023-05-09,Chamonix,21.4,3.6,nuageux
2023-05-10,Paris,21.9,1.6,ensoleillé
2023-05-10,Lyon,19.7,2.8,ensoleillé
2023-05-10,Marseille,25.5,0.1,neige
2023-05-10,Nice,13.4,0.7,nuageux
2023-05-10,Bordeaux,16.0,0.9,ensoleillé
2023-05-10,Toulouse,26.2,0.3,nuageux
2023-05-10,Lille,19.8,1.1,orage
2023-05-10,Strasbourg,24.2,0.0,ensoleillé
2023-05-10,Nantes,17.0,1.3,ensoleillé
2023-05-10,Chamonix,26.0,0.3,pluie
2023-05-11,Paris,10.6,1.9,pluie
2023-05-11,Lyon,16.8,0.0,nuageux
2023-05-11,Marseille,16.9,0.7,pluie
2023-05-11,Nice,17.0,0.0,pluie
2023-05-11,Bordeaux,24.5,2.9,nuageux
2023-05-11,Toulouse,23.3,0.0,nuageux
2023-05-11,Lille,19.0,1.0,nuageux
2023-05-11,Strasbourg,23.0,2.0,nuageux
2023-05-11,Nantes,16.3,1.1,ensoleillé
2023-05-11,Chamonix,22.3,3.2,ensoleillé
2023-05-12,Paris,23.5,2.2,ensoleillé
2023-05-12,Lyon,20.4,3.1,ensoleillé
2023-05-12,Marseille,22.0,0.0,orage
2023-05-12,Nice,27.0,2.0,nuageux
2023-05-12,Bordeaux,17.8,0.3,ensoleillé
2023-05-12,Toulouse,21.5,1.7,ensoleillé
2023-05-12,Lille,21.0,1.5,ensoleillé
2023-05-12,Strasbourg,28.5,2.6,pluie
2023-05-12,Nantes,21.0,2.4,ensoleillé
2023-05-12,Chamonix,14.8,1.6,pluie
2023-05-13,Paris,29.0,0.7,pluie
2023-05-13,Lyon,15.8,0.0,pluie
2023-05-13,Marseille,14.6,0.0,ensoleillé
2023-05-13,Nice,18.1,0.0,ensoleillé
2023-05-13,Bordeaux,20.1,2.4,pluie
2023-05-13,Toulouse,15.5,3.3,ensoleillé
2023-05-13,Lille,22.6,2.5,ensoleillé
2023-05-13,Strasbourg,16.7,2.3,ensoleillé
2023-05-13,Nantes,14.5,2.3,pluie
2023-05-13,Chamonix,20.9,1.8,pluie
2023-05-14,Paris,14.1,0.0,pluie
2023-05-14,Lyon,23.0,0.0,ensoleillé
2023-05-14,Marseille,22.3,0.0,nuageux
2023-05-14,Nice,24.2,0.0,nuageux
2023-05-14,Bordeaux,22.8,1.9,nuageux
2023-05-14,Toulouse,16.5,1.9,ensoleillé
2023-05-14,Lille,21.3,0.2,nuageux
2023-05-14,Strasbourg,15.0,0.0,ensoleillé
2023-05-14,Nantes,21.7,0.0,pluie
2023-05-14,Chamonix,20.5,0.6,nuageux
2023-05-15,Paris,23.4,0.5,nuageux
2023-05-15,Lyon,18.4,2.1,ensoleillé
2023-05-15,Marseille,21.7,1.5,pluie
2023-05-15,Nice,22.3,0.0,nuageux
2023-05-15,Bordeaux,23.8,1.9,pluie
2023-05-15,Toulouse,14.9,0.6,ensoleillé
2023-05-15,Lille,19.8,0.8,orage
2023-05-15,Strasbourg,21.7,3.1,neige
2023-05-15,Nantes,25.4,0.0,nuageux
2023-05-15,Chamonix,23.1,3.0,ensoleillé
2023-05-16,Paris,21.9,2.6,ensoleillé
2023-05-16,Lyon,30.1,2.5,nuageux
2023-05-16,Marseille,21.2,2.6,neige
2023-05-16,Nice,20.7,1.0,pluie
2023-05-16,Bordeaux,18.2,3.3,pluie
2023-05-16,Toulouse,15.9,3.3,ensoleillé
2023-05-16,Lille,22.5,0.0,ensoleillé
2023-05-16,Strasbourg,21.8,0.0,nuageux
2023-05-16,Nantes,23.1,2.3,pluie
2023-05-16,Chamonix,17.0,1.2,nuageux
2023-05-17,Paris,29.8,0.2,ensoleillé
2023-05-17,Lyon,14.7,3.2,pluie
2023-05-17,Marseille,29.8,1.0,pluie
2023-05-17,Nice,25.1,3.0,ensoleillé
2023-05-17,Bordeaux,16.3,0.3,pluie
2023-05-17,Toulouse,26.2,3.5,ensoleillé
2023-05-17,Lille,22.8,0.0,orage
2023-05-17,Strasbourg,29.9,0.2,ensoleillé
2023-05-17,Nantes,18.3,1.5,nuageux
2023-05-17,Chamonix,27.8,2.3,orage
2023-05-18,Paris,22.1,1.7,ensoleillé
2023-05-18,Lyon,20.2,1.8,nuageux
2023-05-18,Marseille,7.4,0.6,ensoleillé
2023-05-18,Nice,21.2,0.0,ensoleillé
2023-05-18,Bordeaux,21.9,0.7,ensoleillé
2023-05-18,Toulouse,28.8,3.4,nuageux
2023-05-18,Lille,17.7,0.8,ensoleillé
2023-05-18,Strasbourg,19.6,0.3,neige
2023-05-18,Nantes,21.0,0.0,ensoleillé
2023-05-18,Chamonix,14.3,1.9,ensoleillé
2023-05-19,Paris,23.1,0.0,orage
2023-05-19,Lyon,24.5,0.1,pluie
2023-05-19,Marseille,21.3,2.2,nuageux
2023-05-19,Nice,19.8,1.7,pluie
2023-05-19,Bordeaux,17.4,0.7,ensoleillé
2023-05-19,Toulouse,19.0,0.0,ensoleillé
2023-05-19,Lille,19.1,0.0,pluie
2023-05-19,Strasbourg,17.5,0.6,nuageux
2023-05-19,Nantes,18.7,0.6,ensoleillé
2023-05-19,Chamonix,19.7,1.7,pluie
2023-05-20,Paris,24.4,0.0,nuageux
2023-05-20,Lyon,14.0,0.0,ensoleillé
2023-05-20,Marseille,17.6,0.5,ensoleillé
2023-05-20,Nice,16.2,0.0,ensoleillé
2023-05-20,Bordeaux,17.7,1.3,pluie
2023-05-20,Toulouse,23.0,0.2,nuageux
2023-05-20,Lille,17.9,0.0,pluie
2023-05-20,Strasbourg,19.8,0.0,nuageux
2023-05-20,Nantes,22.9,0.0,ensoleillé
2023-05-20,Chamonix,18.2,1.5,ensoleillé
2023-05-21,Paris,20.9,5.0,ensoleillé
2023-05-21,Lyon,21.7,0.0,ensoleillé
2023-05-21,Marseille,19.5,0.0,nuageux
2023-05-21,Nice,19.6,0.0,pluie
2023-05-21,Bordeaux,24.6,0.2,nuageux
2023-05-21,Toulouse,19.4,0.0,ensoleillé
2023-05-21,Lille,28.7,0.5,orage
2023-05-21,Strasbourg,29.2,2.2,nuageux
2023-05-21,Nantes,22.4,1.6,ensoleillé
2023-05-21,Chamonix,22.0,0.0,nuageux
2023-05-22,Paris,18.6,2.3,ensoleillé
2023-05-22,Lyon,19.8,0.0,ensoleillé
2023-05-22,Marseille,19.7,3.6,nuageux
2023-05-22,Nice,26.2,0.9,nuageux
2023-05-22,Bordeaux,24.8,0.5,ensoleillé
2023-05-22,Toulouse,11.5,0.0,nuageux
2023-05-22,Lille,27.8,0.6,nuageux
2023-05-22,Strasbourg,18.8,0.6,ensoleillé
2023-05-22,Nantes,29.5,3.4,neige
2023-05-22,Chamonix,31.1,0.8,ensoleillé
2023-05-23,Paris,21.5,0.0,nuageux
2023-05-23,Lyon,27.4,0.0,nuageux
2023-05-23,Marseille,21.1,0.0,neige
2023-05-23,Nice,17.1,0.0,nuageux
2023-05-23,Bordeaux,17.0,0.2,ensoleillé
2023-05-23,Toulouse,17.3,2.3,nuageux
2023-05-23,Lille,14.5,1.3,nuageux
2023-05-23,Strasbourg,26.1,0.2,neige
2023-05-23,Nantes,16.4,0.7,ensoleillé
2023-05-23,Chamonix,25.9,1.3,ensoleillé
2023-05-24,Paris,17.3,1.7,pluie
2023-05-24,Lyon,14.5,2.0,ensoleillé
2023-05-24,Marseille,22.0,0.5,pluie
2023-05-24,Nice,15.8,0.0,nuageux
2023-05-24,Bordeaux,22.7,2.8,pluie
2023-05-24,Toulouse,16.8,1.7,pluie
2023-05-24,Lille,9.6,0.1,ensoleillé
2023-05-24,Strasbourg,19.8,0.0,ensoleillé
2023-05-24,Nantes,15.3,0.0,nuageux
2023-05-24,Chamonix,21.5,0.7,pluie
2023-05-25,Paris,8.8,0.0,ensoleillé
2023-05-25,Lyon,17.0,1.7,pluie
2023-05-25,Marseille,6.3,0.3,nuageux
2023-05-25,Nice,17.4,3.1,nuageux
2023-05-25,Bordeaux,18.1,1.6,nuageux
2023-05-25,Toulouse,20.7,0.0,pluie
2023-05-25,Lille,23.8,1.3,ensoleillé
2023-05-25,Strasbourg,22.5,6.9,pluie
2023-05-25,Nantes,9.6,3.6,nuageux
2023-05-25,Chamonix,18.6,1.4,ensoleillé
2023-05-26,Paris,19.8,0.4,ensoleillé
2023-05-26,Lyon,17.2,1.5,ensoleillé
2023-05-26,Marseille,12.4,2.1,ensoleillé
2023-05-26,Nice,17.9,0.0,orage
2023-05-26,Bordeaux,17.7,2.9,nuageux
2023-05-26,Toulouse,17.3,1.5,neige
2023-05-26,Lille,16.3,2.1,nuageux
2023-05-26,Strasbourg,23.4,3.8,ensoleillé
2023-05-26,Nantes,19.1,2.0,pluie
2023-05-26,Chamonix,20.5,2.9,ensoleillé
2023-05-27,Paris,16.4,2.1,ensoleillé
2023-05-27,Lyon,19.0,0.9,pluie
2023-05-27,Marseille,20.5,1.4,pluie
2023-05-27,Nice,19.4,1.3,ensoleillé
2023-05-27,Bordeaux,27.9,2.5,ensoleillé
2023-05-27,Toulouse,24.3,0.3,ensoleillé
2023-05-27,Lille,15.6,2.4,pluie
2023-05-27,Strasbourg,24.4,3.2,pluie
2023-05-27,Nantes,17.0,0.7,pluie
2023-05-27,Chamonix,11.8,0.4,ensoleillé
2023-05-28,Paris,25.0,0.3,neige
2023-05-28,Lyon,23.2,0.7,nuageux
2023-05-28,Marseille,21.6,0.0,nuageux
2023-05-28,Nice,20.4,0.0,orage
2023-05-28,Bordeaux,19.1,0.0,nuageux
2023-05-28,Toulouse,26.0,2.2,pluie
2023-05-28,Lille,22.3,3.3,pluie
2023-05-28,Strasbourg,15.3,3.6,ensoleillé
2023-05-28,Nantes,24.7,0.6,nuageux
2023-05-28,Chamonix,25.7,0.0,pluie
2023-05-29,Paris,15.9,0.1,nuageux
2023-05-29,Lyon,17.4,0.0,ensoleillé
2023-05-29,Marseille,26.1,0.6,ensoleillé
2023-05-29,Nice,21.8,0.1,nuageux
2023-05-29,Bordeaux,10.9,1.4,ensoleillé
2023-05-29,Toulouse,10.4,0.9,nuageux
2023-05-29,Lille,13.2,4.0,nuageux
2023-05-29,Strasbourg,24.6,1.2,nuageux
2023-05-29,Nantes,26.3,0.0,ensoleillé
2023-05-29,Chamonix,22.7,1.3,ensoleillé
2023-05-30,Paris,21.3,2.9,pluie
2023-05-30,Lyon,23.7,1.4,ensoleillé
2023-05-30,Marseille,11.7,0.0,neige
2023-05-30,Nice,19.4,1.1,ensoleillé
2023-05-30,Bordeaux,14.3,4.6,neige
2023-05-30,Toulouse,27.6,1.9,orage
2023-05-30,Lille,20.4,0.7,ensoleillé
2023-05-30,Strasbourg,15.2,1.1,nuageux
2023-05-30,Nantes,21.3,0.0,ensoleillé
2023-05-30,Chamonix,21.7,0.8,pluie
2023-05-31,Paris,10.5,0.0,nuageux
2023-05-31,Lyon,17.9,3.8,neige
2023-05-31,Marseille,22.8,0.0,ensoleillé
2023-05-31,Nice,22.4,0.0,nuageux
2023-05-31,Bordeaux,25.4,0.3,pluie
2023-05-31,Toulouse,19.5,3.0,ensoleillé
2023-05-31,Lille,13.6,0.0,ensoleillé
2023-05-31,Strasbourg,17.1,2.6,pluie
2023-05-31,Nantes,12.4,0.0,ensoleillé
2023-05-31,Chamonix,17.7,1.8,ensoleillé
2023-06-01,Paris,26.0,0.3,nuageux
2023-06-01,Lyon,17.9,2.7,nuageux
2023-06-01,Marseille,10.7,0.4,nuageux
2023-06-01,Nice,21.0,1.7,orage
2023-06-01,Bordeaux,17.5,1.1,ensoleillé
2023-06-01,Toulouse,7.6,0.0,pluie
2023-06-01,Lille,22.3,0.0,nuageux
2023-06-01,Strasbourg,20.3,1.7,nuageux
2023-06-01,Nantes,18.3,1.3,ensoleillé
2023-06-01,Chamonix,15.2,0.7,nuageux
2023-06-02,Paris,23.1,1.2,ensoleillé
2023-06-02,Lyon,17.1,1.3,ensoleillé
2023-06-02,Marseille,23.6,0.0,pluie
2023-06-02,Nice,25.8,0.5,nuageux
2023-06-02,Bordeaux,22.1,2.8,ensoleillé
2023-06-02,Toulouse,13.1,0.0,nuageux
2023-06-02,Lille,18.6,0.0,ensoleillé
2023-06-02,Strasbourg,28.7,0.0,ensoleillé
2023-06-02,Nantes,17.2,1.3,nuageux
2023-06-02,Chamonix,14.0,0.4,neige
2023-06-03,Paris,21.6,0.5,ensoleillé
2023-06-03,Lyon,19.5,0.2,orage
2023-06-03,Marseille,12.4,1.5,nuageux
2023-06-03,Nice,28.8,1.0,ensoleillé
2023-06-03,Bordeaux,21.1,2.0,pluie
2023-06-03,Toulouse,13.7,3.6,nuageux
2023-06-03,Lille,21.0,3.4,pluie
2023-06-03,Strasbourg,16.3,3.7,nuageux
2023-06-03,Nantes,23.9,1.8,ensoleillé
2023-06-03,Chamonix,21.2,0.6,nuageux
2023-06-04,Paris,26.0,1.2,pluie
2023-06-04,Lyon,10.2,0.0,ensoleillé
2023-06-04,Marseille,19.1,1.5,ensoleillé
2023-06-04,Nice,19.7,2.8,ensoleillé
2023-06-04,Bordeaux,10.2,1.2,nuageux
2023-06-04,Toulouse,10.9,2.1,pluie
2023-06-04,Lille,19.5,1.6,pluie
2023-06-04,Strasbourg,15.7,2.9,pluie
2023-06-04,Nantes,25.2,1.9,orage
2023-06-04,Chamonix,19.4,1.9,nuageux
2023-06-05,Paris,16.5,2.3,pluie
2023-06-05,Lyon,28.2,2.6,nuageux
2023-06-05,Marseille,16.4,1.5,ensoleillé
2023-06-05,Nice,13.5,1.9,ensoleillé
2023-06-05,Bordeaux,22.3,0.0,ensoleillé
2023-06-05,Toulouse,14.2,0.6,pluie
2023-06-05,Lille,18.5,0.0,ensoleillé
2023-06-05,Strasbourg,21.9,1.4,nuageux
2023-06-05,Nantes,19.0,0.0,ensoleillé
2023-06-05,Chamonix,25.2,3.5,pluie
2023-06-06,Paris,17.6,0.1,nuageux
2023-06-06,Lyon,22.5,0.5,nuageux
2023-06-06,Marseille,19.3,2.1,ensoleillé
2023-06-06,Nice,10.5,3.0,ensoleillé
2023-06-06,Bordeaux,20.4,0.4,neige
2023-06-06,Toulouse,19.6,0.9,pluie
2023-06-06,Lille,11.3,3.2,nuageux
2023-06-06,Strasbourg,20.2,1.7,pluie
2023-06-06,Nantes,24.8,0.0,pluie
2023-06-06,Chamonix,22.4,0.6,ensoleillé
2023-06-07,Paris,24.2,0.0,neige
2023-06-07,Lyon,19.5,0.1,nuageux
2023-06-07,Marseille,22.2,1.7,nuageux
2023-06-07,Nice,16.5,0.0,nuageux
2023-06-07,Bordeaux,19.4,0.0,ensoleillé
2023-06-07,Toulouse,24.2,0.4,pluie
2023-06-07,Lille,5.5,0.4,pluie
2023-06-07,Strasbourg,14.8,0.0,nuageux
2023-06-07,Nantes,13.8,1.2,ensoleillé
2023-06-07,Chamonix,26.6,1.5,neige
2023-06-08,Paris,17.0,1.7,nuageux
2023-06-08,Lyon,17.7,0.0,orage
2023-06-08,Marseille,14.2,0.0,ensoleillé
2023-06-08,Nice,18.1,1.2,ensoleillé
2023-06-08,Bordeaux,19.5,0.4,ensoleillé
2023-06-08,Toulouse,15.3,1.9,ensoleillé
2023-06-08,Lille,13.4,2.2,ensoleillé
2023-06-08,Strasbourg,15.0,0.0,pluie
2023-06-08,Nantes,12.7,0.2,ensoleillé
2023-06-08,Chamonix,24.9,1.8,orage
2023-06-09,Paris,24.9,1.8,pluie
2023-06-09,Lyon,14.5,0.5,pluie
2023-06-09,Marseille,16.1,3.0,ensoleillé
2023-06-09,Nice,14.0,2.3,nuageux
2023-06-09,Bordeaux,24.5,3.7,nuageux
2023-06-09,Toulouse,18.0,2.1,ensoleillé
2023-06-09,Lille,31.4,0.1,ensoleillé
2023-06-09,Strasbourg,12.3,0.0,nuageux
2023-06-09,Nantes,23.6,0.0,nuageux
2023-06-09,Chamonix,18.1,1.7,ensoleillé
2023-06-10,Paris,20.9,1.6,orage
2023-06-10,Lyon,21.1,2.9,ensoleillé
2023-06-10,Marseille,15.2,0.0,nuageux
2023-06-10,Nice,16.1,2.2,pluie
2023-06-10,Bordeaux,24.5,1.7,nuageux
2023-06-10,Toulouse,25.9,0.0,pluie
2023-06-10,Lille,28.3,3.3,nuageux
2023-06-10,Strasbourg,23.7,3.7,pluie
2023-06-10,Nantes,11.7,0.2,ensoleillé
2023-06-10,Chamonix,16.3,2.1,ensoleillé
2023-06-11,Paris,14.7,2.1,nuageux
2023-06-11,Lyon,26.9,2.0,nuageux
2023-06-11,Marseille,21.4,0.0,nuageux
2023-06-11,Nice,15.8,2.9,pluie
2023-06-11,Bordeaux,23.9,0.9,nuageux
2023-06-11,Toulouse,17.9,0.0,nuageux
2023-06-11,Lille,14.6,3.9,nuageux
2023-06-11,Strasbourg,13.6,1.3,nuageux
2023-06-11,Nantes,25.0,0.0,ensoleillé
2023-06-11,Chamonix,20.9,2.4,neige
2023-06-12,Paris,20.1,5.3,nuageux
2023-06-12,Lyon,11.7,2.6,pluie
2023-06-12,Marseille,19.1,2.2,nuageux
2023-06-12,Nice,22.2,0.0,ensoleillé
2023-06-12,Bordeaux,21.1,0.0,ensoleillé
2023-06-12,Toulouse,23.0,1.4,ensoleillé
2023-06-12,Lille,23.2,2.6,nuageux
2023-06-12,Strasbourg,21.8,1.2,nuageux
2023-06-12,Nantes,15.6,0.0,ensoleillé
2023-06-12,Chamonix,25.9,3.2,nuageux
2023-06-13,Paris,18.8,1.1,ensoleillé
2023-06-13,Lyon,15.5,2.8,pluie
2023-06-13,Marseille,23.3,3.9,pluie
2023-06-13,Nice,15.6,0.4,pluie
2023-06-13,Bordeaux,21.2,2.0,neige
2023-06-13,Toulouse,18.9,0.0,ensoleillé
2023-06-13,Lille,24.4,2.1,ensoleillé
2023-06-13,Strasbourg,15.4,3.0,nuageux
2023-06-13,Nantes,25.9,1.2,ensoleillé
2023-06-13,Chamonix,20.4,1.8,nuageux
2023-06-14,Paris,15.7,1.0,ensoleillé
2023-06-14,Lyon,9.2,2.3,ensoleillé
2023-06-14,Marseille,12.2,3.3,ensoleillé
2023-06-14,Nice,18.3,0.7,ensoleillé
2023-06-14,Bordeaux,16.9,0.6,ensoleillé
2023-06-14,Toulouse,27.1,0.0,nuageux
2023-06-14,Lille,26.4,1.5,ensoleillé
2023-06-14,Strasbourg,14.0,0.0,pluie
2023-06-14,Nantes,28.4,0.0,ensoleillé
2023-06-14,Chamonix,14.2,2.7,ensoleillé
2023-06-15,Paris,21.7,0.0,nuageux
2023-06-15,Lyon,21.1,0.0,ensoleillé
2023-06-15,Marseille,25.5,2.6,pluie
2023-06-15,Nice,22.7,1.5,nuageux
2023-06-15,Bordeaux,28.8,1.0,nuageux
2023-06-15,Toulouse,14.1,1.7,nuageux
2023-06-15,Lille,30.4,0.0,ensoleillé
2023-06-15,Strasbourg,18.2,1.6,ensoleillé
2023-06-15,Nantes,19.7,0.0,orage
2023-06-15,Chamonix,25.6,4.5,nuageux
2023-06-16,Paris,21.0,0.0,neige
2023-06-16,Lyon,12.3,1.4,ensoleillé
2023-06-16,Marseille,25.5,1.7,ensoleillé
2023-06-16,Nice,20.0,0.1,ensoleillé
2023-06-16,Bordeaux,14.5,2.3,nuageux
2023-06-16,Toulouse,24.6,0.0,pluie
2023-06-16,Lille,27.9,1.9,nuageux
2023-06-16,Strasbourg,27.0,0.0,nuageux
2023-06-16,Nantes,13.2,0.8,nuageux
2023-06-16,Chamonix,22.5,3.7,pluie
2023-06-17,Paris,23.5,0.6,nuageux
2023-06-17,Lyon,14.9,2.8,pluie
2023-06-17,Marseille,15.2,3.4,pluie
2023-06-17,Nice,18.6,3.4,pluie
2023-06-17,Bordeaux,23.4,0.8,ensoleillé
2023-06-17,Toulouse,17.4,0.5,nuageux
2023-06-17,Lille,22.1,1.1,nuageux
2023-06-17,Strasbourg,17.0,0.8,ensoleillé
2023-06-17,Nantes,20.4,0.0,nuageux
2023-06-17,Chamonix,22.3,0.0,ensoleillé
2023-06-18,Paris,14.2,0.0,nuageux
2023-06-18,Lyon,11.0,0.0,pluie
2023-06-18,Marseille,16.5,3.9,ensoleillé
2023-06-18,Nice,17.4,1.3,neige
2023-06-18,Bordeaux,22.0,1.2,nuageux
2023-06-18,Toulouse,19.6,0.0,ensoleillé
2023-06-18,Lille,27.3,3.7,neige
2023-06-18,Strasbourg,11.6,0.0,ensoleillé
2023-06-18,Nantes,18.6,0.0,pluie
2023-06-18,Chamonix,22.5,0.0,ensoleillé
2023-06-19,Paris,30.8,2.8,orage
2023-06-19,Lyon,21.1,2.5,pluie
2023-06-19,Marseille,25.5,0.2,ensoleillé
2023-06-19,Nice,15.9,1.1,nuageux
2023-06-19,Bordeaux,24.3,1.2,nuageux
2023-06-19,Toulouse,12.1,0.0,ensoleillé
2023-06-19,Lille,19.6,0.9,ensoleillé
2023-06-19,Strasbourg,29.9,0.0,ensoleillé
2023-06-19,Nantes,22.5,3.2,nuageux
2023-06-19,Chamonix,31.4,0.4,nuageux
2023-06-20,Paris,22.5,1.9,nuageux
2023-06-20,Lyon,21.0,0.9,nuageux
2023-06-20,Marseille,22.2,0.0,ensoleillé
2023-06-20,Nice,23.4,1.2,nuageux
2023-06-20,Bordeaux,18.9,4.1,ensoleillé
2023-06-20,Toulouse,16.6,0.4,neige
2023-06-20,Lille,30.0,0.0,pluie
2023-06-20,Strasbourg,17.2,0.8,ensoleillé
2023-06-20,Nantes,24.2,1.3,ensoleillé
2023-06-20,Chamonix,13.5,0.2,pluie
2023-06-21,Paris,17.0,0.9,nuageux
2023-06-21,Lyon,22.1,1.6,pluie
2023-06-21,Marseille,11.1,2.6,ensoleillé
2023-06-21,Nice,21.3,3.1,pluie
2023-06-21,Bordeaux,22.2,2.7,ensoleillé
2023-06-21,Toulouse,22.3,3.0,nuageux
2023-06-21,Lille,22.6,0.9,neige
2023-06-21,Strasbourg,31.4,2.3,nuageux
2023-06-21,Nantes,22.9,0.0,pluie
2023-06-21,Chamonix,13.6,1.4,pluie
2023-06-22,Paris,20.7,0.1,nuageux
2023-06-22,Lyon,20.7,3.4,ensoleillé
2023-06-22,Marseille,23.5,0.0,nuageux
2023-06-22,Nice,19.4,0.0,neige
2023-06-22,Bordeaux,18.1,0.4,pluie
2023-06-22,Toulouse,17.6,0.0,pluie
2023-06-22,Lille,19.4,0.2,nuageux
2023-06-22,Strasbourg,5.4,4.1,pluie
2023-06-22,Nantes,25.4,0.4,nuageux
2023-06-22,Chamonix,20.1,0.0,ensoleillé
2023-06-23,Paris,28.5,3.8,nuageux
2023-06-23,Lyon,20.8,2.5,nuageux
2023-06-23,Marseille,20.9,0.0,pluie
2023-06-23,Nice,17.9,1.2,ensoleillé
2023-06-23,Bordeaux,17.7,0.7,nuageux
2023-06-23,Toulouse,19.5,0.9,ensoleillé
2023-06-23,Lille,20.3,0.0,orage
2023-06-23,Strasbourg,16.4,0.0,ensoleillé
2023-06-23,Nantes,24.9,0.0,ensoleillé
2023-06-23,Chamonix,25.8,3.1,ensoleillé
2023-06-24,Paris,18.5,0.0,ensoleillé
2023-06-24,Lyon,18.2,0.9,nuageux
2023-06-24,Marseille,14.9,0.2,nuageux
2023-06-24,Nice,27.7,2.0,pluie
2023-06-24,Bordeaux,15.4,0.0,orage
2023-06-24,Toulouse,18.4,0.7,pluie
2023-06-24,Lille,22.5,0.2,pluie
2023-06-24,Strasbourg,22.6,3.9,ensoleillé
2023-06-24,Nantes,24.1,0.9,ensoleillé
2023-06-24,Chamonix,19.1,0.5,ensoleillé
2023-06-25,Paris,25.9,0.1,ensoleillé
2023-06-25,Lyon,20.2,1.1,nuageux
2023-06-25,Marseille,17.5,0.0,nuageux
2023-06-25,Nice,21.6,0.9,ensoleillé
2023-06-25,Bordeaux,22.5,0.2,ensoleillé
2023-06-25,Toulouse,26.1,0.0,orage
2023-06-25,Lille,28.6,0.0,ensoleillé
2023-06-25,Strasbourg,22.2,1.7,ensoleillé
2023-06-25,Nantes,16.0,1.6,pluie
2023-06-25,Chamonix,26.4,0.0,pluie
2023-06-26,Paris,22.5,0.0,nuageux
2023-06-26,Lyon,15.2,3.4,nuageux
2023-06-26,Marseille,17.1,0.0,nuageux
2023-06-26,Nice,19.0,4.1,ensoleillé
2023-06-26,Bordeaux,10.8,0.0,ensoleillé
2023-06-26,Toulouse,27.5,3.8,nuageux
2023-06-26,Lille,19.5,0.0,ensoleillé
2023-06-26,Strasbourg,30.5,3.4,neige
2023-06-26,Nantes,23.4,0.0,ensoleillé
2023-06-26,Chamonix,19.8,0.8,ensoleillé
2023-06-27,Paris,21.7,3.2,ensoleillé
2023-06-27,Lyon,24.4,0.0,pluie
2023-06-27,Marseille,26.9,1.5,ensoleillé
2023-06-27,Nice,23.4,3.2,ensoleillé
2023-06-27,Bordeaux,14.4,0.9,orage
2023-06-27,Toulouse,17.3,0.0,pluie
2023-06-27,Lille,21.7,4.8,ensoleillé
2023-06-27,Strasbourg,10.8,1.0,ensoleillé
2023-06-27,Nantes,23.2,1.2,nuageux
2023-06-27,Chamonix,19.4,0.0,ensoleillé
2023-06-28,Paris,21.2,0.0,neige
2023-06-28,Lyon,9.1,2.8,pluie
2023-06-28,Marseille,24.8,1.1,neige
2023-06-28,Nice,21.1,2.6,pluie
2023-06-28,Bordeaux,21.1,2.4,ensoleillé
2023-06-28,Toulouse,18.5,3.0,ensoleillé
2023-06-28,Lille,21.6,1.3,pluie
2023-06-28,Strasbourg,13.6,1.4,ensoleillé
2023-06-28,Nantes,15.8,0.0,nuageux
2023-06-28,Chamonix,15.9,0.0,ensoleillé
2023-06-29,Paris,30.6,3.0,nuageux
2023-06-29,Lyon,29.6,0.0,ensoleillé
2023-06-29,Marseille,20.4,0.0,nuageux
2023-06-29,Nice,16.5,0.0,orage
2023-06-29,Bordeaux,26.2,0.4,nuageux
2023-06-29,Toulouse,25.3,1.9,ensoleillé
2023-06-29,Lille,31.5,0.0,nuageux
2023-06-29,Strasbourg,26.3,2.7,nuageux
2023-06-29,Nantes,15.1,2.5,ensoleillé
2023-06-29,Chamonix,21.7,0.7,nuageux
2023-06-30,Paris,15.9,0.0,nuageux
2023-06-30,Lyon,30.2,1.0,nuageux
2023-06-30,Marseille,23.9,0.0,ensoleillé
2023-06-30,Nice,16.1,2.6,nuageux
2023-06-30,Bordeaux,13.3,0.4,pluie
2023-06-30,Toulouse,20.2,1.2,ensoleillé
2023-06-30,Lille,19.1,1.6,pluie
2023-06-30,Strasbourg,23.5,2.1,ensoleillé
2023-06-30,Nantes,15.1,0.6,nuageux
2023-06-30,Chamonix,26.0,2.3,orage
2023-07-01,Paris,13.1,1.5,nuageux
2023-07-01,Lyon,10.1,1.1,orage
2023-07-01,Marseille,29.5,0.0,pluie
2023-07-01,Nice,15.8,2.1,nuageux
2023-07-01,Bordeaux,12.3,0.1,ensoleillé
2023-07-01,Toulouse,23.0,0.0,neige
2023-07-01,Lille,18.8,2.1,ensoleillé
2023-07-01,Strasbourg,22.1,1.4,nuageux
2023-07-01,Nantes,18.3,1.6,orage
2023-07-01,Chamonix,19.4,1.7,ensoleillé
2023-07-02,Paris,17.5,0.7,nuageux
2023-07-02,Lyon,15.1,0.9,nuageux
2023-07-02,Marseille,15.9,0.0,pluie
2023-07-02,Nice,21.3,1.3,orage
2023-07-02,Bordeaux,23.9,0.4,orage
2023-07-02,Toulouse,22.0,1.8,ensoleillé
2023-07-02,Lille,22.2,0.0,pluie
2023-07-02,Strasbourg,20.7,1.5,ensoleillé
2023-07-02,Nantes,20.0,0.0,orage
2023-07-02,Chamonix,20.8,4.3,neige
2023-07-03,Paris,18.2,0.0,ensoleillé
2023-07-03,Lyon,21.9,1.5,nuageux
2023-07-03,Marseille,26.0,0.0,orage
2023-07-03,Nice,23.7,1.9,neige
2023-07-03,Bordeaux,19.3,1.5,orage
2023-07-03,Toulouse,25.1,2.3,pluie
2023-07-03,Lille,14.3,2.2,ensoleillé
2023-07-03,Strasbourg,19.7,1.1,nuageux
2023-07-03,Nantes,20.4,0.8,ensoleillé
2023-07-03,Chamonix,26.0,0.9,neige
2023-07-04,Paris,14.4,0.4,ensoleillé
2023-07-04,Lyon,20.9,2.8,neige
2023-07-04,Marseille,23.0,0.0,nuageux
2023-07-04,Nice,32.4,1.4,nuageux
2023-07-04,Bordeaux,26.4,0.8,orage
2023-07-04,Toulouse,22.7,2.3,pluie
2023-07-04,Lille,26.1,2.6,nuageux
2023-07-04,Strasbourg,24.4,0.5,ensoleillé
2023-07-04,Nantes,17.1,1.5,ensoleillé
2023-07-04,Chamonix,24.7,0.7,ensoleillé
2023-07-05,Paris,25.3,3.2,nuageux
2023-07-05,Lyon,15.4,0.0,ensoleillé
2023-07-05,Marseille,19.3,1.5,ensoleillé
2023-07-05,Nice,17.4,3.0,pluie
2023-07-05,Bordeaux,22.1,1.1,pluie
2023-07-05,Toulouse,12.8,0.0,nuageux
2023-07-05,Lille,21.4,0.0,pluie
2023-07-05,Strasbourg,25.1,0.8,ensoleillé
2023-07-05,Nantes,36.2,4.5,pluie
2023-07-05,Chamonix,19.1,0.8,pluie
2023-07-06,Paris,25.0,3.6,pluie
2023-07-06,Lyon,11.8,0.0,nuageux
2023-07-06,Marseille,16.9,1.9,ensoleillé
2023-07-06,Nice,22.5,2.6,nuageux
2023-07-06,Bordeaux,14.0,0.0,ensoleillé
2023-07-06,Toulouse,24.3,0.0,ensoleillé
2023-07-06,Lille,9.9,1.2,ensoleillé
2023-07-06,Strasbourg,24.0,0.8,ensoleillé
2023-07-06,Nantes,17.7,0.8,ensoleillé
2023-07-06,Chamonix,18.1,0.0,ensoleillé
2023-07-07,Paris,16.4,1.8,pluie
2023-07-07,Lyon,21.6,1.3,neige
2023-07-07,Marseille,15.0,0.7,ensoleillé
2023-07-07,Nice,9.1,1.3,pluie
2023-07-07,Bordeaux,27.1,0.0,ensoleillé
2023-07-07,Toulouse,17.1,1.5,nuageux
2023-07-07,Lille,26.3,0.3,nuageux
2023-07-07,Strasbourg,16.5,0.0,ensoleillé
2023-07-07,Nantes,20.5,4.1,ensoleillé
2023-07-07,Chamonix,21.4,1.0,ensoleillé
2023-07-08,Paris,21.6,1.0,nuageux
2023-07-08,Lyon,15.9,2.2,nuageux
2023-07-08,Marseille,21.1,1.0,pluie
2023-07-08,Nice,15.1,3.0,pluie
2023-07-08,Bordeaux,23.3,0.2,ensoleillé
2023-07-08,Toulouse,25.0,0.3,ensoleillé
2023-07-08,Lille,16.1,0.0,orage
2023-07-08,Strasbourg,11.1,1.7,ensoleillé
2023-07-08,Nantes,10.8,0.0,nuageux
2023-07-08,Chamonix,9.6,0.9,ensoleillé
2023-07-09,Paris,19.2,0.5,ensoleillé
2023-07-09,Lyon,14.8,0.0,ensoleillé
2023-07-09,Marseille,22.3,0.2,pluie
2023-07-09,Nice,21.6,0.0,nuageux
2023-07-09,Bordeaux,20.9,3.0,nuageux
2023-07-09,Toulouse,22.9,0.4,nuageux
2023-07-09,Lille,21.3,0.6,nuageux
2023-07-09,Strasbourg,20.0,0.5,nuageux
2023-07-09,Nantes,19.2,1.3,nuageux
2023-07-09,Chamonix,15.0,0.0,ensoleillé
2023-07-10,Paris,13.1,0.0,ensoleillé
2023-07-10,Lyon,13.9,1.2,pluie
2023-07-10,Marseille,15.5,1.8,pluie
2023-07-10,Nice,20.2,0.0,ensoleillé
2023-07-10,Bordeaux,23.3,2.2,nuageux
2023-07-10,Toulouse,15.0,1.6,pluie
2023-07-10,Lille,15.7,1.1,ensoleillé
2023-07-10,Strasbourg,13.7,0.0,nuageux
2023-07-10,Nantes,18.1,0.8,ensoleillé
2023-07-10,Chamonix,18.0,0.0,nuageux
2023-07-11,Paris,18.0,1.4,nuageux
2023-07-11,Lyon,19.8,1.3,nuageux
2023-07-11,Marseille,16.6,2.8,ensoleillé
2023-07-11,Nice,14.1,1.7,ensoleillé
2023-07-11,Bordeaux,25.9,1.7,nuageux
2023-07-11,Toulouse,19.0,0.2,ensoleillé
2023-07-11,Lille,25.2,0.0,ensoleillé
2023-07-11,Strasbourg,15.1,0.4,nuageux
2023-07-11,Nantes,26.2,1.6,ensoleillé
2023-07-11,Chamonix,15.2,0.5,nuageux
2023-07-12,Paris,16.9,0.0,pluie
2023-07-12,Lyon,24.9,0.0,nuageux
2023-07-12,Marseille,28.0,2.2,nuageux
2023-07-12,Nice,25.5,0.3,nuageux
2023-07-12,Bordeaux,19.3,0.0,ensoleillé
2023-07-12,Toulouse,17.4,1.7,nuageux
2023-07-12,Lille,26.5,0.0,pluie
2023-07-12,Strasbourg,18.2,0.8,pluie
2023-07-12,Nantes,13.0,1.9,ensoleillé
2023-07-12,Chamonix,16.4,0.7,pluie
2023-07-13,Paris,17.7,0.0,pluie
2023-07-13,Lyon,20.0,0.7,nuageux
2023-07-13,Marseille,18.1,0.0,ensoleillé
2023-07-13,Nice,21.6,3.5,ensoleillé
2023-07-13,Bordeaux,20.7,2.5,ensoleillé
2023-07-13,Toulouse,13.0,1.2,neige
2023-07-13,Lille,14.5,0.0,orage
2023-07-13,Strasbourg,16.3,2.8,ensoleillé
2023-07-13,Nantes,24.8,1.4,orage
2023-07-13,Chamonix,12.3,0.7,ensoleillé
2023-07-14,Paris,21.5,1.3,nuageux
2023-07-14,Lyon,10.8,0.0,pluie
2023-07-14,Marseille,19.7,1.8,pluie
2023-07-14,Nice,9.0,0.8,neige
2023-07-14,Bordeaux,20.7,2.3,nuageux
2023-07-14,Toulouse,23.5,1.9,nuageux
2023-07-14,Lille,16.0,0.0,neige
2023-07-14,Strasbourg,18.0,2.5,ensoleillé
2023-07-14,Nantes,27.0,2.1,pluie
2023-07-14,Chamonix,22.1,1.6,orage
2023-07-15,Paris,17.2,0.8,ensoleillé
2023-07-15,Lyon,28.3,0.0,nuageux
2023-07-15,Marseille,28.1,0.5,nuageux
2023-07-15,Nice,26.6,0.0,nuageux
2023-07-15,Bordeaux,22.9,0.0,nuageux
2023-07-15,Toulouse,12.9,1.3,ensoleillé
2023-07-15,Lille,25.0,0.0,ensoleillé
2023-07-15,Strasbourg,12.5,0.9,nuageux
2023-07-15,Nantes,19.6,1.8,nuageux
2023-07-15,Chamonix,24.7,0.9,pluie
2023-07-16,Paris,29.3,1.3,ensoleillé
2023-07-16,Lyon,18.3,0.0,ensoleillé
2023-07-16,Marseille,18.7,0.5,ensoleillé
2023-07-16,Nice,24.8,1.7,ensoleillé
2023-07-16,Bordeaux,14.1,1.3,nuageux
2023-07-16,Toulouse,23.4,3.3,nuageux
2023-07-16,Lille,24.4,2.1,nuageux
2023-07-16,Strasbourg,20.3,1.6,pluie
2023-07-16,Nantes,26.2,0.0,ensoleillé
2023-07-16,Chamonix,18.3,0.0,ensoleillé
2023-07-17,Paris,21.9,2.8,ensoleillé
2023-07-17,Lyon,17.0,0.0,orage
2023-07-17,Marseille,17.9,2.4,pluie
2023-07-17,Nice,22.7,1.6,ensoleillé
2023-07-17,Bordeaux,18.6,0.0,pluie
2023-07-17,Toulouse,22.6,0.0,nuageux
2023-07-17,Lille,30.9,1.9,pluie
2023-07-17,Strasbourg,17.1,0.1,pluie
2023-07-17,Nantes,19.5,0.6,ensoleillé
2023-07-17,Chamonix,25.6,1.3,ensoleillé
2023-07-18,Paris,16.3,3.8,ensoleillé
2023-07-18,Lyon,20.2,2.2,ensoleillé
2023-07-18,Marseille,17.0,1.5,nuageux
2023-07-18,Nice,21.6,0.0,pluie
2023-07-18,Bordeaux,30.1,2.9,ensoleillé
2023-07-18,Toulouse,18.0,0.0,pluie
2023-07-18,Lille,21.7,1.1,nuageux
2023-07-18,Strasbourg,21.8,1.3,ensoleillé
2023-07-18,Nantes,22.5,3.2,ensoleillé
2023-07-18,Chamonix,22.8,0.0,pluie
2023-07-19,Paris,26.8,3.5,ensoleillé
2023-07-19,Lyon,35.8,0.0,nuageux
2023-07-19,Marseille,21.2,0.0,ensoleillé
2023-07-19,Nice,22.8,0.2,pluie
2023-07-19,Bordeaux,29.6,0.0,pluie
2023-07-19,Toulouse,11.6,0.3,ensoleillé
2023-07-19,Lille,10.1,2.1,nuageux
2023-07-19,Strasbourg,9.7,1.0,nuageux
2023-07-19,Nantes,9.6,0.5,ensoleillé
2023-07-19,Chamonix,28.2,1.5,ensoleillé
2023-07-20,Paris,15.7,1.0,ensoleillé
2023-07-20,Lyon,20.1,1.7,nuageux
2023-07-20,Marseille,13.2,1.9,ensoleillé
2023-07-20,Nice,6.5,0.1,ensoleillé
2023-07-20,Bordeaux,17.6,1.9,ensoleillé
2023-07-20,Toulouse,20.1,0.0,orage
2023-07-20,Lille,15.1,1.3,pluie
2023-07-20,Strasbourg,19.6,0.1,orage
2023-07-20,Nantes,17.6,2.0,nuageux
2023-07-20,Chamonix,17.4,0.9,nuageux
2023-07-21,Paris,30.8,0.0,nuageux
2023-07-21,Lyon,10.7,2.2,neige
2023-07-21,Marseille,16.6,0.5,orage
2023-07-21,Nice,16.1,0.6,nuageux
2023-07-21,Bordeaux,28.0,2.2,pluie
2023-07-21,Toulouse,24.3,0.0,ensoleillé
2023-07-21,Lille,14.2,0.0,nuageux
2023-07-21,Strasbourg,16.0,2.4,ensoleillé
2023-07-21,Nantes,22.6,0.7,ensoleillé
2023-07-21,Chamonix,19.9,0.0,pluie
2023-07-22,Paris,21.0,2.1,nuageux
2023-07-22,Lyon,11.9,1.4,pluie
2023-07-22,Marseille,24.7,0.4,ensoleillé
2023-07-22,Nice,23.5,5.2,pluie
2023-07-22,Bordeaux,19.5,1.6,pluie
2023-07-22,Toulouse,16.3,1.3,orage
2023-07-22,Lille,22.3,1.3,nuageux
2023-07-22,Strasbourg,14.9,1.3,neige
2023-07-22,Nantes,27.3,1.7,nuageux
2023-07-22,Chamonix,24.8,0.6,ensoleillé
2023-07-23,Paris,23.7,1.4,ensoleillé
2023-07-23,Lyon,15.2,1.5,ensoleillé
2023-07-23,Marseille,15.0,0.1,nuageux
2023-07-23,Nice,20.9,1.4,orage
2023-07-23,Bordeaux,14.1,2.6,pluie
2023-07-23,Toulouse,22.9,0.0,ensoleillé
2023-07-23,Lille,12.3,0.8,pluie
2023-07-23,Strasbourg,17.8,1.2,ensoleillé
2023-07-23,Nantes,18.2,0.0,ensoleillé
2023-07-23,Chamonix,18.1,0.5,nuageux
2023-07-24,Paris,23.2,0.0,nuageux
2023-07-24,Lyon,28.4,0.0,pluie
2023-07-24,Marseille,26.6,0.7,ensoleillé
2023-07-24,Nice,24.3,1.1,pluie
2023-07-24,Bordeaux,25.7,0.4,pluie
2023-07-24,Toulouse,14.5,3.1,nuageux
2023-07-24,Lille,19.4,1.3,nuageux
2023-07-24,Strasbourg,26.2,0.0,pluie
2023-07-24,Nantes,23.0,0.1,ensoleillé
2023-07-24,Chamonix,19.3,1.1,neige
2023-07-25,Paris,12.5,0.0,ensoleillé
2023-07-25,Lyon,26.8,2.3,orage
2023-07-25,Marseille,19.7,1.4,neige
2023-07-25,Nice,18.5,3.0,ensoleillé
2023-07-25,Bordeaux,19.0,1.3,neige
2023-07-25,Toulouse,25.7,0.0,nuageux
2023-07-25,Lille,27.8,0.0,ensoleillé
2023-07-25,Strasbourg,28.1,0.4,nuageux
2023-07-25,Nantes,18.8,0.0,ensoleillé
2023-07-25,Chamonix,17.7,0.0,orage
2023-07-26,Paris,17.0,0.8,nuageux
2023-07-26,Lyon,24.8,1.3,pluie
2023-07-26,Marseille,21.5,0.0,ensoleillé
2023-07-26,Nice,15.6,3.7,nuageux
2023-07-26,Bordeaux,16.3,3.5,ensoleillé
2023-07-26,Toulouse,18.8,1.0,ensoleillé
2023-07-26,Lille,25.4,2.9,nuageux
2023-07-26,Strasbourg,19.4,0.4,nuageux
2023-07-26,Nantes,19.7,1.5,ensoleillé
2023-07-26,Chamonix,24.5,1.0,neige
2023-07-27,Paris,23.1,3.5,nuageux
2023-07-27,Lyon,21.9,1.5,pluie
2023-07-27,Marseille,12.4,0.0,orage
2023-07-27,Nice,21.9,0.9,ensoleillé
2023-07-27,Bordeaux,17.4,1.4,nuageux
2023-07-27,Toulouse,19.7,2.7,nuageux
2023-07-27,Lille,20.4,0.0,ensoleillé
2023-07-27,Strasbourg,25.0,0.7,ensoleillé
2023-07-27,Nantes,22.6,0.3,ensoleillé
2023-07-27,Chamonix,16.8,1.1,orage
2023-07-28,Paris,20.1,1.7,nuageux
2023-07-28,Lyon,18.7,0.0,nuageux
2023-07-28,Marseille,17.8,2.2,ensoleillé
2023-07-28,Nice,18.5,0.6,ensoleillé
2023-07-28,Bordeaux,24.9,0.0,ensoleillé
2023-07-28,Toulouse,12.3,0.8,pluie
2023-07-28,Lille,17.6,0.0,nuageux
2023-07-28,Strasbourg,19.1,1.7,nuageux
2023-07-28,Nantes,20.0,1.5,nuageux
2023-07-28,Chamonix,29.1,0.5,ensoleillé
2023-07-29,Paris,21.4,0.2,pluie
2023-07-29,Lyon,15.8,0.1,neige
2023-07-29,Marseille,17.6,1.5,nuageux
2023-07-29,Nice,31.7,0.0,nuageux
2023-07-29,Bordeaux,17.9,0.9,ensoleillé
2023-07-29,Toulouse,22.0,1.4,pluie
2023-07-29,Lille,26.4,0.0,ensoleillé
2023-07-29,Strasbourg,8.1,0.3,pluie
2023-07-29,Nantes,25.5,0.0,nuageux
2023-07-29,Chamonix,5.0,1.9,orage
2023-07-30,Paris,21.2,0.0,nuageux
2023-07-30,Lyon,15.1,0.0,nuageux
2023-07-30,Marseille,20.6,0.1,ensoleillé
2023-07-30,Nice,22.5,0.0,ensoleillé
2023-07-30,Bordeaux,15.7,0.0,pluie
2023-07-30,Toulouse,18.7,0.2,orage
2023-07-30,Lille,24.0,0.0,nuageux
2023-07-30,Strasbourg,20.2,1.8,pluie
2023-07-30,Nantes,29.3,0.3,nuageux
2023-07-30,Chamonix,21.6,0.0,pluie
2023-07-31,Paris,8.0,2.3,ensoleillé
2023-07-31,Lyon,20.0,2.8,pluie
2023-07-31,Marseille,13.1,1.8,ensoleillé
2023-07-31,Nice,29.3,1.6,nuageux
2023-07-31,Bordeaux,21.4,1.0,ensoleillé
2023-07-31,Toulouse,12.1,3.0,nuageux
2023-07-31,Lille,16.9,1.8,nuageux
2023-07-31,Strasbourg,12.2,0.0,nuageux
2023-07-31,Nantes,27.2,0.5,nuageux
2023-07-31,Chamonix,27.3,0.9,nuageux
2023-08-01,Paris,10.8,2.3,ensoleillé
2023-08-01,Lyon,17.1,2.0,nuageux
2023-08-01,Marseille,20.1,0.0,ensoleillé
2023-08-01,Nice,20.8,4.3,nuageux
2023-08-01,Bordeaux,22.5,0.9,ensoleillé
2023-08-01,Toulouse,25.4,1.3,neige
2023-08-01,Lille,21.0,0.0,ensoleillé
2023-08-01,Strasbourg,21.2,2.6,pluie
2023-08-01,Nantes,15.8,3.1,nuageux
2023-08-01,Chamonix,19.5,0.0,pluie
2023-08-02,Paris,25.0,0.6,orage
2023-08-02,Lyon,23.8,0.6,ensoleillé
2023-08-02,Marseille,19.7,1.7,ensoleillé
2023-08-02,Nice,21.5,0.0,ensoleillé
2023-08-02,Bordeaux,14.4,2.4,ensoleillé
2023-08-02,Toulouse,19.3,0.2,nuageux
2023-08-02,Lille,13.2,0.0,pluie
2023-08-02,Strasbourg,9.9,0.8,ensoleillé
2023-08-02,Nantes,17.0,0.0,ensoleillé
2023-08-02,Chamonix,19.7,1.5,ensoleillé
2023-08-03,Paris,30.5,0.0,nuageux
2023-08-03,Lyon,25.8,2.5,nuageux
2023-08-03,Marseille,16.1,1.3,neige
2023-08-03,Nice,17.7,1.3,ensoleillé
2023-08-03,Bordeaux,27.5,1.9,nuageux
2023-08-03,Toulouse,22.5,0.4,pluie
2023-08-03,Lille,12.6,0.7,nuageux
2023-08-03,Strasbourg,26.0,0.0,pluie
2023-08-03,Nantes,14.7,1.2,pluie
2023-08-03,Chamonix,15.1,0.0,ensoleillé
2023-08-04,Paris,17.9,0.0,ensoleillé
2023-08-04,Lyon,15.1,2.1,nuageux
2023-08-04,Marseille,13.5,0.0,ensoleillé
2023-08-04,Nice,16.8,2.1,ensoleillé
2023-08-04,Bordeaux,19.0,0.3,ensoleillé
2023-08-04,Toulouse,20.2,0.0,nuageux
2023-08-04,Lille,22.5,1.6,nuageux
2023-08-04,Strasbourg,18.0,2.5,pluie
2023-08-04,Nantes,14.4,2.7,nuageux
2023-08-04,Chamonix,20.8,0.5,pluie
2023-08-05,Paris,19.9,0.8,ensoleillé
2023-08-05,Lyon,26.1,0.0,nuageux
2023-08-05,Marseille,16.2,2.6,ensoleillé
2023-08-05,Nice,17.0,2.4,ensoleillé
2023-08-05,Bordeaux,28.5,0.4,pluie
2023-08-05,Toulouse,23.4,0.0,pluie
2023-08-05,Lille,23.8,1.3,nuageux
2023-08-05,Strasbourg,22.4,0.0,ensoleillé
2023-08-05,Nantes,11.7,1.8,ensoleillé
2023-08-05,Chamonix,9.7,0.5,orage
2023-08-06,Paris,24.7,1.3,pluie
2023-08-06,Lyon,29.7,2.5,nuageux
2023-08-06,Marseille,16.7,1.0,ensoleillé
2023-08-06,Nice,19.8,0.0,orage
2023-08-06,Bordeaux,15.3,0.2,ensoleillé
2023-08-06,Toulouse,9.8,1.1,neige
2023-08-06,Lille,18.8,0.0,nuageux
2023-08-06,Strasbourg,22.0,2.1,pluie
2023-08-06,Nantes,21.1,0.5,pluie
2023-08-06,Chamonix,23.0,2.0,ensoleillé
2023-08-07,Paris,21.5,0.0,ensoleillé
2023-08-07,Lyon,21.4,2.8,ensoleillé
2023-08-07,Marseille,17.0,4.1,ensoleillé
2023-08-07,Nice,17.4,1.0,pluie
2023-08-07,Bordeaux,16.6,1.3,ensoleillé
2023-08-07,Toulouse,11.3,0.2,pluie
2023-08-07,Lille,14.5,1.2,ensoleillé
2023-08-07,Strasbourg,25.0,2.0,pluie
2023-08-07,Nantes,8.1,4.1,ensoleillé
2023-08-07,Chamonix,21.5,0.0,neige
2023-08-08,Paris,20.8,1.3,pluie
2023-08-08,Lyon,16.7,1.3,nuageux
2023-08-08,Marseille,17.0,0.4,neige
2023-08-08,Nice,16.6,0.0,ensoleillé
2023-08-08,Bordeaux,20.7,1.9,nuageux
2023-08-08,Toulouse,22.6,2.2,pluie
2023-08-08,Lille,21.6,0.2,ensoleillé
2023-08-08,Strasbourg,24.2,0.0,pluie
2023-08-08,Nantes,15.5,0.0,neige
2023-08-08,Chamonix,25.4,2.4,ensoleillé
2023-08-09,Paris,22.4,2.6,pluie
2023-08-09,Lyon,15.6,1.5,ensoleillé
2023-08-09,Marseille,19.4,2.3,ensoleillé
2023-08-09,Nice,19.4,0.4,neige
2023-08-09,Bordeaux,22.7,2.3,nuageux
2023-08-09,Toulouse,16.7,0.9,ensoleillé
2023-08-09,Lille,14.7,0.0,orage
2023-08-09,Strasbourg,21.0,1.9,nuageux
2023-08-09,Nantes,21.3,0.0,nuageux
2023-08-09,Chamonix,18.2,0.0,nuageux
2023-08-10,Paris,26.8,0.0,ensoleillé
2023-08-10,Lyon,26.3,2.4,nuageux
2023-08-10,Marseille,15.5,0.0,pluie
2023-08-10,Nice,21.8,0.0,pluie
2023-08-10,Bordeaux,20.5,0.3,ensoleillé
2023-08-10,Toulouse,11.1,0.0,ensoleillé
2023-08-10,Lille,21.1,0.2,pluie
2023-08-10,Strasbourg,17.2,2.0,nuageux
2023-08-10,Nantes,25.9,0.6,pluie
2023-08-10,Chamonix,18.3,1.8,ensoleillé
2023-08-11,Paris,13.2,1.3,ensoleillé
2023-08-11,Lyon,22.8,2.0,ensoleillé
2023-08-11,Marseille,10.3,0.0,ensoleillé
2023-08-11,Nice,15.6,1.1,ensoleillé
2023-08-11,Bordeaux,22.4,3.2,ensoleillé
2023-08-11,Toulouse,17.5,0.3,ensoleillé
2023-08-11,Lille,25.7,1.4,ensoleillé
2023-08-11,Strasbourg,26.3,1.4,nuageux
2023-08-11,Nantes,14.2,0.0,nuageux
2023-08-11,Chamonix,12.2,2.0,nuageux
2023-08-12,Paris,25.9,3.8,ensoleillé
2023-08-12,Lyon,24.2,2.7,ensoleillé
2023-08-12,Marseille,17.1,0.0,ensoleillé
2023-08-12,Nice,24.3,1.6,nuageux
2023-08-12,Bordeaux,20.5,1.6,ensoleillé
2023-08-12,Toulouse,21.6,2.9,ensoleillé
2023-08-12,Lille,26.5,1.8,ensoleillé
2023-08-12,Strasbourg,24.2,1.8,ensoleillé
2023-08-12,Nantes,17.7,2.1,ensoleillé
2023-08-12,Chamonix,13.0,2.6,orage
2023-08-13,Paris,14.0,1.4,orage
2023-08-13,Lyon,15.8,1.8,neige
2023-08-13,Marseille,19.8,0.0,nuageux
2023-08-13,Nice,22.1,0.1,ensoleillé
2023-08-13,Bordeaux,24.4,1.0,ensoleillé
2023-08-13,Toulouse,22.0,0.0,ensoleillé
2023-08-13,Lille,17.1,0.3,ensoleillé
2023-08-13,Strasbourg,24.3,3.5,nuageux
2023-08-13,Nantes,16.0,2.6,ensoleillé
2023-08-13,Chamonix,9.2,0.0,nuageux
2023-08-14,Paris,15.2,0.0,nuageux
2023-08-14,Lyon,12.1,1.6,nuageux
2023-08-14,Marseille,18.9,1.6,ensoleillé
2023-08-14,Nice,23.5,1.4,ensoleillé
2023-08-14,Bordeaux,23.3,0.9,ensoleillé
2023-08-14,Toulouse,14.1,2.6,nuageux
2023-08-14,Lille,17.1,0.0,nuageux
2023-08-14,Strasbourg,19.1,0.0,ensoleillé
2023-08-14,Nantes,17.9,1.5,ensoleillé
2023-08-14,Chamonix,21.7,0.0,ensoleillé
2023-08-15,Paris,17.6,2.6,orage
2023-08-15,Lyon,22.5,4.1,ensoleillé
2023-08-15,Marseille,25.9,2.7,nuageux
2023-08-15,Nice,13.1,2.1,pluie
2023-08-15,Bordeaux,19.7,0.2,ensoleillé
2023-08-15,Toulouse,20.8,2.4,ensoleillé
2023-08-15,Lille,22.5,0.0,pluie
2023-08-15,Strasbourg,23.7,0.0,pluie
2023-08-15,Nantes,21.1,0.5,neige
2023-08-15,Chamonix,18.9,2.1,ensoleillé
2023-08-16,Paris,14.8,3.9,ensoleillé
2023-08-16,Lyon,10.9,0.1,orage
2023-08-16,Marseille,21.9,1.9,ensoleillé
2023-08-16,Nice,19.5,0.9,ensoleillé
2023-08-16,Bordeaux,22.1,0.7,neige
2023-08-16,Toulouse,27.0,2.3,neige
2023-08-16,Lille,24.4,0.0,ensoleillé
2023-08-16,Strasbourg,19.6,0.5,nuageux
2023-08-16,Nantes,15.0,1.5,nuageux
2023-08-16,Chamonix,17.3,2.0,nuageux
2023-08-17,Paris,14.6,3.6,ensoleillé
2023-08-17,Lyon,15.5,1.3,ensoleillé
2023-08-17,Marseille,24.0,0.1,pluie
2023-08-17,Nice,24.3,0.0,ensoleillé
2023-08-17,Bordeaux,27.3,1.0,ensoleillé
2023-08-17,Toulouse,17.0,0.6,nuageux
2023-08-17,Lille,24.0,0.1,nuageux
2023-08-17,Strasbourg,16.3,0.7,nuageux
2023-08-17,Nantes,14.1,3.7,nuageux
2023-08-17,Chamonix,17.2,2.2,nuageux
2023-08-18,Paris,21.0,0.0,neige
2023-08-18,Lyon,20.0,2.2,nuageux
2023-08-18,Marseille,19.1,2.8,pluie
2023-08-18,Nice,25.1,2.4,nuageux
2023-08-18,Bordeaux,17.7,0.0,ensoleillé
2023-08-18,Toulouse,16.9,1.3,nuageux
2023-08-18,Lille,22.7,0.0,pluie
2023-08-18,Strasbourg,20.0,1.2,pluie
2023-08-18,Nantes,18.6,2.9,nuageux
2023-08-18,Chamonix,22.1,3.0,nuageux
2023-08-19,Paris,18.9,2.4,nuageux
2023-08-19,Lyon,28.2,3.0,ensoleillé
2023-08-19,Marseille,14.5,0.6,nuageux
2023-08-19,Nice,18.3,1.7,pluie
2023-08-19,Bordeaux,23.4,0.0,pluie
2023-08-19,Toulouse,20.3,0.0,ensoleillé
2023-08-19,Lille,27.2,0.2,neige
2023-08-19,Strasbourg,20.3,0.5,nuageux
2023-08-19,Nantes,25.7,0.0,nuageux
2023-08-19,Chamonix,19.9,0.8,nuageux
2023-08-20,Paris,17.7,3.6,orage
2023-08-20,Lyon,15.6,2.2,nuageux
2023-08-20,Marseille,21.8,2.9,nuageux
2023-08-20,Nice,16.7,0.0,pluie
2023-08-20,Bordeaux,25.5,1.6,ensoleillé
2023-08-20,Toulouse,12.3,0.2,pluie
2023-08-20,Lille,21.9,2.3,nuageux
2023-08-20,Strasbourg,16.6,0.0,nuageux
2023-08-20,Nantes,22.6,0.0,ensoleillé
2023-08-20,Chamonix,9.9,0.0,pluie
2023-08-21,Paris,24.1,1.2,nuageux
2023-08-21,Lyon,18.9,3.1,ensoleillé
2023-08-21,Marseille,23.2,3.4,nuageux
2023-08-21,Nice,13.0,0.9,ensoleillé
2023-08-21,Bordeaux,11.9,0.7,neige
2023-08-21,Toulouse,18.8,1.9,nuageux
2023-08-21,Lille,20.2,1.9,ensoleillé
2023-08-21,Strasbourg,23.5,4.2,pluie
2023-08-21,Nantes,18.4,0.0,neige
2023-08-21,Chamonix,21.2,0.0,nuageux
2023-08-22,Paris,27.4,0.6,ensoleillé
2023-08-22,Lyon,17.2,0.3,ensoleillé
2023-08-22,Marseille,23.6,0.8,nuageux
2023-08-22,Nice,16.8,3.5,nuageux
2023-08-22,Bordeaux,15.7,1.1,nuageux
2023-08-22,Toulouse,23.3,0.0,nuageux
2023-08-22,Lille,22.4,0.0,nuageux
2023-08-22,Strasbourg,24.1,0.0,ensoleillé
2023-08-22,Nantes,23.5,2.7,pluie
2023-08-22,Chamonix,24.3,1.4,nuageux
2023-08-23,Paris,18.8,0.1,nuageux
2023-08-23,Lyon,27.4,0.0,ensoleillé
2023-08-23,Marseille,14.8,2.0,ensoleillé
2023-08-23,Nice,16.0,0.0,ensoleillé
2023-08-23,Bordeaux,12.8,0.3,nuageux
2023-08-23,Toulouse,19.6,1.4,neige
2023-08-23,Lille,24.8,1.8,ensoleillé
2023-08-23,Strasbourg,19.0,0.7,orage
2023-08-23,Nantes,22.6,2.9,ensoleillé
2023-08-23,Chamonix,20.6,0.3,ensoleillé
2023-08-24,Paris,15.0,0.0,nuageux
2023-08-24,Lyon,23.3,1.9,ensoleillé
2023-08-24,Marseille,22.9,0.8,nuageux
2023-08-24,Nice,27.0,0.3,nuageux
2023-08-24,Bordeaux,24.8,0.9,nuageux
2023-08-24,Toulouse,17.0,1.9,nuageux
2023-08-24,Lille,22.0,1.5,ensoleillé
2023-08-24,Strasbourg,20.4,0.9,ensoleillé
2023-08-24,Nantes,31.9,2.8,pluie
2023-08-24,Chamonix,23.6,1.2,ensoleillé
2023-08-25,Paris,25.0,1.8,pluie
2023-08-25,Lyon,20.1,0.5,nuageux
2023-08-25,Marseille,19.6,0.0,nuageux
2023-08-25,Nice,21.1,0.3,ensoleillé
2023-08-25,Bordeaux,28.0,1.0,neige
2023-08-25,Toulouse,14.1,0.9,ensoleillé
2023-08-25,Lille,14.8,1.7,ensoleillé
2023-08-25,Strasbourg,21.5,2.4,ensoleillé
2023-08-25,Nantes,16.0,1.1,nuageux
2023-08-25,Chamonix,13.2,2.1,neige
2023-08-26,Paris,22.6,1.7,ensoleillé
2023-08-26,Lyon,20.0,1.6,nuageux
2023-08-26,Marseille,28.0,0.6,ensoleillé
2023-08-26,Nice,20.7,0.0,nuageux
2023-08-26,Bordeaux,15.7,1.1,nuageux
2023-08-26,Toulouse,25.5,0.6,ensoleillé
2023-08-26,Lille,18.8,0.4,nuageux
2023-08-26,Strasbourg,17.3,1.4,ensoleillé
2023-08-26,Nantes,12.5,2.9,nuageux
2023-08-26,Chamonix,16.7,2.1,ensoleillé
2023-08-27,Paris,13.7,2.0,pluie
2023-08-27,Lyon,23.4,1.6,ensoleillé
2023-08-27,Marseille,15.0,1.4,pluie
2023-08-27,Nice,14.1,0.6,pluie
2023-08-27,Bordeaux,25.1,2.2,ensoleillé
2023-08-27,Toulouse,20.1,0.0,ensoleillé
2023-08-27,Lille,23.2,1.0,pluie
2023-08-27,Strasbourg,8.4,2.2,ensoleillé
2023-08-27,Nantes,19.9,2.8,ensoleillé
2023-08-27,Chamonix,14.5,0.0,nuageux
2023-08-28,Paris,21.4,1.4,ensoleillé
2023-08-28,Lyon,11.5,0.0,pluie
2023-08-28,Marseille,33.8,0.5,nuageux
2023-08-28,Nice,23.7,0.0,nuageux
2023-08-28,Bordeaux,9.5,0.7,nuageux
2023-08-28,Toulouse,18.7,0.4,nuageux
2023-08-28,Lille,19.4,1.4,nuageux
2023-08-28,Strasbourg,19.2,0.0,ensoleillé
2023-08-28,Nantes,22.4,0.0,pluie
2023-08-28,Chamonix,9.7,2.1,nuageux
2023-08-29,Paris,22.5,0.9,pluie
2023-08-29,Lyon,13.0,0.0,pluie
2023-08-29,Marseille,18.7,0.0,ensoleillé
2023-08-29,Nice,16.3,2.0,nuageux
2023-08-29,Bordeaux,27.1,0.4,ensoleillé
2023-08-29,Toulouse,23.8,0.0,ensoleillé
2023-08-29,Lille,23.3,0.0,ensoleillé
2023-08-29,Strasbourg,21.5,0.6,ensoleillé
2023-08-29,Nantes,26.6,0.0,ensoleillé
2023-08-29,Chamonix,23.1,0.6,nuageux
2023-08-30,Paris,19.2,0.7,nuageux
2023-08-30,Lyon,15.8,1.0,nuageux
2023-08-30,Marseille,19.7,1.4,ensoleillé
2023-08-30,Nice,20.4,2.2,ensoleillé
2023-08-30,Bordeaux,24.6,0.0,ensoleillé
2023-08-30,Toulouse,24.3,0.0,nuageux
2023-08-30,Lille,22.9,1.9,nuageux
2023-08-30,Strasbourg,10.4,1.1,nuageux
2023-08-30,Nantes,17.7,0.0,neige
2023-08-30,Chamonix,26.8,0.0,nuageux
2023-08-31,Paris,16.0,1.1,nuageux
2023-08-31,Lyon,23.4,0.8,ensoleillé
2023-08-31,Marseille,25.8,1.8,ensoleillé
2023-08-31,Nice,9.1,0.2,nuageux
2023-08-31,Bordeaux,17.2,1.7,ensoleillé
2023-08-31,Toulouse,6.9,4.8,ensoleillé
2023-08-31,Lille,22.7,1.2,ensoleillé
2023-08-31,Strasbourg,25.9,4.5,ensoleillé
2023-08-31,Nantes,24.4,2.4,pluie
2023-08-31,Chamonix,20.7,0.8,neige
2023-09-01,Paris,17.6,0.0,nuageux
2023-09-01,Lyon,16.6,0.0,nuageux
2023-09-01,Marseille,19.6,0.0,nuageux
2023-09-01,Nice,21.0,0.9,nuageux
2023-09-01,Bordeaux,20.7,0.2,pluie
2023-09-01,Toulouse,35.4,3.0,nuageux
2023-09-01,Lille,13.8,1.3,ensoleillé
2023-09-01,Strasbourg,17.0,0.0,ensoleillé
2023-09-01,Nantes,13.3,1.6,pluie
2023-09-01,Chamonix,16.6,2.5,ensoleillé
2023-09-02,Paris,25.0,3.1,ensoleillé
2023-09-02,Lyon,15.7,1.7,nuageux
2023-09-02,Marseille,23.2,0.3,ensoleillé
2023-09-02,Nice,16.1,3.4,nuageux
2023-09-02,Bordeaux,21.1,2.0,pluie
2023-09-02,Toulouse,15.9,0.0,pluie
2023-09-02,Lille,17.2,0.8,nuageux
2023-09-02,Strasbourg,14.7,1.0,ensoleillé
2023-09-02,Nantes,11.6,0.0,ensoleillé
2023-09-02,Chamonix,23.4,1.9,pluie
2023-09-03,Paris,18.0,0.0,pluie
2023-09-03,Lyon,14.9,0.4,ensoleillé
2023-09-03,Marseille,23.2,2.4,pluie
2023-09-03,Nice,17.5,0.0,ensoleillé
2023-09-03,Bordeaux,21.3,0.0,pluie
2023-09-03,Toulouse,17.4,3.0,nuageux
2023-09-03,Lille,24.1,1.2,neige
2023-09-03,Strasbourg,13.6,1.3,ensoleillé
2023-09-03,Nantes,25.3,0.4,pluie
2023-09-03,Chamonix,26.8,2.9,pluie
2023-09-04,Paris,28.3,1.5,ensoleillé
2023-09-04,Lyon,22.9,3.1,neige
2023-09-04,Marseille,22.2,0.2,nuageux
2023-09-04,Nice,17.8,1.4,ensoleillé
2023-09-04,Bordeaux,13.5,0.8,pluie
2023-09-04,Toulouse,25.5,0.0,nuageux
2023-09-04,Lille,27.7,2.7,neige
2023-09-04,Strasbourg,17.7,1.8,pluie
2023-09-04,Nantes,20.0,2.8,ensoleillé
2023-09-04,Chamonix,24.9,0.0,pluie
2023-09-05,Paris,22.9,0.7,nuageux
2023-09-05,Lyon,20.4,0.0,ensoleillé
2023-09-05,Marseille,28.7,2.6,pluie
2023-09-05,Nice,16.3,0.0,nuageux
2023-09-05,Bordeaux,18.1,1.7,ensoleillé
2023-09-05,Toulouse,21.2,2.9,ensoleillé
2023-09-05,Lille,23.9,2.5,ensoleillé
2023-09-05,Strasbourg,21.6,0.0,ensoleillé
2023-09-05,Nantes,19.0,2.6,ensoleillé
2023-09-05,Chamonix,19.7,1.8,ensoleillé
2023-09-06,Paris,18.4,0.0,ensoleillé
2023-09-06,Lyon,19.4,1.5,nuageux
2023-09-06,Marseille,16.7,0.6,ensoleillé
2023-09-06,Nice,15.3,2.7,pluie
2023-09-06,Bordeaux,18.5,3.2,ensoleillé
2023-09-06,Toulouse,27.6,0.9,ensoleillé
2023-09-06,Lille,15.0,0.0,pluie
2023-09-06,Strasbourg,12.6,0.0,neige
2023-09-06,Nantes,26.9,1.2,nuageux
2023-09-06,Chamonix,21.9,0.0,ensoleillé
2023-09-07,Paris,14.0,2.3,neige
2023-09-07,Lyon,21.4,0.8,pluie
2023-09-07,Marseille,22.8,3.5,orage
2023-09-07,Nice,18.9,1.1,neige
2023-09-07,Bordeaux,21.0,4.6,pluie
2023-09-07,Toulouse,9.5,2.0,ensoleillé
2023-09-07,Lille,19.4,1.9,pluie
2023-09-07,Strasbourg,16.7,0.9,ensoleillé
2023-09-07,Nantes,23.6,5.7,pluie
2023-09-07,Chamonix,24.0,0.0,pluie
2023-09-08,Paris,17.9,0.3,pluie
2023-09-08,Lyon,11.0,0.5,nuageux
2023-09-08,Marseille,23.7,0.0,nuageux
2023-09-08,Nice,25.2,1.7,nuageux
2023-09-08,Bordeaux,16.3,0.8,ensoleillé
2023-09-08,Toulouse,28.0,2.1,nuageux
2023-09-08,Lille,20.0,0.6,nuageux
2023-09-08,Strasbourg,20.4,0.2,nuageux
2023-09-08,Nantes,9.5,4.1,pluie
2023-09-08,Chamonix,20.8,1.6,ensoleillé
2023-09-09,Paris,19.7,0.0,nuageux
2023-09-09,Lyon,19.1,0.0,ensoleillé
2023-09-09,Marseille,31.4,0.0,orage
2023-09-09,Nice,14.8,0.3,ensoleillé
2023-09-09,Bordeaux,26.4,1.0,neige
2023-09-09,Toulouse,13.8,2.9,ensoleillé
2023-09-09,Lille,23.7,1.8,ensoleillé
2023-09-09,Strasbourg,23.6,4.6,pluie
2023-09-09,Nantes,30.9,0.0,pluie
2023-09-09,Chamonix,28.1,1.6,pluie
2023-09-10,Paris,22.5,0.0,nuageux
2023-09-10,Lyon,19.1,0.0,nuageux
2023-09-10,Marseille,24.1,2.6,ensoleillé
2023-09-10,Nice,9.6,1.0,ensoleillé
2023-09-10,Bordeaux,25.6,0.7,nuageux
2023-09-10,Toulouse,23.6,1.5,ensoleillé
2023-09-10,Lille,21.7,0.6,nuageux
2023-09-10,Strasbourg,13.9,0.0,ensoleillé
2023-09-10,Nantes,23.5,1.0,ensoleillé
2023-09-10,Chamonix,19.3,0.4,pluie
2023-09-11,Paris,18.5,2.6,ensoleillé
2023-09-11,Lyon,18.3,0.0,nuageux
2023-09-11,Marseille,23.7,0.7,nuageux
2023-09-11,Nice,20.2,3.4,nuageux
2023-09-11,Bordeaux,19.9,1.4,ensoleillé
2023-09-11,Toulouse,14.1,0.7,nuageux
2023-09-11,Lille,23.0,0.0,ensoleillé
2023-09-11,Strasbourg,21.0,1.2,ensoleillé
2023-09-11,Nantes,20.2,2.6,pluie
2023-09-11,Chamonix,21.7,3.2,nuageux
2023-09-12,Paris,15.0,1.2,ensoleillé
2023-09-12,Lyon,20.4,0.0,pluie
2023-09-12,Marseille,24.8,4.5,nuageux
2023-09-12,Nice,19.9,1.8,ensoleillé
2023-09-12,Bordeaux,20.4,0.0,neige
2023-09-12,Toulouse,10.9,0.0,ensoleillé
2023-09-12,Lille,13.0,3.6,nuageux
2023-09-12,Strasbourg,19.4,0.5,ensoleillé
2023-09-12,Nantes,24.4,0.0,nuageux
2023-09-12,Chamonix,16.2,1.1,ensoleillé
2023-09-13,Paris,25.1,1.8,orage
2023-09-13,Lyon,21.2,1.1,ensoleillé
2023-09-13,Marseille,22.0,1.3,nuageux
2023-09-13,Nice,14.9,1.1,ensoleillé
2023-09-13,Bordeaux,14.6,1.1,ensoleillé
2023-09-13,Toulouse,17.6,4.8,orage
2023-09-13,Lille,19.8,0.0,ensoleillé
2023-09-13,Strasbourg,19.3,1.8,ensoleillé
2023-09-13,Nantes,28.4,0.1,ensoleillé
2023-09-13,Chamonix,12.1,2.2,nuageux
2023-09-14,Paris,13.1,0.3,ensoleillé
2023-09-14,Lyon,18.7,0.9,nuageux
2023-09-14,Marseille,23.4,0.0,pluie
2023-09-14,Nice,18.6,1.0,ensoleillé
2023-09-14,Bordeaux,20.7,1.1,nuageux
2023-09-14,Toulouse,22.2,2.3,ensoleillé
2023-09-14,Lille,22.0,1.7,ensoleillé
2023-09-14,Strasbourg,12.1,1.1,nuageux
2023-09-14,Nantes,22.4,2.1,ensoleillé
2023-09-14,Chamonix,16.5,0.0,nuageux
2023-09-15,Paris,17.1,1.8,pluie
2023-09-15,Lyon,25.2,0.4,neige
2023-09-15,Marseille,24.5,1.2,nuageux
2023-09-15,Nice,19.4,0.7,ensoleillé
2023-09-15,Bordeaux,23.7,1.5,ensoleillé
2023-09-15,Toulouse,31.4,0.0,ensoleillé
2023-09-15,Lille,22.6,0.2,pluie
2023-09-15,Strasbourg,15.7,1.0,ensoleillé
2023-09-15,Nantes,20.7,5.4,ensoleillé
2023-09-15,Chamonix,19.1,0.0,pluie
2023-09-16,Paris,21.4,0.0,ensoleillé
2023-09-16,Lyon,19.5,1.0,pluie
2023-09-16,Marseille,24.0,2.5,pluie
2023-09-16,Nice,17.5,0.8,ensoleillé
2023-09-16,Bordeaux,16.2,0.0,neige
2023-09-16,Toulouse,21.5,0.0,ensoleillé
2023-09-16,Lille,17.9,0.0,nuageux
2023-09-16,Strasbourg,22.7,3.7,ensoleillé
2023-09-16,Nantes,13.5,0.0,nuageux
2023-09-16,Chamonix,19.4,1.0,nuageux
2023-09-17,Paris,21.1,0.3,pluie
2023-09-17,Lyon,19.0,1.6,nuageux
2023-09-17,Marseille,25.2,0.0,ensoleillé
2023-09-17,Nice,18.2,1.3,nuageux
2023-09-17,Bordeaux,15.4,3.6,nuageux
2023-09-17,Toulouse,16.8,0.9,pluie
2023-09-17,Lille,22.8,0.1,ensoleillé
2023-09-17,Strasbourg,10.8,0.4,ensoleillé
2023-09-17,Nantes,25.1,0.5,pluie
2023-09-17,Chamonix,15.8,2.4,nuageux
2023-09-18,Paris,18.3,0.2,ensoleillé
2023-09-18,Lyon,20.7,2.2,neige
2023-09-18,Marseille,31.9,2.2,ensoleillé
2023-09-18,Nice,25.8,0.2,ensoleillé
2023-09-18,Bordeaux,14.9,1.1,ensoleillé
2023-09-18,Toulouse,20.5,0.0,ensoleillé
2023-09-18,Lille,19.1,1.6,nuageux
2023-09-18,Strasbourg,21.8,1.8,nuageux
2023-09-18,Nantes,21.5,0.2,nuageux
2023-09-18,Chamonix,17.4,0.0,pluie
2023-09-19,Paris,28.9,1.0,nuageux
2023-09-19,Lyon,18.9,0.0,pluie
2023-09-19,Marseille,34.7,0.0,nuageux
2023-09-19,Nice,17.9,1.6,ensoleillé
2023-09-19,Bordeaux,23.0,2.4,nuageux
2023-09-19,Toulouse,29.0,1.8,nuageux
2023-09-19,Lille,14.7,0.6,pluie
2023-09-19,Strasbourg,21.5,4.1,ensoleillé
2023-09-19,Nantes,13.0,2.8,ensoleillé
2023-09-19,Chamonix,20.9,2.3,pluie
2023-09-20,Paris,19.5,0.0,neige
2023-09-20,Lyon,23.8,2.0,nuageux
2023-09-20,Marseille,24.9,1.0,ensoleillé
2023-09-20,Nice,17.0,0.0,nuageux
2023-09-20,Bordeaux,24.1,1.6,nuageux
2023-09-20,Toulouse,15.2,0.2,nuageux
2023-09-20,Lille,17.7,0.0,neige
2023-09-20,Strasbourg,15.9,0.0,neige
2023-09-20,Nantes,17.9,0.0,orage
2023-09-20,Chamonix,11.9,4.0,ensoleillé
2023-09-21,Paris,26.3,0.0,pluie
2023-09-21,Lyon,21.4,1.6,nuageux
2023-09-21,Marseille,26.0,0.0,ensoleillé
2023-09-21,Nice,25.5,0.2,nuageux
2023-09-21,Bordeaux,13.3,2.1,pluie
2023-09-21,Toulouse,26.5,4.9,neige
2023-09-21,Lille,14.0,2.0,pluie
2023-09-21,Strasbourg,18.0,2.2,ensoleillé
2023-09-21,Nantes,12.6,0.0,ensoleillé
2023-09-21,Chamonix,16.1,1.1,ensoleillé
2023-09-22,Paris,16.8,2.0,ensoleillé
2023-09-22,Lyon,25.1,1.9,ensoleillé
2023-09-22,Marseille,28.1,1.6,pluie
2023-09-22,Nice,13.9,3.0,nuageux
2023-09-22,Bordeaux,17.0,2.4,nuageux
2023-09-22,Toulouse,27.9,1.7,nuageux
2023-09-22,Lille,12.5,0.0,nuageux
2023-09-22,Strasbourg,26.6,0.7,pluie
2023-09-22,Nantes,20.4,2.1,ensoleillé
2023-09-22,Chamonix,23.5,1.4,nuageux
2023-09-23,Paris,19.0,0.5,nuageux
2023-09-23,Lyon,24.3,1.8,ensoleillé
2023-09-23,Marseille,18.7,2.6,ensoleillé
2023-09-23,Nice,19.4,0.0,nuageux
2023-09-23,Bordeaux,16.2,0.0,ensoleillé
2023-09-23,Toulouse,18.6,2.9,pluie
2023-09-23,Lille,16.0,1.3,nuageux
2023-09-23,Strasbourg,16.7,0.6,ensoleillé
2023-09-23,Nantes,12.4,0.7,nuageux
2023-09-23,Chamonix,19.0,1.8,pluie
2023-09-24,Paris,21.1,0.0,nuageux
2023-09-24,Lyon,25.4,1.3,ensoleillé
2023-09-24,Marseille,21.0,1.0,nuageux
2023-09-24,Nice,17.4,1.3,pluie
2023-09-24,Bordeaux,22.4,0.0,pluie
2023-09-24,Toulouse,17.3,0.6,ensoleillé
2023-09-24,Lille,21.3,2.8,ensoleillé
2023-09-24,Strasbourg,16.1,0.3,nuageux
2023-09-24,Nantes,17.4,0.0,nuageux
2023-09-24,Chamonix,18.3,2.2,nuageux
2023-09-25,Paris,14.7,1.6,ensoleillé
2023-09-25,Lyon,11.5,0.2,pluie
2023-09-25,Marseille,18.4,3.5,pluie
2023-09-25,Nice,18.6,0.0,ensoleillé
2023-09-25,Bordeaux,10.0,1.1,pluie
2023-09-25,Toulouse,23.1,1.6,pluie
2023-09-25,Lille,20.8,2.7,ensoleillé
2023-09-25,Strasbourg,17.3,2.3,neige
2023-09-25,Nantes,11.8,0.0,nuageux
2023-09-25,Chamonix,11.0,0.6,pluie
2023-09-26,Paris,19.8,1.2,pluie
2023-09-26,Lyon,20.3,0.0,ensoleillé
2023-09-26,Marseille,19.0,0.0,ensoleillé
2023-09-26,Nice,26.8,0.5,pluie
2023-09-26,Bordeaux,17.6,3.4,ensoleillé
2023-09-26,Toulouse,13.8,0.0,pluie
2023-09-26,Lille,14.5,0.9,pluie
2023-09-26,Strasbourg,22.2,2.1,ensoleillé
2023-09-26,Nantes,32.9,0.0,pluie
2023-09-26,Chamonix,23.0,0.2,ensoleillé
2023-09-27,Paris,17.1,0.1,ensoleillé
2023-09-27,Lyon,15.5,3.5,pluie
2023-09-27,Marseille,24.2,1.0,nuageux
2023-09-27,Nice,26.8,0.0,ensoleillé
2023-09-27,Bordeaux,13.3,0.0,nuageux
2023-09-27,Toulouse,16.5,1.2,ensoleillé
2023-09-27,Lille,20.5,1.2,nuageux
2023-09-27,Strasbourg,12.9,2.2,nuageux
2023-09-27,Nantes,21.2,2.1,ensoleillé
2023-09-27,Chamonix,10.5,1.5,ensoleillé
2023-09-28,Paris,14.1,0.4,ensoleillé
2023-09-28,Lyon,22.7,1.1,nuageux
2023-09-28,Marseille,15.7,1.0,pluie
2023-09-28,Nice,12.3,2.7,ensoleillé
2023-09-28,Bordeaux,19.0,2.7,nuageux
2023-09-28,Toulouse,17.4,0.2,ensoleillé
2023-09-28,Lille,16.2,2.3,pluie
2023-09-28,Strasbourg,16.5,2.0,ensoleillé
2023-09-28,Nantes,18.1,0.0,nuageux
2023-09-28,Chamonix,17.1,0.0,ensoleillé
2023-09-29,Paris,20.2,0.0,ensoleillé
2023-09-29,Lyon,24.6,0.9,orage
2023-09-29,Marseille,19.1,2.0,pluie
2023-09-29,Nice,24.8,1.0,nuageux
2023-09-29,Bordeaux,16.1,0.0,orage
2023-09-29,Toulouse,16.6,0.1,pluie
2023-09-29,Lille,20.5,0.5,nuageux
2023-09-29,Strasbourg,23.4,0.1,ensoleillé
2023-09-29,Nantes,19.7,2.8,nuageux
2023-09-29,Chamonix,21.7,0.9,pluie
2023-09-30,Paris,17.0,0.1,ensoleillé
2023-09-30,Lyon,15.7,0.2,ensoleillé
2023-09-30,Marseille,23.8,0.7,ensoleillé
2023-09-30,Nice,13.3,3.7,nuageux
2023-09-30,Bordeaux,21.6,0.0,orage
2023-09-30,Toulouse,17.8,1.2,ensoleillé
2023-09-30,Lille,28.5,0.0,pluie
2023-09-30,Strasbourg,24.9,3.1,neige
2023-09-30,Nantes,16.9,0.6,neige
2023-09-30,Chamonix,14.8,0.7,ensoleillé
2023-10-01,Paris,19.8,2.0,nuageux
2023-10-01,Lyon,25.5,0.0,ensoleillé
2023-10-01,Marseille,10.2,1.0,pluie
2023-10-01,Nice,21.5,1.4,ensoleillé
2023-10-01,Bordeaux,18.4,1.2,nuageux
2023-10-01,Toulouse,27.6,1.6,ensoleillé
2023-10-01,Lille,18.1,0.2,ensoleillé
2023-10-01,Strasbourg,19.2,3.5,nuageux
2023-10-01,Nantes,19.1,1.0,ensoleillé
2023-10-01,Chamonix,17.6,2.6,nuageux
2023-10-02,Paris,29.8,1.7,nuageux
2023-10-02,Lyon,20.4,1.1,nuageux
2023-10-02,Marseille,8.1,2.1,nuageux
2023-10-02,Nice,20.7,1.6,pluie
2023-10-02,Bordeaux,16.4,0.4,ensoleillé
2023-10-02,Toulouse,17.9,2.5,orage
2023-10-02,Lille,18.1,4.1,pluie
2023-10-02,Strasbourg,22.2,0.0,ensoleillé
2023-10-02,Nantes,19.4,0.0,ensoleillé
2023-10-02,Chamonix,9.0,3.4,nuageux
2023-10-03,Paris,23.5,1.8,ensoleillé
2023-10-03,Lyon,20.8,0.0,ensoleillé
2023-10-03,Marseille,17.6,2.3,pluie
2023-10-03,Nice,14.7,0.0,pluie
2023-10-03,Bordeaux,18.9,0.8,neige
2023-10-03,Toulouse,20.7,2.1,ensoleillé
2023-10-03,Lille,23.2,1.4,nuageux
2023-10-03,Strasbourg,26.0,0.0,pluie
2023-10-03,Nantes,22.5,1.9,pluie
2023-10-03,Chamonix,13.8,0.0,ensoleillé
2023-10-04,Paris,16.3,0.0,nuageux
2023-10-04,Lyon,23.8,0.1,ensoleillé
2023-10-04,Marseille,15.7,0.1,nuageux
2023-10-04,Nice,25.6,1.0,ensoleillé
2023-10-04,Bordeaux,19.1,0.8,neige
2023-10-04,Toulouse,26.5,0.0,pluie
2023-10-04,Lille,26.6,1.3,ensoleillé
2023-10-04,Strasbourg,19.2,4.8,orage
2023-10-04,Nantes,14.7,0.5,pluie
2023-10-04,Chamonix,13.8,2.4,nuageux
2023-10-05,Paris,28.4,3.5,pluie
2023-10-05,Lyon,26.1,0.7,ensoleillé
2023-10-05,Marseille,18.2,0.0,neige
2023-10-05,Nice,30.2,1.7,ensoleillé
2023-10-05,Bordeaux,17.5,3.0,ensoleillé
2023-10-05,Toulouse,15.1,1.6,ensoleillé
2023-10-05,Lille,19.1,2.0,pluie
2023-10-05,Strasbourg,19.7,0.0,ensoleillé
2023-10-05,Nantes,20.4,2.6,nuageux
2023-10-05,Chamonix,19.9,2.2,nuageux
2023-10-06,Paris,14.8,1.0,neige
2023-10-06,Lyon,16.9,2.1,ensoleillé
2023-10-06,Marseille,20.2,2.0,ensoleillé
2023-10-06,Nice,25.4,2.0,ensoleillé
2023-10-06,Bordeaux,21.4,0.0,pluie
2023-10-06,Toulouse,20.0,0.2,pluie
2023-10-06,Lille,18.3,0.4,pluie
2023-10-06,Strasbourg,15.1,0.0,ensoleillé
2023-10-06,Nantes,16.7,1.3,ensoleillé
2023-10-06,Chamonix,13.3,1.0,ensoleillé
2023-10-07,Paris,29.5,2.5,ensoleillé
2023-10-07,Lyon,28.2,1.6,pluie
2023-10-07,Marseille,25.8,0.0,nuageux
2023-10-07,Nice,16.8,0.0,ensoleillé
2023-10-07,Bordeaux,25.9,3.3,ensoleillé
2023-10-07,Toulouse,17.2,0.6,nuageux
2023-10-07,Lille,16.2,1.6,nuageux
2023-10-07,Strasbourg,25.6,0.0,nuageux
2023-10-07,Nantes,22.0,0.6,neige
2023-10-07,Chamonix,20.6,1.7,ensoleillé
2023-10-08,Paris,19.1,0.8,ensoleillé
2023-10-08,Lyon,18.9,2.5,ensoleillé
2023-10-08,Marseille,22.1,1.3,ensoleillé
2023-10-08,Nice,13.6,0.4,ensoleillé
2023-10-08,Bordeaux,24.5,1.1,nuageux
2023-10-08,Toulouse,23.3,3.6,pluie
2023-10-08,Lille,25.2,1.1,nuageux
2023-10-08,Strasbourg,17.4,0.0,ensoleillé
2023-10-08,Nantes,19.2,0.5,pluie
2023-10-08,Chamonix,22.0,0.8,ensoleillé
2023-10-09,Paris,18.4,0.0,ensoleillé
2023-10-09,Lyon,15.3,1.7,ensoleillé
2023-10-09,Marseille,28.6,0.9,ensoleillé
2023-10-09,Nice,21.6,2.4,nuageux
2023-10-09,Bordeaux,15.9,1.6,nuageux
2023-10-09,Toulouse,16.3,2.3,ensoleillé
2023-10-09,Lille,20.8,1.4,neige
2023-10-09,Strasbourg,16.1,2.1,ensoleillé
2023-10-09,Nantes,30.4,0.0,nuageux
2023-10-09,Chamonix,18.3,1.3,nuageux
2023-10-10,Paris,23.9,0.2,pluie
2023-10-10,Lyon,5.8,3.0,ensoleillé
2023-10-10,Marseille,23.8,0.0,nuageux
2023-10-10,Nice,17.0,3.4,pluie
2023-10-10,Bordeaux,27.2,2.4,ensoleillé
2023-10-10,Toulouse,19.1,1.1,ensoleillé
2023-10-10,Lille,19.3,2.7,pluie
2023-10-10,Strasbourg,15.6,0.0,neige
2023-10-10,Nantes,25.1,0.9,ensoleillé
2023-10-10,Chamonix,26.9,0.0,pluie
2023-10-11,Paris,19.7,0.0,ensoleillé
2023-10-11,Lyon,20.0,0.0,nuageux
2023-10-11,Marseille,17.6,0.0,nuageux
2023-10-11,Nice,23.5,2.1,nuageux
2023-10-11,Bordeaux,11.3,3.0,ensoleillé
2023-10-11,Toulouse,32.5,1.1,pluie
2023-10-11,Lille,16.8,5.2,ensoleillé
2023-10-11,Strasbourg,13.4,1.0,ensoleillé
2023-10-11,Nantes,20.9,3.0,orage
2023-10-11,Chamonix,21.8,0.3,nuageux
2023-10-12,Paris,15.2,0.5,ensoleillé
2023-10-12,Lyon,15.0,1.1,orage
2023-10-12,Marseille,17.2,0.0,pluie
2023-10-12,Nice,26.3,0.3,ensoleillé
2023-10-12,Bordeaux,13.7,0.7,ensoleillé
2023-10-12,Toulouse,20.3,0.0,nuageux
2023-10-12,Lille,21.7,0.0,ensoleillé
2023-10-12,Strasbourg,28.6,1.8,nuageux
2023-10-12,Nantes,18.0,0.0,pluie
2023-10-12,Chamonix,19.5,1.9,ensoleillé
2023-10-13,Paris,19.9,0.7,ensoleillé
2023-10-13,Lyon,20.3,0.1,nuageux
2023-10-13,Marseille,18.3,0.0,ensoleillé
2023-10-13,Nice,24.9,1.4,ensoleillé
2023-10-13,Bordeaux,16.1,3.8,ensoleillé
2023-10-13,Toulouse,20.4,0.0,ensoleillé
2023-10-13,Lille,24.3,1.6,pluie
2023-10-13,Strasbourg,22.0,0.4,ensoleillé
2023-10-13,Nantes,22.3,0.6,nuageux
2023-10-13,Chamonix,22.8,0.0,ensoleillé
2023-10-14,Paris,17.8,3.6,ensoleillé
2023-10-14,Lyon,16.2,0.1,nuageux
2023-10-14,Marseille,17.8,0.0,nuageux
2023-10-14,Nice,9.0,0.7,ensoleillé
2023-10-14,Bordeaux,20.7,0.9,ensoleillé
2023-10-14,Toulouse,19.3,1.1,ensoleillé
2023-10-14,Lille,25.1,0.7,ensoleillé
2023-10-14,Strasbourg,17.1,0.6,pluie
2023-10-14,Nantes,22.9,3.1,nuageux
2023-10-14,Chamonix,16.9,1.1,nuageux
2023-10-15,Paris,21.7,0.0,pluie
2023-10-15,Lyon,20.1,0.0,pluie
2023-10-15,Marseille,11.2,1.6,neige
2023-10-15,Nice,18.1,1.3,pluie
2023-10-15,Bordeaux,19.9,0.0,ensoleillé
2023-10-15,Toulouse,19.8,0.0,nuageux
2023-10-15,Lille,27.0,0.0,nuageux
2023-10-15,Strasbourg,19.0,0.0,orage
2023-10-15,Nantes,22.9,0.5,nuageux
2023-10-15,Chamonix,17.4,2.3,ensoleillé
2023-10-16,Paris,20.1,1.8,ensoleillé
2023-10-16,Lyon,15.1,0.0,ensoleillé
2023-10-16,Marseille,20.5,0.5,ensoleillé
2023-10-16,Nice,23.1,0.9,pluie
2023-10-16,Bordeaux,21.0,0.0,pluie
2023-10-16,Toulouse,29.4,0.8,ensoleillé
2023-10-16,Lille,23.5,0.0,neige
2023-10-16,Strasbourg,21.5,0.0,nuageux
2023-10-16,Nantes,22.3,0.5,pluie
2023-10-16,Chamonix,20.1,2.0,neige
2023-10-17,Paris,13.8,0.0,neige
2023-10-17,Lyon,22.3,4.1,ensoleillé
2023-10-17,Marseille,19.3,1.9,nuageux
2023-10-17,Nice,19.5,3.9,ensoleillé
2023-10-17,Bordeaux,11.3,1.1,pluie
2023-10-17,Toulouse,11.9,0.0,orage
2023-10-17,Lille,21.5,1.2,ensoleillé
2023-10-17,Strasbourg,18.6,0.8,neige
2023-10-17,Nantes,35.5,0.6,ensoleillé
2023-10-17,Chamonix,22.6,0.0,pluie
2023-10-18,Paris,21.5,0.6,pluie
2023-10-18,Lyon,17.9,3.7,ensoleillé
2023-10-18,Marseille,25.9,1.2,pluie
2023-10-18,Nice,8.5,0.5,pluie
2023-10-18,Bordeaux,33.5,0.7,ensoleillé
2023-10-18,Toulouse,25.5,3.2,nuageux
2023-10-18,Lille,21.1,0.0,pluie
2023-10-18,Strasbourg,7.8,2.0,nuageux
2023-10-18,Nantes,15.9,1.3,orage
2023-10-18,Chamonix,13.8,0.6,ensoleillé
2023-10-19,Paris,20.2,1.4,pluie
2023-10-19,Lyon,14.4,2.8,orage
2023-10-19,Marseille,17.0,0.0,nuageux
2023-10-19,Nice,19.5,1.1,nuageux
2023-10-19,Bordeaux,20.8,3.0,ensoleillé
2023-10-19,Toulouse,18.8,0.8,neige
2023-10-19,Lille,14.5,2.2,pluie
2023-10-19,Strasbourg,20.9,0.4,nuageux
2023-10-19,Nantes,10.5,3.2,ensoleillé
2023-10-19,Chamonix,13.9,0.1,nuageux
2023-10-20,Paris,21.8,0.0,ensoleillé
2023-10-20,Lyon,12.5,0.0,ensoleillé
2023-10-20,Marseille,23.6,0.2,ensoleillé
2023-10-20,Nice,34.6,0.0,nuageux
2023-10-20,Bordeaux,15.4,0.2,ensoleillé
2023-10-20,Toulouse,21.2,0.3,orage
2023-10-20,Lille,23.1,0.0,ensoleillé
2023-10-20,Strasbourg,13.1,0.0,ensoleillé
2023-10-20,Nantes,8.9,0.2,pluie
2023-10-20,Chamonix,18.5,0.1,orage
2023-10-21,Paris,26.2,2.8,pluie
2023-10-21,Lyon,18.3,0.0,ensoleillé
2023-10-21,Marseille,17.2,0.1,ensoleillé
2023-10-21,Nice,16.7,0.0,nuageux
2023-10-21,Bordeaux,16.7,0.4,orage
2023-10-21,Toulouse,16.8,1.3,pluie
2023-10-21,Lille,21.8,0.0,pluie
2023-10-21,Strasbourg,26.4,0.0,pluie
2023-10-21,Nantes,11.9,1.6,neige
2023-10-21,Chamonix,15.9,1.5,ensoleillé
2023-10-22,Paris,8.0,3.1,orage
2023-10-22,Lyon,23.4,0.0,ensoleillé
2023-10-22,Marseille,12.6,3.5,ensoleillé
2023-10-22,Nice,16.3,0.0,ensoleillé
2023-10-22,Bordeaux,8.7,0.5,ensoleillé
2023-10-22,Toulouse,18.9,2.1,ensoleillé
2023-10-22,Lille,13.0,0.0,orage
2023-10-22,Strasbourg,22.3,2.5,pluie
2023-10-22,Nantes,12.1,2.6,neige
2023-10-22,Chamonix,20.2,2.6,nuageux
2023-10-23,Paris,19.6,0.0,ensoleillé
2023-10-23,Lyon,19.2,2.6,neige
2023-10-23,Marseille,15.5,0.4,nuageux
2023-10-23,Nice,19.1,0.0,orage
2023-10-23,Bordeaux,28.4,0.0,pluie
2023-10-23,Toulouse,22.5,0.9,ensoleillé
2023-10-23,Lille,26.3,1.6,nuageux
2023-10-23,Strasbourg,18.8,0.0,ensoleillé
2023-10-23,Nantes,24.0,0.0,ensoleillé
2023-10-23,Chamonix,23.2,0.0,nuageux
2023-10-24,Paris,26.3,1.2,ensoleillé
2023-10-24,Lyon,23.2,1.1,pluie
2023-10-24,Marseille,11.2,0.0,orage
2023-10-24,Nice,23.4,1.2,orage
2023-10-24,Bordeaux,25.9,1.6,ensoleillé
2023-10-24,Toulouse,15.2,0.0,neige
2023-10-24,Lille,20.5,0.0,neige
2023-10-24,Strasbourg,28.4,1.7,ensoleillé
2023-10-24,Nantes,26.1,0.0,nuageux
2023-10-24,Chamonix,26.2,4.3,orage
2023-10-25,Paris,13.4,2.2,neige
2023-10-25,Lyon,20.0,0.0,ensoleillé
2023-10-25,Marseille,22.5,2.3,nuageux
2023-10-25,Nice,17.0,2.7,orage
2023-10-25,Bordeaux,11.7,0.0,ensoleillé
2023-10-25,Toulouse,20.7,1.0,pluie
2023-10-25,Lille,16.4,2.2,ensoleillé
2023-10-25,Strasbourg,22.7,2.3,neige
2023-10-25,Nantes,19.4,1.9,ensoleillé
2023-10-25,Chamonix,17.8,4.1,pluie
2023-10-26,Paris,15.9,4.2,ensoleillé
2023-10-26,Lyon,20.2,0.0,pluie
2023-10-26,Marseille,26.8,1.2,nuageux
2023-10-26,Nice,24.3,2.8,pluie
2023-10-26,Bordeaux,21.7,0.1,nuageux
2023-10-26,Toulouse,24.9,1.0,ensoleillé
2023-10-26,Lille,23.4,0.0,ensoleillé
2023-10-26,Strasbourg,22.2,0.0,ensoleillé
2023-10-26,Nantes,28.3,1.9,ensoleillé
2023-10-26,Chamonix,21.2,1.7,ensoleillé
2023-10-27,Paris,15.0,3.4,ensoleillé
2023-10-27,Lyon,30.0,1.6,ensoleillé
2023-10-27,Marseille,28.0,0.1,pluie
2023-10-27,Nice,16.0,1.1,neige
2023-10-27,Bordeaux,22.2,0.4,pluie
2023-10-27,Toulouse,22.7,1.5,nuageux
2023-10-27,Lille,15.0,1.8,ensoleillé
2023-10-27,Strasbourg,24.3,1.3,nuageux
2023-10-27,Nantes,25.8,0.0,ensoleillé
2023-10-27,Chamonix,22.3,0.0,nuageux
2023-10-28,Paris,14.4,0.1,pluie
2023-10-28,Lyon,15.3,0.2,nuageux
2023-10-28,Marseille,18.9,2.3,nuageux
2023-10-28,Nice,18.4,0.0,ensoleillé
2023-10-28,Bordeaux,25.7,0.0,ensoleillé
2023-10-28,Toulouse,19.7,1.7,pluie
2023-10-28,Lille,21.0,2.6,ensoleillé
2023-10-28,Strasbourg,22.4,0.0,ensoleillé
2023-10-28,Nantes,30.9,1.3,neige
2023-10-28,Chamonix,19.3,2.4,ensoleillé
2023-10-29,Paris,21.2,1.6,ensoleillé
2023-10-29,Lyon,32.5,0.6,ensoleillé
2023-10-29,Marseille,18.4,1.2,pluie
2023-10-29,Nice,25.4,0.0,nuageux
2023-10-29,Bordeaux,10.2,0.1,pluie
2023-10-29,Toulouse,11.8,0.4,ensoleillé
2023-10-29,Lille,22.5,0.0,nuageux
2023-10-29,Strasbourg,12.9,1.1,nuageux
2023-10-29,Nantes,24.3,0.0,nuageux
2023-10-29,Chamonix,24.1,2.2,ensoleillé
2023-10-30,Paris,24.8,2.8,orage
2023-10-30,Lyon,31.0,0.5,ensoleillé
2023-10-30,Marseille,20.5,0.4,pluie
2023-10-30,Nice,20.0,3.3,ensoleillé
2023-10-30,Bordeaux,13.3,0.0,ensoleillé
2023-10-30,Toulouse,26.9,2.5,ensoleillé
2023-10-30,Lille,18.2,2.3,ensoleillé
2023-10-30,Strasbourg,21.7,3.3,nuageux
2023-10-30,Nantes,20.4,2.5,pluie
2023-10-30,Chamonix,33.2,1.9,pluie
2023-10-31,Paris,20.2,2.1,ensoleillé
2023-10-31,Lyon,18.2,4.6,ensoleillé
2023-10-31,Marseille,20.9,0.6,ensoleillé
2023-10-31,Nice,15.8,2.6,ensoleillé
2023-10-31,Bordeaux,24.3,0.3,nuageux
2023-10-31,Toulouse,22.9,0.0,pluie
2023-10-31,Lille,20.9,1.7,ensoleillé
2023-10-31,Strasbourg,28.5,0.0,ensoleillé
2023-10-31,Nantes,13.6,0.0,nuageux
2023-10-31,Chamonix,13.3,3.0,ensoleillé
2023-11-01,Paris,27.7,1.5,nuageux
2023-11-01,Lyon,26.1,1.2,nuageux
2023-11-01,Marseille,19.5,0.5,ensoleillé
2023-11-01,Nice,18.4,0.0,ensoleillé
2023-11-01,Bordeaux,21.3,0.9,ensoleillé
2023-11-01,Toulouse,23.7,1.1,ensoleillé
2023-11-01,Lille,19.2,0.0,ensoleillé
2023-11-01,Strasbourg,20.4,2.1,pluie
2023-11-01,Nantes,14.3,1.1,ensoleillé
2023-11-01,Chamonix,21.2,0.0,ensoleillé
2023-11-02,Paris,17.1,1.3,nuageux
2023-11-02,Lyon,14.3,1.5,nuageux
2023-11-02,Marseille,15.5,2.6,ensoleillé
2023-11-02,Nice,31.7,0.0,nuageux
2023-11-02,Bordeaux,22.7,0.0,ensoleillé
2023-11-02,Toulouse,25.2,0.0,pluie
2023-11-02,Lille,22.4,0.0,ensoleillé
2023-11-02,Strasbourg,19.0,0.0,nuageux
2023-11-02,Nantes,24.1,0.0,ensoleillé
2023-11-02,Chamonix,22.8,0.5,nuageux
2023-11-03,Paris,19.4,1.2,ensoleillé
2023-11-03,Lyon,16.2,1.3,ensoleillé
2023-11-03,Marseille,27.7,0.0,ensoleillé
2023-11-03,Nice,25.9,3.2,pluie
2023-11-03,Bordeaux,15.9,0.0,nuageux
2023-11-03,Toulouse,21.5,0.2,ensoleillé
2023-11-03,Lille,29.3,1.1,ensoleillé
2023-11-03,Strasbourg,16.0,0.0,nuageux
2023-11-03,Nantes,25.4,0.1,neige
2023-11-03,Chamonix,20.2,2.4,nuageux
2023-11-04,Paris,17.6,0.9,nuageux
2023-11-04,Lyon,19.9,2.0,pluie
2023-11-04,Marseille,23.0,0.7,pluie
2023-11-04,Nice,20.3,0.4,nuageux
2023-11-04,Bordeaux,12.6,1.4,nuageux
2023-11-04,Toulouse,29.5,0.0,pluie
2023-11-04,Lille,16.1,0.0,nuageux
2023-11-04,Strasbourg,23.6,1.7,pluie
2023-11-04,Nantes,19.2,0.0,nuageux
2023-11-04,Chamonix,20.5,0.0,ensoleillé
2023-11-05,Paris,20.7,2.3,orage
2023-11-05,Lyon,13.7,0.0,pluie
2023-11-05,Marseille,27.9,0.1,nuageux
2023-11-05,Nice,25.7,0.8,orage
2023-11-05,Bordeaux,19.2,1.7,pluie
2023-11-05,Toulouse,15.6,1.2,nuageux
2023-11-05,Lille,18.1,0.0,nuageux
2023-11-05,Strasbourg,21.7,0.6,ensoleillé
2023-11-05,Nantes,19.2,0.0,pluie
2023-11-05,Chamonix,28.0,2.3,ensoleillé
2023-11-06,Paris,24.8,0.5,neige
2023-11-06,Lyon,11.4,3.9,neige
2023-11-06,Marseille,19.7,0.0,pluie
2023-11-06,Nice,22.1,2.8,ensoleillé
2023-11-06,Bordeaux,19.9,2.9,nuageux
2023-11-06,Toulouse,25.4,0.0,neige
2023-11-06,Lille,16.6,2.4,nuageux
2023-11-06,Strasbourg,6.4,0.8,neige
2023-11-06,Nantes,12.8,0.3,nuageux
2023-11-06,Chamonix,18.5,0.5,pluie
2023-11-07,Paris,17.2,0.0,ensoleillé
2023-11-07,Lyon,31.5,3.8,orage
2023-11-07,Marseille,14.2,3.4,orage
2023-11-07,Nice,18.0,1.2,ensoleillé
2023-11-07,Bordeaux,19.7,0.0,ensoleillé
2023-11-07,Toulouse,24.9,1.2,ensoleillé
2023-11-07,Lille,17.6,0.0,ensoleillé
2023-11-07,Strasbourg,15.5,0.0,ensoleillé
2023-11-07,Nantes,20.1,0.0,nuageux
2023-11-07,Chamonix,18.7,3.1,pluie
2023-11-08,Paris,26.0,1.0,pluie
2023-11-08,Lyon,19.6,3.8,nuageux
2023-11-08,Marseille,22.6,0.5,nuageux
2023-11-08,Nice,12.9,1.6,nuageux
2023-11-08,Bordeaux,24.1,0.1,nuageux
2023-11-08,Toulouse,21.5,0.5,ensoleillé
2023-11-08,Lille,19.1,0.0,nuageux
2023-11-08,Strasbourg,18.9,2.5,pluie
2023-11-08,Nantes,16.8,1.1,orage
2023-11-08,Chamonix,16.2,1.5,orage
2023-11-09,Paris,18.9,0.0,nuageux
2023-11-09,Lyon,26.7,2.4,ensoleillé
2023-11-09,Marseille,17.0,1.7,ensoleillé
2023-11-09,Nice,22.7,2.0,nuageux
2023-11-09,Bordeaux,11.5,2.5,ensoleillé
2023-11-09,Toulouse,17.2,0.5,nuageux
2023-11-09,Lille,33.2,1.5,ensoleillé
2023-11-09,Strasbourg,18.1,0.0,nuageux
2023-11-09,Nantes,26.9,0.0,nuageux
2023-11-09,Chamonix,15.0,0.5,ensoleillé
2023-11-10,Paris,27.1,2.2,ensoleillé
2023-11-10,Lyon,19.2,1.5,ensoleillé
2023-11-10,Marseille,17.0,1.2,nuageux
2023-11-10,Nice,20.4,2.5,nuageux
2023-11-10,Bordeaux,24.8,1.7,ensoleillé
2023-11-10,Toulouse,18.2,2.1,pluie
2023-11-10,Lille,19.5,0.0,ensoleillé
2023-11-10,Strasbourg,18.0,1.1,ensoleillé
2023-11-10,Nantes,24.6,0.7,pluie
2023-11-10,Chamonix,14.0,1.1,orage
2023-11-11,Paris,20.6,1.3,pluie
2023-11-11,Lyon,24.6,2.5,ensoleillé
2023-11-11,Marseille,17.0,0.1,pluie
2023-11-11,Nice,14.8,2.0,ensoleillé
2023-11-11,Bordeaux,27.2,0.5,ensoleillé
2023-11-11,Toulouse,18.8,3.2,nuageux
2023-11-11,Lille,22.5,1.7,nuageux
2023-11-11,Strasbourg,14.0,2.0,ensoleillé
2023-11-11,Nantes,15.4,0.0,pluie
2023-11-11,Chamonix,18.3,0.1,ensoleillé
2023-11-12,Paris,18.9,0.0,neige
2023-11-12,Lyon,24.8,2.7,nuageux
2023-11-12,Marseille,10.3,2.5,pluie
2023-11-12,Nice,15.9,2.3,ensoleillé
2023-11-12,Bordeaux,19.7,1.0,nuageux
2023-11-12,Toulouse,19.1,2.8,nuageux
2023-11-12,Lille,13.8,1.9,ensoleillé
2023-11-12,Strasbourg,25.5,2.1,ensoleillé
2023-11-12,Nantes,31.6,0.2,pluie
2023-11-12,Chamonix,24.8,0.8,pluie
2023-11-13,Paris,26.2,1.0,pluie
2023-11-13,Lyon,18.1,3.0,pluie
2023-11-13,Marseille,17.5,0.0,pluie
2023-11-13,Nice,17.4,1.9,nuageux
2023-11-13,Bordeaux,27.0,1.2,ensoleillé
2023-11-13,Toulouse,26.6,0.0,ensoleillé
2023-11-13,Lille,17.8,0.6,nuageux
2023-11-13,Strasbourg,19.4,1.1,ensoleillé
2023-11-13,Nantes,23.5,0.3,pluie
2023-11-13,Chamonix,20.7,0.9,pluie
2023-11-14,Paris,15.4,0.8,ensoleillé
2023-11-14,Lyon,19.3,0.8,ensoleillé
2023-11-14,Marseille,20.2,1.1,pluie
2023-11-14,Nice,17.8,2.9,pluie
2023-11-14,Bordeaux,14.2,0.0,ensoleillé
2023-11-14,Toulouse,33.9,0.0,nuageux
2023-11-14,Lille,13.2,2.1,orage
2023-11-14,Strasbourg,9.6,0.6,pluie
2023-11-14,Nantes,30.7,0.0,ensoleillé
2023-11-14,Chamonix,10.1,0.0,pluie
2023-11-15,Paris,24.5,2.7,nuageux
2023-11-15,Lyon,17.4,2.0,nuageux
2023-11-15,Marseille,27.0,3.7,ensoleillé
2023-11-15,Nice,18.8,0.0,ensoleillé
2023-11-15,Bordeaux,15.9,0.4,ensoleillé
2023-11-15,Toulouse,18.7,0.7,nuageux
2023-11-15,Lille,25.6,2.9,ensoleillé
2023-11-15,Strasbourg,19.1,2.6,pluie
2023-11-15,Nantes,21.8,1.1,nuageux
2023-11-15,Chamonix,24.5,1.1,ensoleillé
2023-11-16,Paris,30.3,0.0,ensoleillé
2023-11-16,Lyon,17.4,0.8,pluie
2023-11-16,Marseille,22.2,2.9,pluie
2023-11-16,Nice,19.9,0.0,nuageux
2023-11-16,Bordeaux,24.2,2.1,ensoleillé
2023-11-16,Toulouse,10.3,1.0,ensoleillé
2023-11-16,Lille,12.0,0.0,ensoleillé
2023-11-16,Strasbourg,15.5,2.2,nuageux
2023-11-16,Nantes,20.6,0.0,neige
2023-11-16,Chamonix,24.4,0.0,pluie
2023-11-17,Paris,21.7,0.0,nuageux
2023-11-17,Lyon,18.2,1.8,nuageux
2023-11-17,Marseille,22.6,3.0,ensoleillé
2023-11-17,Nice,19.6,1.5,nuageux
2023-11-17,Bordeaux,17.8,1.3,ensoleillé
2023-11-17,Toulouse,22.2,0.9,pluie
2023-11-17,Lille,11.0,1.5,pluie
2023-11-17,Strasbourg,21.8,0.0,ensoleillé
2023-11-17,Nantes,13.6,3.2,orage
2023-11-17,Chamonix,22.5,0.7,nuageux
2023-11-18,Paris,14.3,0.0,nuageux
2023-11-18,Lyon,26.5,1.2,ensoleillé
2023-11-18,Marseille,17.2,1.8,ensoleillé
2023-11-18,Nice,15.9,3.3,pluie
2023-11-18,Bordeaux,26.8,0.3,ensoleillé
2023-11-18,Toulouse,16.9,0.0,neige
2023-11-18,Lille,12.6,0.0,nuageux
2023-11-18,Strasbourg,20.7,0.5,nuageux
2023-11-18,Nantes,13.3,0.6,ensoleillé
2023-11-18,Chamonix,22.5,1.8,ensoleillé
2023-11-19,Paris,10.5,0.8,ensoleillé
2023-11-19,Lyon,13.1,2.4,nuageux
2023-11-19,Marseille,23.9,0.0,nuageux
2023-11-19,Nice,16.2,0.3,pluie
2023-11-19,Bordeaux,8.7,1.5,ensoleillé
2023-11-19,Toulouse,18.6,2.5,ensoleillé
2023-11-19,Lille,14.5,0.1,nuageux
2023-11-19,Strasbourg,12.5,0.0,nuageux
2023-11-19,Nantes,14.1,2.5,pluie
2023-11-19,Chamonix,16.5,1.2,ensoleillé
2023-11-20,Paris,18.1,0.0,nuageux
2023-11-20,Lyon,19.2,1.9,nuageux
2023-11-20,Marseille,14.0,2.2,ensoleillé
2023-11-20,Nice,15.8,0.3,ensoleillé
2023-11-20,Bordeaux,22.7,0.0,ensoleillé
2023-11-20,Toulouse,20.2,0.5,neige
2023-11-20,Lille,20.6,0.0,nuageux
2023-11-20,Strasbourg,10.9,1.9,pluie
2023-11-20,Nantes,25.2,0.0,ensoleillé
2023-11-20,Chamonix,18.8,1.4,pluie
2023-11-21,Paris,23.5,0.0,pluie
2023-11-21,Lyon,15.6,0.5,ensoleillé
2023-11-21,Marseille,23.5,4.7,ensoleillé
2023-11-21,Nice,18.9,0.0,pluie
2023-11-21,Bordeaux,22.0,3.0,pluie
2023-11-21,Toulouse,20.5,0.0,pluie
2023-11-21,Lille,24.8,2.0,pluie
2023-11-21,Strasbourg,14.9,1.6,nuageux
2023-11-21,Nantes,25.0,2.8,nuageux
2023-11-21,Chamonix,19.7,0.5,nuageux
2023-11-22,Paris,26.1,0.0,pluie
2023-11-22,Lyon,22.2,0.0,nuageux
2023-11-22,Marseille,25.3,0.6,neige
2023-11-22,Nice,26.3,1.7,ensoleillé
2023-11-22,Bordeaux,13.9,3.1,nuageux
2023-11-22,Toulouse,27.8,2.3,ensoleillé
2023-11-22,Lille,16.2,0.5,ensoleillé
2023-11-22,Strasbourg,20.7,0.0,pluie
2023-11-22,Nantes,28.5,1.2,nuageux
2023-11-22,Chamonix,6.5,1.5,ensoleillé
2023-11-23,Paris,18.3,0.9,pluie
2023-11-23,Lyon,18.2,2.2,ensoleillé
2023-11-23,Marseille,25.6,1.4,nuageux
2023-11-23,Nice,18.3,0.9,pluie
2023-11-23,Bordeaux,20.1,0.0,orage
2023-11-23,Toulouse,22.9,1.7,nuageux
2023-11-23,Lille,27.7,2.9,nuageux
2023-11-23,Strasbourg,16.6,2.2,pluie
2023-11-23,Nantes,15.2,2.0,pluie
2023-11-23,Chamonix,17.4,0.0,pluie
2023-11-24,Paris,21.4,0.0,ensoleillé
2023-11-24,Lyon,11.2,0.7,ensoleillé
2023-11-24,Marseille,20.4,0.4,ensoleillé
2023-11-24,Nice,12.1,0.0,ensoleillé
2023-11-24,Bordeaux,22.0,1.9,pluie
2023-11-24,Toulouse,19.9,2.7,pluie
2023-11-24,Lille,22.0,0.0,ensoleillé
2023-11-24,Strasbourg,18.6,0.0,nuageux
2023-11-24,Nantes,19.5,2.7,ensoleillé
2023-11-24,Chamonix,23.4,3.1,ensoleillé
2023-11-25,Paris,18.5,3.0,ensoleillé
2023-11-25,Lyon,19.0,3.2,pluie
2023-11-25,Marseille,19.9,2.1,ensoleillé
2023-11-25,Nice,27.4,0.7,pluie
2023-11-25,Bordeaux,21.1,2.9,ensoleillé
2023-11-25,Toulouse,19.3,0.0,ensoleillé
2023-11-25,Lille,30.7,0.3,ensoleillé
2023-11-25,Strasbourg,20.8,2.7,pluie
2023-11-25,Nantes,17.0,0.0,nuageux
2023-11-25,Chamonix,21.3,0.0,pluie
2023-11-26,Paris,18.6,1.4,nuageux
2023-11-26,Lyon,18.7,0.0,orage
2023-11-26,Marseille,28.0,1.2,ensoleillé
2023-11-26,Nice,27.2,0.6,pluie
2023-11-26,Bordeaux,15.6,1.4,nuageux
2023-11-26,Toulouse,18.9,0.0,pluie
2023-11-26,Lille,27.3,0.1,ensoleillé
2023-11-26,Strasbourg,10.8,3.0,ensoleillé
2023-11-26,Nantes,17.5,0.1,ensoleillé
2023-11-26,Chamonix,11.2,3.6,pluie
2023-11-27,Paris,13.6,1.1,ensoleillé
2023-11-27,Lyon,24.6,1.6,ensoleillé
2023-11-27,Marseille,19.7,0.0,nuageux
2023-11-27,Nice,16.0,1.3,nuageux
2023-11-27,Bordeaux,16.1,1.3,orage
2023-11-27,Toulouse,23.4,2.4,nuageux
2023-11-27,Lille,13.9,4.3,ensoleillé
2023-11-27,Strasbourg,23.8,1.0,pluie
2023-11-27,Nantes,25.4,4.5,pluie
2023-11-27,Chamonix,12.8,0.7,nuageux
2023-11-28,Paris,8.1,1.3,nuageux
2023-11-28,Lyon,21.8,0.9,ensoleillé
2023-11-28,Marseille,16.7,0.0,nuageux
2023-11-28,Nice,21.9,3.2,ensoleillé
2023-11-28,Bordeaux,17.0,1.7,ensoleillé
2023-11-28,Toulouse,12.2,1.7,pluie
2023-11-28,Lille,18.0,0.0,ensoleillé
2023-11-28,Strasbourg,16.2,0.4,pluie
2023-11-28,Nantes,21.9,0.0,nuageux
2023-11-28,Chamonix,18.0,0.9,pluie
2023-11-29,Paris,14.5,3.7,ensoleillé
2023-11-29,Lyon,15.7,0.0,nuageux
2023-11-29,Marseille,15.1,3.7,nuageux
2023-11-29,Nice,22.8,0.0,nuageux
2023-11-29,Bordeaux,25.5,1.3,neige
2023-11-29,Toulouse,21.3,0.5,ensoleillé
2023-11-29,Lille,16.3,1.5,ensoleillé
2023-11-29,Strasbourg,17.3,3.7,ensoleillé
2023-11-29,Nantes,13.7,3.3,ensoleillé
2023-11-29,Chamonix,19.4,1.4,ensoleillé
2023-11-30,Paris,24.2,0.1,ensoleillé
2023-11-30,Lyon,24.3,0.0,pluie
2023-11-30,Marseille,16.4,0.0,ensoleillé
2023-11-30,Nice,13.7,0.7,nuageux
2023-11-30,Bordeaux,21.9,2.1,nuageux
2023-11-30,Toulouse,21.2,0.0,ensoleillé
2023-11-30,Lille,21.8,1.2,nuageux
2023-11-30,Strasbourg,24.7,2.2,ensoleillé
2023-11-30,Nantes,20.2,0.0,ensoleillé
2023-11-30,Chamonix,16.7,0.2,ensoleillé
2023-12-01,Paris,18.4,1.4,nuageux
2023-12-01,Lyon,23.6,0.9,ensoleillé
2023-12-01,Marseille,20.1,1.2,pluie
2023-12-01,Nice,17.4,0.0,ensoleillé
2023-12-01,Bordeaux,11.2,0.0,ensoleillé
2023-12-01,Toulouse,22.4,0.0,pluie
2023-12-01,Lille,18.8,1.7,nuageux
2023-12-01,Strasbourg,22.6,0.0,ensoleillé
2023-12-01,Nantes,25.0,2.7,pluie
2023-12-01,Chamonix,14.4,0.0,neige
2023-12-02,Paris,26.0,0.8,ensoleillé
2023-12-02,Lyon,8.9,0.0,orage
2023-12-02,Marseille,18.8,0.0,ensoleillé
2023-12-02,Nice,17.9,1.0,ensoleillé
2023-12-02,Bordeaux,27.3,0.6,orage
2023-12-02,Toulouse,25.4,3.1,orage
2023-12-02,Lille,27.2,1.4,nuageux
2023-12-02,Strasbourg,10.2,1.7,ensoleillé
2023-12-02,Nantes,25.2,0.9,pluie
2023-12-02,Chamonix,28.7,2.3,ensoleillé
2023-12-03,Paris,22.8,2.6,pluie
2023-12-03,Lyon,21.7,0.0,nuageux
2023-12-03,Marseille,17.5,2.8,ensoleillé
2023-12-03,Nice,16.0,0.7,ensoleillé
2023-12-03,Bordeaux,14.8,3.7,nuageux
2023-12-03,Toulouse,28.4,0.0,ensoleillé
2023-12-03,Lille,20.7,0.0,pluie
2023-12-03,Strasbourg,23.1,1.8,ensoleillé
2023-12-03,Nantes,24.1,1.5,nuageux
2023-12-03,Chamonix,34.7,0.0,ensoleillé
2023-12-04,Paris,11.4,0.4,neige
2023-12-04,Lyon,12.2,0.0,nuageux
2023-12-04,Marseille,15.0,0.0,nuageux
2023-12-04,Nice,15.2,1.8,ensoleillé
2023-12-04,Bordeaux,17.5,0.7,nuageux
2023-12-04,Toulouse,24.5,0.0,nuageux
2023-12-04,Lille,18.7,1.5,ensoleillé
2023-12-04,Strasbourg,10.3,0.0,nuageux
2023-12-04,Nantes,21.7,1.7,nuageux
2023-12-04,Chamonix,30.3,1.2,ensoleillé
2023-12-05,Paris,24.1,0.7,nuageux
2023-12-05,Lyon,21.5,3.5,nuageux
2023-12-05,Marseille,9.4,1.6,ensoleillé
2023-12-05,Nice,30.7,1.4,nuageux
2023-12-05,Bordeaux,28.3,0.1,nuageux
2023-12-05,Toulouse,19.8,1.1,ensoleillé
2023-12-05,Lille,8.9,0.0,nuageux
2023-12-05,Strasbourg,14.5,2.2,ensoleillé
2023-12-05,Nantes,24.4,1.5,pluie
2023-12-05,Chamonix,24.1,0.8,ensoleillé
2023-12-06,Paris,26.0,1.0,pluie
2023-12-06,Lyon,20.3,0.6,ensoleillé
2023-12-06,Marseille,23.4,0.4,ensoleillé
2023-12-06,Nice,24.9,0.0,ensoleillé
2023-12-06,Bordeaux,14.5,2.0,ensoleillé
2023-12-06,Toulouse,19.6,0.3,ensoleillé
2023-12-06,Lille,24.5,0.1,ensoleillé
2023-12-06,Strasbourg,19.0,3.1,nuageux
2023-12-06,Nantes,27.7,3.4,ensoleillé
2023-12-06,Chamonix,18.6,2.8,pluie
2023-12-07,Paris,15.3,0.0,ensoleillé
2023-12-07,Lyon,8.2,3.5,ensoleillé
2023-12-07,Marseille,15.7,0.8,nuageux
2023-12-07,Nice,15.4,2.0,ensoleillé
2023-12-07,Bordeaux,18.1,0.0,orage
2023-12-07,Toulouse,22.2,0.0,ensoleillé
2023-12-07,Lille,15.8,0.0,ensoleillé
2023-12-07,Strasbourg,12.9,1.3,nuageux
2023-12-07,Nantes,10.2,0.0,orage
2023-12-07,Chamonix,20.0,0.2,pluie
2023-12-08,Paris,30.0,3.8,nuageux
2023-12-08,Lyon,15.7,1.8,ensoleillé
2023-12-08,Marseille,23.7,0.1,ensoleillé
2023-12-08,Nice,12.5,1.0,nuageux
2023-12-08,Bordeaux,19.1,0.3,pluie
2023-12-08,Toulouse,22.2,0.0,ensoleillé
2023-12-08,Lille,14.2,1.2,ensoleillé
2023-12-08,Strasbourg,21.9,0.0,ensoleillé
2023-12-08,Nantes,24.6,0.0,neige
2023-12-08,Chamonix,17.1,0.6,ensoleillé
2023-12-09,Paris,16.8,0.2,nuageux
2023-12-09,Lyon,29.4,0.0,ensoleillé
2023-12-09,Marseille,32.2,1.7,ensoleillé
2023-12-09,Nice,20.5,1.7,ensoleillé
2023-12-09,Bordeaux,32.6,0.0,ensoleillé
2023-12-09,Toulouse,14.4,0.0,pluie
2023-12-09,Lille,20.2,0.0,ensoleillé
2023-12-09,Strasbourg,20.1,3.5,pluie
2023-12-09,Nantes,20.8,0.6,ensoleillé
2023-12-09,Chamonix,16.9,2.3,pluie
2023-12-10,Paris,15.9,3.8,ensoleillé
2023-12-10,Lyon,29.7,1.4,pluie
2023-12-10,Marseille,19.9,2.5,nuageux
2023-12-10,Nice,25.5,0.0,ensoleillé
2023-12-10,Bordeaux,17.4,0.0,ensoleillé
2023-12-10,Toulouse,22.0,2.0,nuageux
2023-12-10,Lille,13.3,0.3,nuageux
2023-12-10,Strasbourg,13.3,0.0,pluie
2023-12-10,Nantes,22.8,0.0,ensoleillé
2023-12-10,Chamonix,18.5,0.0,pluie
2023-12-11,Paris,20.9,0.9,ensoleillé
2023-12-11,Lyon,16.4,0.7,nuageux
2023-12-11,Marseille,20.9,0.0,neige
2023-12-11,Nice,12.6,3.7,ensoleillé
2023-12-11,Bordeaux,16.8,0.9,ensoleillé
2023-12-11,Toulouse,25.1,6.3,pluie
2023-12-11,Lille,13.8,1.7,pluie
2023-12-11,Strasbourg,16.5,0.2,nuageux
2023-12-11,Nantes,16.4,0.0,pluie
2023-12-11,Chamonix,19.8,0.0,ensoleillé
2023-12-12,Paris,24.7,1.1,nuageux
2023-12-12,Lyon,22.1,0.3,ensoleillé
2023-12-12,Marseille,18.2,1.4,orage
2023-12-12,Nice,14.2,0.5,ensoleillé
2023-12-12,Bordeaux,15.7,0.0,nuageux
2023-12-12,Toulouse,9.5,3.0,nuageux
2023-12-12,Lille,16.6,2.7,pluie
2023-12-12,Strasbourg,25.3,0.0,nuageux
2023-12-12,Nantes,14.6,4.8,ensoleillé
2023-12-12,Chamonix,28.8,1.0,ensoleillé
2023-12-13,Paris,21.3,0.1,ensoleillé
2023-12-13,Lyon,22.2,0.0,ensoleillé
2023-12-13,Marseille,9.8,0.0,nuageux
2023-12-13,Nice,20.1,0.0,pluie
2023-12-13,Bordeaux,19.7,0.0,neige
2023-12-13,Toulouse,16.1,2.3,ensoleillé
2023-12-13,Lille,21.2,1.0,orage
2023-12-13,Strasbourg,24.4,1.7,ensoleillé
2023-12-13,Nantes,27.2,0.3,nuageux
2023-12-13,Chamonix,17.9,0.0,ensoleillé
2023-12-14,Paris,17.9,2.4,ensoleillé
2023-12-14,Lyon,26.5,2.4,ensoleillé
2023-12-14,Marseille,11.0,2.6,pluie
2023-12-14,Nice,10.8,2.3,nuageux
2023-12-14,Bordeaux,18.2,2.1,pluie
2023-12-14,Toulouse,13.3,2.8,nuageux
2023-12-14,Lille,12.7,0.0,nuageux
2023-12-14,Strasbourg,15.0,0.0,neige
2023-12-14,Nantes,20.5,3.7,nuageux
2023-12-14,Chamonix,33.3,1.1,ensoleillé
2023-12-15,Paris,25.6,1.3,nuageux
2023-12-15,Lyon,22.5,0.5,pluie
2023-12-15,Marseille,21.0,1.8,ensoleillé
2023-12-15,Nice,17.1,0.9,nuageux
2023-12-15,Bordeaux,19.7,2.2,ensoleillé
2023-12-15,Toulouse,14.7,0.9,ensoleillé
2023-12-15,Lille,29.6,2.7,nuageux
2023-12-15,Strasbourg,26.7,1.0,ensoleillé
2023-12-15,Nantes,21.6,2.5,pluie
2023-12-15,Chamonix,27.8,0.0,nuageux
2023-12-16,Paris,13.4,3.0,neige
2023-12-16,Lyon,18.6,0.0,ensoleillé
2023-12-16,Marseille,13.7,0.2,nuageux
2023-12-16,Nice,13.0,4.1,ensoleillé
2023-12-16,Bordeaux,19.9,0.9,pluie
2023-12-16,Toulouse,22.9,2.4,pluie
2023-12-16,Lille,24.7,2.6,pluie
2023-12-16,Strasbourg,16.8,0.6,ensoleillé
2023-12-16,Nantes,23.8,0.2,nuageux
2023-12-16,Chamonix,20.0,1.6,ensoleillé
2023-12-17,Paris,23.9,0.0,neige
2023-12-17,Lyon,23.6,0.6,ensoleillé
2023-12-17,Marseille,23.5,2.2,ensoleillé
2023-12-17,Nice,28.0,3.0,nuageux
2023-12-17,Bordeaux,26.7,3.2,nuageux
2023-12-17,Toulouse,21.5,1.0,ensoleillé
2023-12-17,Lille,24.4,2.1,nuageux
2023-12-17,Strasbourg,18.5,1.6,pluie
2023-12-17,Nantes,19.8,0.0,nuageux
2023-12-17,Chamonix,26.5,1.1,pluie
2023-12-18,Paris,30.2,0.0,nuageux
2023-12-18,Lyon,17.2,1.0,ensoleillé
2023-12-18,Marseille,25.7,1.6,nuageux
2023-12-18,Nice,21.6,0.0,nuageux
2023-12-18,Bordeaux,14.2,1.5,ensoleillé
2023-12-18,Toulouse,13.2,0.2,nuageux
2023-12-18,Lille,22.5,0.0,nuageux
2023-12-18,Strasbourg,28.0,2.8,ensoleillé
2023-12-18,Nantes,12.1,0.0,ensoleillé
2023-12-18,Chamonix,8.6,0.0,nuageux
2023-12-19,Paris,23.8,0.4,nuageux
2023-12-19,Lyon,22.3,0.0,ensoleillé
2023-12-19,Marseille,24.0,0.2,nuageux
2023-12-19,Nice,20.1,0.9,ensoleillé
2023-12-19,Bordeaux,13.6,0.0,nuageux
2023-12-19,Toulouse,24.8,1.6,neige
2023-12-19,Lille,25.3,1.5,ensoleillé
2023-12-19,Strasbourg,20.7,0.0,ensoleillé
2023-12-19,Nantes,18.6,1.0,ensoleillé
2023-12-19,Chamonix,29.8,2.0,nuageux
2023-12-20,Paris,27.7,1.9,nuageux
2023-12-20,Lyon,16.4,1.2,nuageux
2023-12-20,Marseille,21.2,0.0,nuageux
2023-12-20,Nice,18.1,0.7,nuageux
2023-12-20,Bordeaux,28.0,0.0,pluie
2023-12-20,Toulouse,26.0,0.0,ensoleillé
2023-12-20,Lille,13.1,2.8,pluie
2023-12-20,Strasbourg,23.7,2.9,ensoleillé
2023-12-20,Nantes,24.0,4.1,ensoleillé
2023-12-20,Chamonix,22.8,0.8,pluie
2023-12-21,Paris,21.7,2.9,neige
2023-12-21,Lyon,16.1,0.0,ensoleillé
2023-12-21,Marseille,18.5,0.0,nuageux
2023-12-21,Nice,20.7,0.0,pluie
2023-12-21,Bordeaux,20.3,2.3,ensoleillé
2023-12-21,Toulouse,17.6,3.5,ensoleillé
2023-12-21,Lille,12.7,2.8,ensoleillé
2023-12-21,Strasbourg,23.4,0.0,pluie
2023-12-21,Nantes,33.6,0.9,pluie
2023-12-21,Chamonix,15.6,0.0,ensoleillé
2023-12-22,Paris,18.9,0.8,nuageux
2023-12-22,Lyon,20.5,0.6,ensoleillé
2023-12-22,Marseille,23.2,0.4,orage
2023-12-22,Nice,10.3,0.8,ensoleillé
2023-12-22,Bordeaux,8.2,1.5,nuageux
2023-12-22,Toulouse,15.1,1.2,pluie
2023-12-22,Lille,26.6,0.0,pluie
2023-12-22,Strasbourg,25.3,0.3,ensoleillé
2023-12-22,Nantes,28.8,0.5,nuageux
2023-12-22,Chamonix,15.8,2.0,orage
2023-12-23,Paris,17.8,0.0,pluie
2023-12-23,Lyon,17.6,0.9,nuageux
2023-12-23,Marseille,26.7,0.0,pluie
2023-12-23,Nice,20.1,1.9,nuageux
2023-12-23,Bordeaux,21.0,3.0,nuageux
2023-12-23,Toulouse,19.6,0.7,neige
2023-12-23,Lille,23.0,1.1,ensoleillé
2023-12-23,Strasbourg,18.0,1.8,nuageux
2023-12-23,Nantes,16.7,0.1,nuageux
2023-12-23,Chamonix,17.4,3.0,ensoleillé
2023-12-24,Paris,3.9,1.6,orage
2023-12-24,Lyon,20.2,0.0,pluie
2023-12-24,Marseille,21.5,1.7,nuageux
2023-12-24,Nice,22.9,0.0,nuageux
2023-12-24,Bordeaux,26.8,0.0,orage
2023-12-24,Toulouse,23.4,2.1,ensoleillé
2023-12-24,Lille,15.6,2.0,nuageux
2023-12-24,Strasbourg,18.1,0.0,pluie
2023-12-24,Nantes,25.8,0.0,ensoleillé
2023-12-24,Chamonix,15.7,0.4,ensoleillé
2023-12-25,Paris,21.4,0.9,nuageux
2023-12-25,Lyon,22.7,0.0,pluie
2023-12-25,Marseille,16.3,0.8,nuageux
2023-12-25,Nice,29.5,0.8,ensoleillé
2023-12-25,Bordeaux,25.4,1.1,neige
2023-12-25,Toulouse,17.6,0.6,orage
2023-12-25,Lille,19.2,1.9,pluie
2023-12-25,Strasbourg,26.9,1.5,ensoleillé
2023-12-25,Nantes,25.9,0.0,neige
2023-12-25,Chamonix,17.9,0.0,neige
2023-12-26,Paris,21.6,0.5,nuageux
2023-12-26,Lyon,23.6,0.0,ensoleillé
2023-12-26,Marseille,20.2,2.0,nuageux
2023-12-26,Nice,9.7,4.2,pluie
2023-12-26,Bordeaux,18.6,0.0,pluie
2023-12-26,Toulouse,20.8,1.1,ensoleillé
2023-12-26,Lille,19.6,2.5,pluie
2023-12-26,Strasbourg,23.7,1.4,pluie
2023-12-26,Nantes,22.3,0.8,pluie
2023-12-26,Chamonix,28.9,0.0,orage
2023-12-27,Paris,20.7,1.1,nuageux
2023-12-27,Lyon,24.1,0.0,ensoleillé
2023-12-27,Marseille,11.3,1.2,nuageux
2023-12-27,Nice,21.4,3.2,ensoleillé
2023-12-27,Bordeaux,13.6,2.7,ensoleillé
2023-12-27,Toulouse,31.8,0.4,nuageux
2023-12-27,Lille,13.5,0.4,neige
2023-12-27,Strasbourg,20.1,1.8,nuageux
2023-12-27,Nantes,17.0,3.3,neige
2023-12-27,Chamonix,14.4,0.0,nuageux
2023-12-28,Paris,25.5,0.0,nuageux
2023-12-28,Lyon,19.0,5.7,ensoleillé
2023-12-28,Marseille,19.9,0.0,ensoleillé
2023-12-28,Nice,19.7,0.9,ensoleillé
2023-12-28,Bordeaux,20.8,2.0,nuageux
2023-12-28,Toulouse,14.8,3.5,nuageux
2023-12-28,Lille,21.2,2.1,nuageux
2023-12-28,Strasbourg,16.9,2.9,nuageux
2023-12-28,Nantes,18.7,1.4,pluie
2023-12-28,Chamonix,15.3,0.0,pluie
2023-12-29,Paris,23.4,0.3,ensoleillé
2023-12-29,Lyon,15.7,0.0,pluie
2023-12-29,Marseille,23.5,0.1,pluie
2023-12-29,Nice,19.4,1.0,nuageux
2023-12-29,Bordeaux,10.4,0.0,ensoleillé
2023-12-29,Toulouse,21.7,0.0,ensoleillé
2023-12-29,Lille,25.3,2.5,nuageux
2023-12-29,Strasbourg,23.6,3.7,ensoleillé
2023-12-29,Nantes,19.6,2.0,pluie
2023-12-29,Chamonix,17.1,4.7,ensoleillé
2023-12-30,Paris,29.9,1.0,ensoleillé
2023-12-30,Lyon,21.9,3.0,ensoleillé
2023-12-30,Marseille,19.3,0.0,pluie
2023-12-30,Nice,24.4,1.1,nuageux
2023-12-30,Bordeaux,20.9,0.0,ensoleillé
2023-12-30,Toulouse,11.4,1.4,pluie
2023-12-30,Lille,24.5,0.7,ensoleillé
2023-12-30,Strasbourg,27.2,0.0,pluie
2023-12-30,Nantes,14.7,0.9,ensoleillé
2023-12-30,Chamonix,19.6,2.2,pluie
2023-12-31,Paris,16.1,3.1,pluie
2023-12-31,Lyon,29.8,0.9,pluie
2023-12-31,Marseille,26.2,0.0,pluie
2023-12-31,Nice,25.4,2.6,nuageux
2023-12-31,Bordeaux,24.3,1.0,ensoleillé
2023-12-31,Toulouse,5.2,0.0,pluie
2023-12-31,Lille,16.9,0.0,pluie
2023-12-31,Strasbourg,20.6,0.4,ensoleillé
2023-12-31,Nantes,15.9,0.0,nuageux
2023-12-31,Chamonix,16.4,2.7,orage
